client_id,p_cloud,p_gym,p_insurance,p_mobile,p_music,p_software,p_streaming,p_none,fold,predicted_next_recurring_merchant
C000001,0.026926864334724708,0.019077732301443218,0.07758580860964592,0.1568000471936905,0.15776095965005216,0.023846468925248165,0.34496218508788057,0.19303993389731475,0,streaming
C000005,0.03668006853634645,0.2030708680579258,0.03609787495991393,0.44318654222018783,0.03708743066485004,0.035246275985347436,0.03934617163736369,0.1692847679380648,3,mobile
C000007,0.38646806469272893,0.024802066806205104,0.02256011986414752,0.19239117554259164,0.022287403637752612,0.025814437263185983,0.023617252799227238,0.3020594793941609,3,cloud
C000009,0.06168129189151485,0.007369289485462378,0.014002347211274737,0.013978615147717244,0.040323039928343456,0.46406343716869436,0.3426663906683821,0.05591558849861088,4,software
C000012,0.019412651493990414,0.018473880983772936,0.017966516598609143,0.016780784732616415,0.017997813099992627,0.8137223818055483,0.023923634847314242,0.07172233643815598,4,software
C000014,0.32553409263869926,0.01576553536869267,0.0152821549204346,0.016144164281122222,0.09452710851879448,0.3694025374468205,0.09185345559219636,0.07149095123323992,2,software
C000015,0.01741241690433483,0.018765318339349323,0.22438688115889852,0.025187587926274096,0.01893360469014552,0.019319715454034093,0.01948063313458031,0.6565138423923833,3,none
C000016,0.025052796784929485,0.18234263419402455,0.6366074899378809,0.02548766925254697,0.025995364762081755,0.024606350070824564,0.02722564920034745,0.05268204579736428,0,insurance
C000017,0.014876492876997386,0.015830770125595812,0.004633245158795077,0.022196301069510413,0.02080111394696771,0.02288446726920821,0.17410953428299406,0.7246680752699313,0,none
C000021,0.023564735502342518,0.03550681463236795,0.03429845415860923,0.1287628702280498,0.07866613795459967,0.17044625314248985,0.4339563099743192,0.09479842440722179,4,streaming
C000022,0.10788014775860144,0.025178995964970984,0.021449988430507855,0.022000956802617794,0.08088931248199467,0.3803664657972489,0.22729340344765306,0.13494072931640524,1,software
C000024,0.018515608377861006,0.663600980874283,0.020212045100165006,0.017818121947554916,0.12407085253304145,0.05996611117976618,0.03402649285535678,0.06178978713197166,4,gym
C000025,0.5793177238450473,0.014466201154373439,0.01542866864791888,0.006662013203021679,0.0150268488200122,0.004094906834379762,0.01443506705135595,0.3505685704438908,1,cloud
C000026,0.014369347309091217,0.4506563822818549,0.18982399692180385,0.05091808928980644,0.008587881014959952,0.20239582864909988,0.011287356243581625,0.07196111828980212,3,gym
C000027,0.008321838681818688,0.12896928012553044,0.008753564784305211,0.19400009034523252,0.532127045275116,0.06935178805355308,0.009093588801887863,0.04938280393255615,0,music
C000028,0.059410405791307484,0.3068320009551301,0.012996976406163452,0.01557721796398883,0.02230128101324775,0.3352544129631746,0.01757745868958288,0.230050246217405,3,software
C000029,0.0829373434112479,0.013434795943686365,0.012775846644164968,0.04820375028998745,0.43315379677318655,0.08810720304832818,0.21213850307760546,0.1092487608117931,0,music
C000030,0.17225236820688913,0.0401110503441832,0.1604412561878888,0.03898238950768738,0.06191650233368999,0.04277656895337127,0.04524535517257006,0.4382745092937202,1,none
C000033,0.04410941074795662,0.01552007969135431,0.014044084578133801,0.016544551225456495,0.10542611619097428,0.017174670657279588,0.44860297329393106,0.33857811361491386,3,streaming
C000035,0.03770348057081943,0.34752822512037324,0.04277329900783649,0.044251101714632514,0.08835339558542059,0.04507364425351685,0.08157878734861689,0.31273806639878404,2,gym
C000038,0.02909630214516023,0.027824331636218256,0.028420836947987457,0.027187820103069627,0.027740309751178298,0.6694938173251685,0.02820498536495539,0.16203159672626222,0,software
C000039,0.040627649753862696,0.0417615553343907,0.04396744715345026,0.041243492076232284,0.04576455863037195,0.05167413266166674,0.04105073193006642,0.6939104324599589,3,none
C000040,0.5280866194858735,0.16671180019037954,0.014840446112269081,0.014163851891181703,0.014662413815594055,0.013814782540038897,0.014076904022034539,0.23364318194262862,2,cloud
C000041,0.006392024023254622,0.006690630642978318,0.8592654872604772,0.006323094218346918,0.05671085512284462,0.006391889378152039,0.016989395329604497,0.04123662402434166,4,insurance
C000043,0.007499114995654903,0.007066158929275639,0.010595326390572951,0.006828713088571834,0.036261812778881485,0.04009028979629886,0.02375060157986752,0.8679079824408767,2,none
C000044,0.04305771901680071,0.044497647446810326,0.04686423474356839,0.050606882104830345,0.2589325834438382,0.05126169196417181,0.1988686218590407,0.3059106194209395,1,none
C000047,0.01918397687188582,0.5434567489475606,0.017672199168164038,0.020291322259377284,0.20558589278708417,0.023474235410180264,0.061890955943711495,0.1084446686120363,4,gym
C000053,0.015226581977906049,0.6427588751954876,0.03552067240866581,0.03478040816313882,0.036417460119394576,0.03549497939949923,0.03528234006228066,0.1645186826736272,2,gym
C000055,0.039812089136076007,0.04096542302430352,0.0402988703562244,0.039863174493051455,0.04040479426321457,0.5075971628833293,0.04390154496315603,0.24715694088064483,0,software
C000060,0.02872550964601392,0.029995551884570704,0.6900371374969125,0.028928665322355437,0.03063274100887667,0.030712777171978164,0.0334121881345169,0.12755542933477565,1,insurance
C000062,0.11935342747491795,0.009427716539476681,0.008909006444479783,0.029979662496966722,0.010440818344958826,0.008238172825656313,0.00983495060734143,0.8038162452662023,4,none
C000063,0.03313423155526062,0.03047320162381178,0.6595986262646197,0.034092238418708,0.03306702039226958,0.030851319465364818,0.03154537788989565,0.14723798439006974,2,insurance
C000064,0.034851160406816246,0.03816610537393709,0.15364778143637653,0.08314399002535366,0.03307696783070857,0.5065283286017335,0.03592556328273934,0.11466010304233512,0,software
C000066,0.1483486745844877,0.05979802367108005,0.060608954216392535,0.06126422871802617,0.20617254021041115,0.06398797979629985,0.20934445707119728,0.19047514173210525,0,streaming
C000069,0.032377082570955354,0.01403345222421686,0.09349830575157143,0.052180641721069426,0.0235145150167668,0.016413132539948097,0.010826267993432687,0.7571566021820393,4,none
C000072,0.012604716009595894,0.012467483127776522,0.01151675509894055,0.22188675258670387,0.031274976144534734,0.5715413103939615,0.0878363856996971,0.05087162093878997,2,software
C000073,0.009327005415272555,0.009836718610750004,0.017380149760194318,0.011361015507596774,0.21938945282864658,0.009869374999900161,0.056114841966205684,0.6667214409114339,2,none
C000077,0.15056120149373547,0.010111364010454515,0.011446813150206092,0.009132497416459832,0.014728973103252819,0.014173270135348,0.014643205785458056,0.7752026749050852,4,none
C000078,0.014254291162346226,0.014346470558430975,0.37303116814196513,0.013011760303869021,0.2648582778571997,0.013465133693738966,0.24299615883843517,0.06403673944401479,3,insurance
C000079,0.012863069496656136,0.5205430366885926,0.01067566121596903,0.17051042210994538,0.018432766057413136,0.21003861026682374,0.006243749557025379,0.05069268460757461,2,gym
C000080,0.07251389007583002,0.02738792576756688,0.03568698487808549,0.02501006565786357,0.03518757408749029,0.05352793354506301,0.03240002576847743,0.7182856002196234,4,none
C000084,0.01474734861594777,0.01577115114739107,0.05700182949891425,0.02633112537222457,0.016088315748038973,0.01599262529754034,0.01648436292290862,0.8375832413970343,2,none
C000085,0.02253335208955707,0.021286786652623912,0.7256648093392484,0.019918309516094017,0.02106988090934613,0.020466664953079184,0.03466366654302899,0.13439652999702226,1,insurance
C000088,0.11597628625053216,0.04885569513400992,0.6450679770608023,0.02999583977235793,0.01863854864031788,0.018041803322887344,0.022349813783452813,0.10107403603563955,4,insurance
C000093,0.08750011968767812,0.00728210679802256,0.061018878582427036,0.006318733931241595,0.012505572355110734,0.010975795410318536,0.009412695445452634,0.8049860977897488,3,none
C000094,0.6827638460723912,0.02555562566632255,0.06301718407950715,0.024115136061330998,0.020170531159017548,0.02432743186997116,0.01965588399243103,0.14039436109902853,3,cloud
C000095,0.05179783380791092,0.009804432575853346,0.00937750479912159,0.7643606499533533,0.03784864657724198,0.04996778661179592,0.03755759944894463,0.039285546225778144,0,mobile
C000100,0.034090123066272,0.5666874780350036,0.12700429209257103,0.03334688088282438,0.03357461860432752,0.03343926755212245,0.03279646377119982,0.1390608759956792,0,gym
C000101,0.01476656316367587,0.01275557379065802,0.011411162713110615,0.012154419350865382,0.026270131203376818,0.011817860888846564,0.030048946172948426,0.8807753427165183,2,none
C000102,0.03739353068780146,0.44879754534170874,0.034206070672989246,0.03349434312986993,0.07044487577244656,0.23036384323611153,0.033840676501065,0.11145911465800756,1,gym
C000103,0.018509608286854985,0.018833281049216034,0.3153187668589899,0.01823000703830282,0.20904388285434555,0.12629085195513165,0.21263944370849672,0.08113415824866226,3,insurance
C000104,0.016330852535479463,0.01638784284900705,0.29033670058832695,0.01592011672063639,0.36019547660318496,0.030429809900270555,0.14396801137130355,0.12643118943179107,2,music
C000105,0.005668571662635232,0.13505494193505746,0.06293173032932703,0.005619609807239153,0.06857959038487149,0.006494203597459627,0.6754854604797961,0.040165891803613886,2,streaming
C000106,0.029948405454905,0.027853832520957973,0.027587811504501535,0.026425770161058675,0.05927448472164541,0.026292965093597548,0.6860317459732603,0.11658498457007362,4,streaming
C000109,0.47496217018038495,0.014982014572361098,0.015298011454485902,0.014192162300524211,0.0147637614772358,0.3805732001916595,0.015575922528626062,0.06965275729472246,1,cloud
C000110,0.01411494508304276,0.18513098728840083,0.40184070128186705,0.15768414857204138,0.04617202132960941,0.0739435434972501,0.03989550411180115,0.08121814883598738,2,insurance
C000111,0.03535249296507233,0.03778456227356937,0.5269874039207302,0.036250595826772564,0.03740550485231492,0.03779609604566999,0.03716162243067734,0.2512617216851933,3,insurance
C000113,0.03882867148262492,0.03785229859932196,0.038087608654908414,0.47643243030243126,0.06596099080384761,0.06003058543232452,0.05397515028585845,0.22883226443868288,0,mobile
C000115,0.060180326573808986,0.02504220130557316,0.02490058976917971,0.02504641247452168,0.08170967689589098,0.24161437175485165,0.10601233850526251,0.4354940827209113,1,none
C000116,0.12030239776932876,0.010308671685496838,0.730815323102995,0.011029407159360228,0.025957605501147667,0.008203764373837765,0.05419876951701816,0.039184060890815615,1,insurance
C000117,0.02071876986183094,0.4092068715816706,0.019376969510218812,0.01831956724129257,0.020230366943720476,0.019223336723393623,0.019762909058497084,0.473161209079376,2,none
C000119,0.02403682683987457,0.020997476368346313,0.02158672054141165,0.02032579895054612,0.11135453497456288,0.02314746547942706,0.6583017525406464,0.12024942430518512,4,streaming
C000120,0.02153284862373194,0.714696182657736,0.020436183314156094,0.019696000577887694,0.03871033170285719,0.020428417198873512,0.040948999878543946,0.12355103604621355,2,gym
C000122,0.6282035923896558,0.02579260632097394,0.02528843374433197,0.048817579270249614,0.026349072247973046,0.01775793925389728,0.026832387836696968,0.20095838893622128,2,cloud
C000127,0.017436379085594166,0.03931181524007077,0.019772550124005122,0.019316069726292778,0.01937819171980572,0.03692611747428615,0.02947712385910707,0.8183817527708381,2,none
C000128,0.04156926896072573,0.027146559736148813,0.044091669329082574,0.049110031153538486,0.5268802411621325,0.035867069500419395,0.10861467519649329,0.1667204849614592,1,music
C000129,0.20198067673763748,0.01652294504719109,0.015122383609043073,0.015971721727716607,0.012995001087121733,0.6491596583801913,0.02245318337633621,0.06579443003476255,3,software
C000130,0.015233192580504993,0.018519553845427875,0.011742596932553893,0.020118397789590913,0.2560561522243933,0.01429557675580155,0.014257071013786203,0.6497774588579412,3,none
C000132,0.01292185034655826,0.012934678156220368,0.012302819450502659,0.3760971168974472,0.16149308733958617,0.3237671359108416,0.056410877859607536,0.044072434039236254,3,mobile
C000134,0.016368249477513905,0.018246497529048045,0.3172227257694211,0.020136574972243765,0.13076794817715254,0.01792499153407646,0.12292014383382452,0.3564128687067197,4,none
C000135,0.17175661070130915,0.017235092284820078,0.01663972836394391,0.020011155613304094,0.007210174342724528,0.017195077825037514,0.0101189289157292,0.7398332319531314,1,none
C000136,0.017905147610711016,0.03096356937680487,0.17693324262482285,0.024431640301542816,0.07000154415177397,0.0202533004931422,0.10574944257601715,0.5537621128651851,3,none
C000137,0.05618810177505931,0.022152070245298923,0.0225122578098882,0.02012853935789895,0.07118509836215452,0.020367081263172254,0.22945632866531768,0.5580105225212102,1,none
C000140,0.06047331020721379,0.12852810955357583,0.06000194938149937,0.06346367660398836,0.05993562399367377,0.06476347520058687,0.17352921597881094,0.38930463908065105,2,none
C000142,0.1433236608400721,0.0143319560585594,0.010593638073501789,0.5943458260464566,0.010400201507606174,0.011921541908594775,0.1470855835413542,0.06799759202385507,3,mobile
C000144,0.027275963501065557,0.03026095953141051,0.029499112276456015,0.028039527675638005,0.028796376719938593,0.6755915645833298,0.06026248631757445,0.1202740093945871,3,software
C000148,0.11052902729447811,0.059180967309565166,0.015401029027387932,0.10196395321161976,0.11561067407484732,0.01463486222224505,0.5249777870027492,0.057701699857107484,3,streaming
C000149,0.033462777447505455,0.033967286816719344,0.03257484032659662,0.034512493280418534,0.13394145690543774,0.0347084371542553,0.5050465236121273,0.19178618445693968,3,streaming
C000150,0.03194394694427478,0.031501338441727415,0.02981148366443321,0.032589819886429026,0.0798396260487845,0.5824484710700236,0.0771198083776021,0.1347455055667253,4,software
C000152,0.631719010821581,0.029352493593587683,0.02764844017093586,0.026644530846991622,0.038694794797777765,0.02326552163193829,0.05124695093097982,0.1714282572062079,3,cloud
C000153,0.01683885466536149,0.0184318437826586,0.021585380807893562,0.7951173560440881,0.01681508074043761,0.016844435815509817,0.016962928288717285,0.09740411985533362,0,mobile
C000155,0.013849484116684513,0.014903877401780721,0.0162618524781855,0.016142672835683665,0.017152982292816917,0.012525410730317385,0.020861972140382608,0.8883017480041486,3,none
C000157,0.0553054158713064,0.05257367154257234,0.05492368397083265,0.05571269770076649,0.058953816778418475,0.05768765218858812,0.0557988339754788,0.6090442279720367,0,none
C000159,0.017498660203358822,0.017970501747072383,0.6684177805581805,0.06391260570516348,0.016571353275741954,0.009421184201161075,0.05211434769235772,0.15409356661696413,0,insurance
C000160,0.04893894489000652,0.048385304718498494,0.05160362403866045,0.05009192306651438,0.0557463278709671,0.05418383198303375,0.056759113105523534,0.6342909303267958,1,none
C000162,0.05886009082211567,0.026542962259585537,0.07174410610466131,0.04169434520470611,0.07215183430002393,0.21433768404110284,0.35623949027963486,0.1584294869881696,3,streaming
C000164,0.1846842501435115,0.01726328176224094,0.30843529354653043,0.01838640829335086,0.30751105079015884,0.028327496495570183,0.07338856421296427,0.062003654755673064,0,insurance
C000168,0.05106415022825755,0.20454089602769931,0.012068784532116966,0.02543158284355685,0.028699096422105205,0.10493567540553445,0.04342267280491659,0.5298371417358131,2,none
C000169,0.016127349489067053,0.030483782652214977,0.016077485725001176,0.2847053328067643,0.06036800314408047,0.01281041040234257,0.20674241780190217,0.37268521797862725,0,none
C000171,0.018844081168292913,0.018054575868335348,0.018364990847594513,0.012628962495868151,0.04093582381197746,0.050166386209835497,0.7372855329054144,0.10371964669268173,1,streaming
C000172,0.0409364427973575,0.0409219864087931,0.0440657545473089,0.041108987389414105,0.04343917454935432,0.04477417527930828,0.04219460769440089,0.7025588713340629,2,none
C000173,0.09307520041879817,0.014164574682446867,0.09054397065263542,0.6541254887230321,0.013368710336613063,0.013596815032581875,0.014554137538030532,0.10657110261586195,1,mobile
C000174,0.06575391335239922,0.06607074040693525,0.06961841358071644,0.0666981041438772,0.12183824150661643,0.07174746395557702,0.15672380173363945,0.38154932132023905,2,none
C000175,0.019329439251967624,0.022998580717893003,0.1688280654231339,0.021749004071691468,0.5740035906919593,0.030518032527231835,0.033803251472136,0.12877003584398683,1,music
C000177,0.009134597037431174,0.015952031313753424,0.11772920201645205,0.3622173508449326,0.08682748709397257,0.01706458602045871,0.22308937277452767,0.16798537289847182,1,mobile
C000179,0.02230196987496979,0.2223203055000428,0.019529629883285955,0.01980766388632235,0.4539468746423306,0.018699940718764907,0.13005536499723497,0.11333825049704856,3,music
C000181,0.021489479928385558,0.06774136172323553,0.021220215469279782,0.02291890973913913,0.6194323812502636,0.012365219891497775,0.08297014174525134,0.15186229025294737,2,music
C000183,0.030210627531493707,0.16735274945308454,0.03325148731640634,0.41593168765432786,0.030733777586466664,0.030703255966848322,0.030484284345098724,0.26133213014627377,0,mobile
C000185,0.2915237245921317,0.5165166443081537,0.016521349341657582,0.01620396366629444,0.01787069801678778,0.01712225448955939,0.017341209852111523,0.10690015573330404,2,gym
C000187,0.012907971622106523,0.011621976992623663,0.48951235588211994,0.010915929687058488,0.38444727308295584,0.01124038479552331,0.041120216968790216,0.03823389096882209,1,insurance
C000189,0.02092120270741011,0.017461806070010657,0.01662421723566752,0.01681317747427063,0.024762641895801137,0.7371015187230794,0.041015041856152394,0.12530039403760812,3,software
C000190,0.4390523910436105,0.03237031412940386,0.033281328628750606,0.034109624887366,0.03484748967949207,0.03365939564208383,0.06987305435965563,0.3228064016296376,1,cloud
C000191,0.014094067715536226,0.013995610580335702,0.013978516877318062,0.01445656320202977,0.26341684084152883,0.014635905688824212,0.5922547017921227,0.07316779330230454,4,streaming
C000192,0.01400187660485136,0.40857926313761184,0.10452627865713149,0.013409104298922968,0.025331152726207947,0.24071697446920712,0.014222505596947939,0.17921284450911937,1,gym
C000196,0.2489722940682889,0.02374401498942872,0.025327214851976896,0.039289941578320824,0.05128884906373806,0.023985385488436862,0.05137024148902708,0.5360220584707827,0,none
C000197,0.03140710377620183,0.03137411554434654,0.029222445666186724,0.02990262514957035,0.4464292881062485,0.11285348600114019,0.12280479002949143,0.19600614572681446,3,music
C000198,0.027971250823906453,0.025815513271778494,0.02636017544198592,0.016692828391747544,0.10066527317304672,0.014615676410161527,0.2766309936778086,0.5112482888095647,4,none
C000201,0.03141589974574169,0.695057768662362,0.031080462750078034,0.03725399951783283,0.03814218207637478,0.03306040611281591,0.03298316302742386,0.10100611810737076,3,gym
C000202,0.2436347690975757,0.3517724933995858,0.015147178798950306,0.024350034498284042,0.028372776540848292,0.19222806789697577,0.07584815346099372,0.06864652630678642,0,gym
C000203,0.020671370793490268,0.3900260185206739,0.027612024654081677,0.019920338778307498,0.020740887623743456,0.43289696470065514,0.02009731728466209,0.06803507764438592,2,software
C000205,0.05250705861101158,0.010794031853079129,0.010308203590993952,0.03585205323162238,0.01165862684347595,0.01805342419908967,0.011235121920467182,0.8495914797502602,0,none
C000206,0.10043684477876393,0.007865442854357346,0.010528631298869521,0.04554033826147241,0.3559390685865488,0.12019258150250195,0.020927880868313736,0.3385692118491723,0,music
C000207,0.6637637193390792,0.12897595648048332,0.014307666457001591,0.08329150692246517,0.013992900743311146,0.013665933804222445,0.01190716585101213,0.07009515040242502,2,cloud
C000210,0.24888276561871792,0.052301999429157045,0.13047016438130923,0.26657876623653515,0.026915634333178385,0.026678038309465982,0.028573754423122807,0.21959887726851351,0,mobile
C000212,0.3709336378636864,0.24646414279803372,0.07462606520848829,0.1419012399070526,0.009279700791555476,0.014805464522222561,0.009374831080274258,0.1326149178286867,0,cloud
C000214,0.03221756450770194,0.014728064907453197,0.015094615785727293,0.07569929155898937,0.015188635817774536,0.03629483493776252,0.014875730321861503,0.7959012621627296,2,none
C000218,0.014792040408191648,0.02787187585746187,0.2796803090211517,0.007781545092414372,0.03952010903369155,0.014072121774177136,0.4688118431972487,0.147470155615663,0,streaming
C000219,0.1004752963170262,0.42282552474961055,0.010269248473834813,0.01096072280036228,0.33157564487918223,0.010164991193423518,0.05770514479416651,0.056023426792393874,4,gym
C000222,0.021317025898136586,0.02014875509863821,0.021173053640014983,0.007697847301230223,0.01745534136825635,0.012054226276420235,0.01316541133919297,0.8869883390781105,1,none
C000223,0.7034134253841502,0.015034561876940354,0.014103197938126595,0.026288968975697956,0.06993953300206386,0.015453025146361255,0.05061315753365447,0.10515413014300522,4,cloud
C000226,0.014042483217574037,0.027601189689574653,0.81197498221081,0.013682489405438585,0.014589617316825846,0.013907651318894609,0.013696947887913542,0.09050463895296887,3,insurance
C000228,0.010684435844560433,0.128184740251476,0.450304149565841,0.011013560251318652,0.29534068200969266,0.009279804167072954,0.023859209597661787,0.07133341831237651,4,insurance
C000230,0.027566310215559896,0.11436306294876886,0.26866381461730887,0.0307183524323955,0.027738928340753602,0.02742443236235614,0.02712874170422772,0.47639635737862945,2,none
C000233,0.011970251180364953,0.013138528999417661,0.08793734125283832,0.012125198031148945,0.6899274636762034,0.01202576336793864,0.1114962291502532,0.061379224341834834,1,music
C000234,0.1825281573324205,0.012690843977925565,0.013067060585191713,0.03865250249890201,0.6657506289252165,0.011977873552370042,0.032125323912746195,0.04320760921522753,0,music
C000235,0.02673776882096882,0.026090312428330452,0.02607672314276208,0.6212546826842432,0.02667799056839955,0.026026846204001648,0.026079582446815967,0.22105609370447826,2,mobile
C000236,0.018242838609394765,0.017991819487925456,0.01867138355872445,0.5870125712092872,0.01912601479113673,0.017078074082620645,0.19067969504499802,0.1311976032159128,1,mobile
C000237,0.6959173591654586,0.013023127085041691,0.012901778036924756,0.014020227492329148,0.15841558095365157,0.01060632441447508,0.022300377912532025,0.07281522493958704,0,cloud
C000238,0.021509389795368414,0.37152958455205287,0.02171037534809965,0.17024112199599287,0.24504213607269654,0.06016444175573833,0.034491791473320384,0.07531115900673101,0,gym
C000239,0.020531258669868057,0.022045931931026594,0.0214212414466015,0.020759083227811205,0.08184950914546904,0.5563720400407959,0.19667901800938278,0.08034191752904489,0,software
C000240,0.04339167362568331,0.4991663642416838,0.04462180444800941,0.04361734204999683,0.013604588325102845,0.03681832706066452,0.029918748521836916,0.28886115172702237,2,gym
C000242,0.012169185358608354,0.09435345957605415,0.011790887695202198,0.33345479420696433,0.018458665797276702,0.25260805431805283,0.10669250910547495,0.17047244394236657,2,mobile
C000245,0.029355116345004924,0.012291792939065406,0.011896434936755854,0.01056627387163789,0.036358038614446614,0.024468115766445888,0.14532730138441766,0.7297369261422257,1,none
C000246,0.8121490252526049,0.017596635805492172,0.017327536365593883,0.016942026646648595,0.028119300862287085,0.017629723297478497,0.028560866734219516,0.061674885035675295,2,cloud
C000248,0.0874610852808703,0.01988218376923974,0.684282117565481,0.03485718146574593,0.017566018997354587,0.016849090738191533,0.017461803132145008,0.12164051905097213,3,insurance
C000249,0.034254106914424334,0.042502519869422245,0.0458016674379391,0.044188986659140596,0.04744803765002738,0.04393875758937676,0.04362623080855797,0.6982396930711117,0,none
C000250,0.3015763460018081,0.013811957464560393,0.012970866827499612,0.013348839053944038,0.06703174337337199,0.4222082540572253,0.0636423270846041,0.10540966613698646,3,software
C000252,0.0426573645531374,0.02972197392331488,0.014417467992593774,0.009628632089410224,0.009353492093231221,0.23819481339619525,0.015857089416486992,0.6401691665356303,1,none
C000254,0.044177509287047265,0.044850099521022466,0.4169442196586123,0.0484180500110488,0.04798380433907838,0.04895982518706275,0.051346783717016856,0.2973197082791112,0,insurance
C000257,0.3017957925984331,0.03189379505928875,0.03054047517989929,0.034673852013763516,0.3733175069309834,0.029477251137454565,0.102834152338236,0.0954671747419413,3,music
C000259,0.02374242521403738,0.01632304625596326,0.12725057070269088,0.017279043285791343,0.6645023402840085,0.0157088492815556,0.04656600759946702,0.08862771737648609,4,music
C000261,0.015142728053865441,0.01494451384253808,0.014571763110259664,0.015038592644336435,0.028303597555508164,0.05563966131532209,0.04503543834691171,0.8113237051312585,2,none
C000262,0.014568812225935798,0.01436960768488142,0.014405216404515135,0.11352739351623378,0.014661484171540016,0.014159111804066093,0.6902782804536303,0.12403009373919746,0,streaming
C000263,0.5991965859704111,0.16299182127371065,0.016300502204348997,0.018368102440967083,0.04648053489855167,0.013223042333831581,0.016888013777319286,0.12655139710085944,3,cloud
C000264,0.013988579907170505,0.09183154984517894,0.013808779171333746,0.035439290362795715,0.28938664747650994,0.03026543279000785,0.059931170304050374,0.46534855014295295,2,none
C000265,0.024505721204464502,0.02360466334495495,0.022365082669249196,0.025499815221423777,0.02492271645113698,0.6888895889245674,0.025658569841462853,0.16455384234274026,3,software
C000270,0.03909032442766143,0.040706965326869446,0.04192412574223345,0.040770412919109655,0.2501917366537035,0.04372161971893324,0.048425873216232526,0.49516894199525685,4,none
C000271,0.020047651173955842,0.6504064524115886,0.1736847678242515,0.01987665311248458,0.011842773607837627,0.013641483410272638,0.011001904129768043,0.09949831432984131,0,gym
C000272,0.01964612356315,0.5567984169895273,0.01681967475834882,0.22319145908282784,0.01062563639199727,0.013829293656393456,0.010838650101512474,0.14825074545624284,4,gym
C000274,0.01292515466977486,0.019273504348557544,0.031952882660916934,0.11340585135437577,0.02128625389373752,0.16270797038935636,0.02032506853322372,0.6181233141500574,0,none
C000275,0.03908107822736178,0.039398744448660185,0.07820301324607769,0.2888009951924451,0.03925681000962301,0.037246966624470926,0.03864519882913976,0.4393671934222216,3,none
C000276,0.008829024794906331,0.011323308193007782,0.011098021908085311,0.7461360668646201,0.01151066204315318,0.13070412829269232,0.011854134517173329,0.06854465338636154,1,mobile
C000281,0.010301387957291868,0.44463694919545826,0.45679259999867117,0.009116551366885287,0.009355667288575696,0.007169094665744778,0.008557833582775998,0.054069915944596904,0,insurance
C000283,0.018035462073833275,0.01955548997739616,0.022003579593395033,0.018832287245920846,0.03773536082670463,0.021883358149855307,0.6451110158470437,0.216843446285851,1,streaming
C000284,0.02416607316838746,0.023798672250895603,0.024780842964333822,0.5423908467842382,0.02487887959506626,0.1645554308404904,0.026245187292715265,0.16918406710387288,1,mobile
C000285,0.011890896119492933,0.010223609834722515,0.009006934442845057,0.018592486729962155,0.026715613616842,0.014664655814133381,0.025117790806260434,0.8837880126357416,2,none
C000286,0.008419483503739597,0.012613578743520992,0.0173190190798053,0.23382716450164087,0.6146029591936788,0.010965535256773858,0.061290654609159,0.0409616051116815,3,music
C000290,0.026346199595150686,0.028157301341720332,0.025475919236276942,0.6347338241842551,0.025764717736301873,0.02549983688806485,0.027986571001655407,0.20603563001657477,3,mobile
C000292,0.43849752453841395,0.02223818474236768,0.03098213327567015,0.02861737181330367,0.030531115346099532,0.07621955531541524,0.034394653256495655,0.3385194617122341,4,cloud
C000295,0.038809784585486035,0.1721615753249819,0.024773312055223158,0.0394530271623491,0.039150613269399906,0.03811445209221739,0.038272369942260284,0.6092648655680823,1,none
C000296,0.047877006751709875,0.2660382721521026,0.051835172037078894,0.058213226422907174,0.051581046930201074,0.051950936996772834,0.06036059748286589,0.41214374122636166,4,none
C000297,0.05630865242190626,0.05806830300890055,0.12663006401485227,0.055221421623883826,0.21547574604822808,0.05540365108679836,0.051106341437118605,0.3817858203583121,1,none
C000302,0.07331942111169214,0.07405195038538721,0.07794410867915902,0.07514212418838848,0.07837672484711183,0.1424466681723564,0.07710864221931127,0.4016103603965937,2,none
C000306,0.4114903976711818,0.024901866053442606,0.02432799329114447,0.35003384346930944,0.02493987485914806,0.024600833483935602,0.02681019224320362,0.11289499892863443,0,cloud
C000310,0.0628179444575809,0.017971197209692258,0.017579081473143444,0.05999527916534924,0.008927300721754199,0.009325785837580867,0.009715145901600431,0.8136682652332987,0,none
C000311,0.1278957985256619,0.04444594710754591,0.042834434773363794,0.04403933298646688,0.050529780258092086,0.045162935092357415,0.04495638091832164,0.6001353903381903,2,none
C000313,0.02643306322297466,0.026445625184320136,0.025143303138018568,0.02636874648023518,0.22198830752285328,0.0408452262737344,0.48405121497759906,0.14872451320026475,3,streaming
C000319,0.5640257724503721,0.09949170904896437,0.019008159489666825,0.09475646608361712,0.018024285531654572,0.013054388935684048,0.01824748357311528,0.17339173488692566,1,cloud
C000322,0.024081202608508635,0.019998562368464,0.017099085859191867,0.024118199130021736,0.6838980318683718,0.0178549142457326,0.14091591044992666,0.07203409346978268,3,music
C000323,0.07699897725782613,0.006026189159406121,0.842322870828563,0.024274545945519324,0.005357279455340797,0.005346766532227947,0.005507030039646428,0.03416634078147011,0,insurance
C000324,0.013483817110016231,0.01711524724389027,0.028602578535038753,0.06034900483477094,0.02057160446944209,0.007080006791668973,0.020519520002691388,0.8322782210124815,4,none
C000326,0.03296827567440926,0.030815465249403446,0.03474599471118135,0.033339587566017403,0.579967046100407,0.05584173110434443,0.05819966799071265,0.17412223160352458,1,music
C000330,0.1080385615034733,0.43638621400579225,0.301392310685923,0.010705817555120447,0.009061192976778485,0.019396349768415803,0.06635293974277989,0.04866661376171684,0,gym
C000332,0.014469309129899428,0.014895822267829489,0.014986958534858041,0.18201593291530277,0.014282791464334449,0.034278375217137134,0.013315038280841567,0.7117557721897971,1,none
C000336,0.02063825441504383,0.0204913081976119,0.09892055657762919,0.06841231789198711,0.19543841801365464,0.02399374777096041,0.4856589114105745,0.08644648572253838,3,streaming
C000338,0.25690143747622385,0.007648591460559536,0.007565030054237974,0.010147814113129164,0.061880680731115106,0.023102448304996474,0.06335714103774541,0.5693968568219925,2,none
C000339,0.020630226733498562,0.01865522199036844,0.019082623607901566,0.019103789604452998,0.02151254012807833,0.6539874851544973,0.02014697143359706,0.22688114134760584,0,software
C000342,0.025133035836172178,0.02464841843769617,0.023796772859443656,0.04242659847578007,0.05298851276776045,0.6540566603289457,0.01502233083336563,0.1619276704608362,2,software
C000343,0.5863231126811328,0.22786694123092183,0.01707125013313341,0.011094865706803299,0.01646123557558491,0.016094894027022546,0.015978635989800066,0.10910906465560102,3,cloud
C000348,0.38801958177439166,0.02550608064404398,0.38085427449615805,0.02833755525399304,0.026792082532397607,0.024498618931773915,0.02613867131040907,0.09985313505683283,3,cloud
C000350,0.10108755306366327,0.02088558216817029,0.020979746154217747,0.019444756655559108,0.2935910825543869,0.36218678181632974,0.05874799100350604,0.12307650658416697,1,software
C000351,0.02454632869421519,0.019077211474372097,0.019809336187394173,0.018447077140651153,0.02055237905821965,0.7903400866308838,0.02014753710766543,0.08708004370659851,1,software
C000352,0.019569905100811524,0.019841159434880837,0.016424811896915553,0.01869069347437579,0.13809711573206646,0.030901636627917846,0.6404015784378772,0.11607309929515483,1,streaming
C000353,0.018935733482195953,0.02094343996563642,0.026884775404992192,0.2606396037040492,0.0577852940289568,0.032289703916178907,0.021847756184393455,0.5606736933135971,2,none
C000356,0.014618282509057227,0.014716701613972915,0.32908356594001714,0.49750080514625117,0.024916482457747836,0.01569099763182847,0.024996653761998056,0.07847651093912711,2,mobile
C000358,0.42077648180792865,0.06776984329340113,0.06732641583946368,0.06586942373405708,0.022644959156834135,0.06336089482773204,0.024613423184273012,0.26763855815631016,3,cloud
C000361,0.18899303856795813,0.015923772369527963,0.06251424224221219,0.015994413132500808,0.006834375104835404,0.5256891270024556,0.015906631764815108,0.16814439981569484,3,software
C000363,0.025086056725328803,0.01840783729981683,0.017395530998660636,0.29968478669205123,0.01724342045897862,0.4745835314671293,0.017176791107103836,0.13042204525093076,2,software
C000364,0.03837059646506929,0.036625797117588434,0.49788431878150013,0.05098691162292772,0.036056894155973365,0.03497568151438918,0.03636107634777133,0.2687387239947806,0,insurance
C000369,0.025669179771563348,0.04911431816662032,0.13100204123149356,0.029218723027650755,0.027141439118880853,0.026547123600443045,0.02889301182417045,0.6824141632591777,2,none
C000372,0.016885054742450913,0.019381367740674452,0.018953729162547225,0.018113672825210238,0.01963592276686746,0.020130222338277465,0.282332180632491,0.6045678497914813,3,none
C000375,0.029098496672605705,0.02379769317716756,0.024432897269124083,0.024734113245823836,0.025015520924771585,0.6527684936993452,0.02518071214071985,0.19497207287044208,2,software
C000376,0.02989853184710525,0.050259914613462964,0.04119657558009775,0.3017881612870853,0.02845494868570598,0.10620066522078153,0.02905012129875629,0.4131510814670049,0,none
C000381,0.014664584844692652,0.028835261002120423,0.027540087670455585,0.5404517426770883,0.012839362453647502,0.061863619956901386,0.03186725064054349,0.2819380907545507,4,mobile
C000382,0.01620917312634744,0.026725945557316236,0.015783261826771373,0.5687489379021053,0.13287324185921148,0.14275289865535454,0.019438716366994038,0.07746782470589952,1,mobile
C000387,0.023589651547797335,0.01712286117793967,0.043972210434599326,0.01469277751848545,0.00877792382947443,0.016030190125548925,0.06931956773490469,0.8064948176312502,1,none
C000388,0.017939894994287064,0.03297929218492061,0.018266775034229854,0.021461368013117627,0.057820817644559014,0.018090289723433423,0.060611772779643615,0.7728297896258087,2,none
C000389,0.0306642871102401,0.033969832688421665,0.03454741733208379,0.032615988338945745,0.14400110275717473,0.03663583992605237,0.2048261743950332,0.48273935745204843,4,none
C000390,0.016357466290515595,0.01799750715196774,0.01824763063968584,0.017219815551732652,0.28908316758904173,0.018280044125387706,0.5353459324445773,0.0874684362070914,2,streaming
C000392,0.031668803660096605,0.034708655632995994,0.03128820269207596,0.03254044781555307,0.059713792621482575,0.03555808868165817,0.5935675624982004,0.18095444639793723,3,streaming
C000394,0.08054791968962231,0.026296186147501018,0.02692481068110756,0.025265155015766337,0.05769018541680804,0.03212683506838289,0.055925515397777376,0.6952233925830344,4,none
C000400,0.02053428145793678,0.012250688793645043,0.011740717651679897,0.027711720309512657,0.010556270120319669,0.024168191967247492,0.010712764933142726,0.8823253647665158,3,none
C000401,0.2127608514415396,0.025874246991062173,0.025873769843624314,0.025162264813836675,0.0256306227551523,0.026959896364327975,0.025735081236291715,0.6320032665541653,0,none
C000403,0.033815092854479714,0.03549873027662711,0.5516660641155097,0.034392325874905094,0.034734953105510016,0.17506971178689812,0.035651040818316174,0.09917208116775414,2,insurance
C000406,0.022141137718527836,0.024022524367056524,0.023391038636852844,0.10885067321711786,0.09210220862972104,0.015125202975578102,0.6228830038225754,0.09148421063257042,1,streaming
C000407,0.010965368990579061,0.4240454380536376,0.012669577217500217,0.014115174855776763,0.06260008745938907,0.012747720071366264,0.38257516917680945,0.0802814641749416,0,gym
C000408,0.024098192301831012,0.025153222760651104,0.16531991114146216,0.05488331719501169,0.02772827979901016,0.029635985630476234,0.028337270654536017,0.6448438205170216,1,none
C000410,0.03812117234048181,0.4599442921378786,0.09521383653968987,0.07352609685444986,0.16602047200311806,0.009148737606806987,0.014955123121342392,0.14307026939623238,1,gym
C000414,0.0268210342123855,0.02833729764909582,0.02677818895315221,0.13629904463133494,0.030476934517693222,0.06050805724304916,0.047900297004916055,0.6428791457883731,3,none
C000417,0.017600686875061746,0.01788872486574418,0.018395307415873946,0.23565013182094519,0.05132654947471467,0.0193013459831651,0.5265123857737388,0.11332486779075643,0,streaming
C000418,0.11776281066073097,0.03769652700543441,0.031338932503780975,0.031124542587203742,0.045536833404030745,0.36037035208523827,0.05057124395580357,0.32559875779777747,4,software
C000420,0.015422173150080773,0.3993459045042498,0.02959357940922884,0.016251876201841344,0.10347561353851828,0.1594034165129593,0.1902737521145464,0.08623368456857525,1,gym
C000422,0.02081501750691106,0.020234581698196082,0.02407675653456847,0.020702861903289297,0.03763166840081382,0.02457995985655026,0.021991954137404474,0.8299671999622665,1,none
C000424,0.015995268894355652,0.41162674373771385,0.015049306052286538,0.01576736854786482,0.015890204039048277,0.4436462028560821,0.015930816582124536,0.0660940892905243,0,software
C000425,0.033175926929375904,0.035716757802104246,0.03517751217977411,0.04215980211214887,0.14116651729415228,0.034161528022457366,0.5365227884288666,0.14191916723112058,3,streaming
C000426,0.03032789296961469,0.6813196132615067,0.016313113888762124,0.014734514125983162,0.01537624879672556,0.014894768429650429,0.015435083151345404,0.2115987653764118,1,gym
C000427,0.017132673786764183,0.01278775764330598,0.010585044918237882,0.010972700684479414,0.02003314954954755,0.07283580859333226,0.1871860068401285,0.6684668579842041,3,none
C000428,0.05971645021911594,0.034140742528389,0.03423555319497833,0.03393859058583251,0.03602518328948753,0.05999371687314111,0.025835711048693047,0.7161140522603625,2,none
C000431,0.01739693834735507,0.8177482950889041,0.014624977429794355,0.014120995854205782,0.014979090580574068,0.014136011776904085,0.01508310090349402,0.09191059001876858,1,gym
C000433,0.09886869570081375,0.034814391267128285,0.4414298574005795,0.032729440666014395,0.012293029574466239,0.06018385555915304,0.01517680639863583,0.3045039234332089,2,insurance
C000434,0.08684021272405532,0.0852357489288843,0.08433305981905428,0.08750573572015011,0.09018942392017938,0.1439763936412236,0.08826115787842595,0.33365826736802706,2,none
C000436,0.5733927393288009,0.006602806316353007,0.1163582903002087,0.058644982617209365,0.008732006529190324,0.185900828994189,0.0076085506775384355,0.04275979523651027,3,cloud
C000437,0.07140901919165944,0.06964896368920634,0.07189650248532048,0.073551756301824,0.0767625597005955,0.07550364971358647,0.07168625970128391,0.48954128921652384,0,none
C000438,0.09006189934020975,0.3333472171079499,0.011929985337012613,0.02530042007717747,0.031151633905993938,0.04959305010607709,0.3972077138973079,0.061408080228271385,0,streaming
C000443,0.13568007061447068,0.009020429414560716,0.7634816811752385,0.008721912312356531,0.009497854315233003,0.009581396028432955,0.009304009438133478,0.054712646701574066,2,insurance
C000445,0.04125293270776328,0.0431978098679099,0.042853067751992824,0.041721835623272335,0.04359939842744767,0.3367207482582244,0.046121454448005625,0.40453275291538393,0,none
C000446,0.03473114663911491,0.03385715826177228,0.03349016597868075,0.03495083605867445,0.3324997613618813,0.01824161557730481,0.18855344131171758,0.32367587481085386,2,music
C000447,0.010421831028840572,0.21672495693199728,0.6247183631883404,0.009905319105016687,0.006639411357225338,0.00975097955481334,0.07297255117958304,0.04886658765418331,1,insurance
C000448,0.1644773694879354,0.010478441748344355,0.010866987504894688,0.009547917911392444,0.5956114047881524,0.010459190486616953,0.12449120410853748,0.07406748396412624,1,music
C000452,0.011413555420822489,0.5882702039441244,0.010209252543274545,0.009544801067584832,0.09185780091588773,0.23278253686390593,0.012410742013170797,0.04351110723122924,4,gym
C000453,0.029487589158298272,0.05759196080631182,0.3355466922311546,0.07737991476293922,0.13509376754900454,0.03014651312871513,0.2367897699521624,0.09796379241141405,3,insurance
C000454,0.013862925962293812,0.015787846811956382,0.30508057086694573,0.013343484386842958,0.01378626247886864,0.5469295080033311,0.015941300424979033,0.0752681010647825,4,software
C000455,0.11926466035127617,0.37183991541092304,0.013843387719518506,0.3748219842555739,0.01425153797790063,0.014272420461647482,0.014719625527621823,0.07698646829553851,1,mobile
C000456,0.031351371531407234,0.03091209247881753,0.030357385168508555,0.030020181753269745,0.03404546998615737,0.010031650439522134,0.6312302384621786,0.20205161018013867,2,streaming
C000457,0.0973191268560323,0.015645316001888735,0.6314605955272838,0.01133138494609238,0.011813362988382191,0.011620603951751638,0.01183046677045054,0.20897914295811848,2,insurance
C000458,0.03223479237002064,0.10513786479756733,0.1140864816365248,0.030671629133530054,0.27156084414230086,0.031063493686312425,0.07488405189449225,0.34036084233925157,0,none
C000461,0.02097734486098251,0.020021880177428827,0.8060057008259296,0.020100158324461704,0.020710794677350236,0.02041560358902253,0.02013994310823234,0.07162857443659221,2,insurance
C000462,0.016661830477598862,0.019403246140965724,0.10540039281200887,0.017938245812050762,0.059836121876347105,0.3089422350814815,0.3934180629699192,0.07839986482962798,1,streaming
C000464,0.02705497376018924,0.027160529477891753,0.025199756408467174,0.023911918148672842,0.22022699505451726,0.03118201179125879,0.1003706514943454,0.5448931638646575,4,none
C000465,0.09429573938496962,0.009496782616538052,0.7760750698997572,0.011485743155815728,0.00914218480531219,0.009237687238061183,0.009209345460316548,0.08105744743922946,2,insurance
C000468,0.01600999201007785,0.016312171386569138,0.5869975884815506,0.01689763894923004,0.08542274308152159,0.20441526405467364,0.017748071521404816,0.05619653051497228,0,insurance
C000469,0.013910920204411458,0.014874290580935232,0.6318568445537317,0.17377192303526562,0.017295026002125177,0.01126474024149986,0.01828558677143707,0.11874066861059385,4,insurance
C000470,0.027804280507917327,0.029062407980987876,0.5429302974757241,0.02862929904068398,0.030487964409333632,0.030309416520901775,0.035253068727892856,0.27552326533655846,4,insurance
C000471,0.022967723233694462,0.0229173332522803,0.023743037968303925,0.022499400283177966,0.023428025548008734,0.5723919276132097,0.023665708076948205,0.28838684402437675,0,software
C000472,0.05894550075982963,0.055928543101996075,0.057959438108424695,0.05887420755946729,0.06214961162200501,0.05972290260844799,0.057330898204580455,0.5890888980352489,0,none
C000473,0.013448125829984017,0.11302339249266355,0.013363289939220032,0.11858122097908824,0.49504322217129404,0.013423635409117243,0.13947339087862343,0.0936437223000095,2,music
C000475,0.030512714947208478,0.029922414005971638,0.2158868939615477,0.5375995255279988,0.029889917398918494,0.029616884353320792,0.030177221684542187,0.09639442812049179,2,mobile
C000477,0.015012909685810955,0.2590628332860766,0.015063529606957417,0.024320138560353317,0.027445427776921903,0.09773558716831829,0.5029319681123533,0.05842760580320831,3,streaming
C000481,0.1912795082676949,0.30320457188750943,0.052886546495146264,0.019134666296016168,0.12129015272321264,0.059185883224995545,0.12390337457576453,0.12911529652966047,1,gym
C000482,0.029830414021909557,0.10577588360546773,0.02764474075674999,0.030476924187999098,0.11569443497841403,0.02974717695390439,0.27725987001135755,0.3835705554841976,4,none
C000484,0.01345076118625009,0.012717024540557714,0.013446192898003055,0.0444094658384114,0.01324653935507102,0.03656224586336077,0.02514059033793074,0.8410271799804152,2,none
C000492,0.15337608194185182,0.3355709209082035,0.10959763462881286,0.019480525529017512,0.0382370784265439,0.14534036689890237,0.06595079348817909,0.132446598178489,3,gym
C000493,0.019769374888984087,0.06985877061546704,0.020356892537946758,0.04905974484398216,0.5113726621440112,0.04824484653742237,0.1572941620437958,0.1240435463883906,0,music
C000497,0.014239852859161076,0.010173116904385418,0.034124747939593005,0.23612123579778838,0.01611217718844101,0.15800722323188138,0.10695569366021233,0.4242659524185374,3,none
C000498,0.16456548594704404,0.02043985428624196,0.02032219281080095,0.4897359480860246,0.019846919297269415,0.039767531636908,0.019745846880026983,0.22557622105568403,1,mobile
C000502,0.014725529301134813,0.01976138297819227,0.2720207115978466,0.018670919072790823,0.2974879071482661,0.03175597571061787,0.24170778182083374,0.10386979237031778,3,music
C000503,0.2603356112723152,0.013869176457256998,0.042279355494311846,0.012490712418669421,0.02395024593551945,0.013194636950513537,0.05744138317711849,0.5764388782942951,4,none
C000504,0.014045309443828924,0.014247666782549531,0.012649503810873146,0.014043467902306858,0.5813470014259237,0.17482096845949027,0.04814809903731466,0.14069798313771287,1,music
C000506,0.01189315611985306,0.010992117760622599,0.011860872561301826,0.011015484846215862,0.22996383105239881,0.5810066207008602,0.06630718065802546,0.07696073630072227,2,software
C000508,0.012095645894672562,0.10420692953793985,0.007939065393953282,0.01513542448145474,0.028734159831755555,0.007237116393436189,0.016061165781685913,0.8085904926851019,0,none
C000509,0.019651890374367337,0.23331788899295658,0.01869445279861785,0.020237003948173696,0.055726352855942976,0.15042019083548402,0.34156253328517666,0.1603896869092808,2,streaming
C000511,0.015714992785237185,0.07827468935453535,0.018544571421048234,0.5107573438965456,0.04408361040623006,0.20868983283275203,0.010486387407869988,0.1134485718957817,4,mobile
C000512,0.022615940908049977,0.733256839980055,0.022517786985704277,0.02493850940806466,0.027607323401074923,0.0220749796573018,0.038313749679738454,0.10867486998001084,4,gym
C000513,0.02933853076330625,0.027862667305236254,0.2982930704356257,0.027955893810088436,0.028264919046254416,0.033301806178150296,0.03665523202440554,0.5183278804369331,4,none
C000516,0.011322341232682288,0.011494541018901676,0.01833508802499822,0.011082997097338645,0.3804448204614021,0.012404391877130739,0.35548539709262994,0.19943042319491638,2,music
C000518,0.439518463596654,0.024193113364211136,0.02391482247178614,0.07972249736990716,0.13261402789225094,0.15334787030761585,0.06689110512133076,0.07979809987624398,0,cloud
C000521,0.013520749528752846,0.5159895209992119,0.013119745549516636,0.01512502519420034,0.28238891490219303,0.01665732305033479,0.08430722391270819,0.05889149686308224,3,gym
C000523,0.5403956486783001,0.24654597004120155,0.017032155118047204,0.07280620539368372,0.01677231008805872,0.016520691358901027,0.017318723604366665,0.07260829571744108,4,cloud
C000526,0.01653857278860787,0.018383343120516767,0.016816806792957238,0.018176196133797833,0.025664841429383023,0.0934362587291331,0.039078868094520595,0.7719051129110835,4,none
C000529,0.6526747355122934,0.03668727813620208,0.03570707556395434,0.03503144296327633,0.033859775024839944,0.03546102191205939,0.07176594436200738,0.09881272652536718,4,cloud
C000531,0.018837132552187573,0.017640580202352128,0.49234271363380033,0.01829210456534125,0.020229633380176963,0.22722555437561495,0.019432332796456488,0.1859999484940703,2,insurance
C000532,0.38873235059514627,0.019104389234993153,0.01868065384719793,0.3229909285053041,0.017596561037202044,0.06975150461417401,0.018815624807648944,0.14432798735833363,1,cloud
C000534,0.26580001174019713,0.008469838024702008,0.3067900653645344,0.007282855347123029,0.3184890083041905,0.0049333534855716425,0.060300663588900794,0.027934204144780494,3,music
C000536,0.02409020374765037,0.012808079965629035,0.5377685696556528,0.02748446081145,0.023352201346439755,0.05294709285291037,0.02285172122270312,0.29869767039756456,0,insurance
C000539,0.017578701898363448,0.18614217334147728,0.042116758986014816,0.019419244274869282,0.02883238287791446,0.01629068475606725,0.032724779044599174,0.6568952748206942,1,none
C000540,0.031826462055937074,0.029425983876378337,0.20272980270857388,0.028089323535073082,0.021550901258443604,0.020125873120142558,0.09657561344834734,0.569676039997104,1,none
C000543,0.03414826827531444,0.2790123029194415,0.03533764140630585,0.2579922049561486,0.03418379633309751,0.034178251208449036,0.03750147247640599,0.2876460624248371,1,none
C000544,0.01865888450782581,0.020150207283047755,0.020010150788189164,0.020499853519248868,0.02034143229025173,0.08358907117880296,0.019709919527979184,0.7970404809046545,0,none
C000548,0.07201290546901232,0.04310227116473136,0.019701988575494572,0.16012396632236825,0.24587833773540418,0.03278416490476096,0.031962373197155385,0.3944339926310728,4,none
C000549,0.3355656769247838,0.018312678471321724,0.01859420702446389,0.01775231439213451,0.29992401078044184,0.019125692673853157,0.18404175421993163,0.10668366551306939,0,cloud
C000550,0.051333096810595,0.05241127351809971,0.05804221209012887,0.05225174740165372,0.047424614741627,0.055901122501882505,0.10462225695429761,0.5780136759817156,2,none
C000551,0.03155007317430772,0.27840477830318033,0.3039912302974154,0.21499709587499266,0.03158486588127769,0.031031428825277638,0.03153948867000517,0.0769010389735433,2,insurance
C000552,0.0229409049442334,0.025816694223966388,0.024107731089938023,0.1215905207362237,0.06598184196340176,0.01886041299093697,0.06827494249280722,0.6524269515584926,3,none
C000555,0.32037342738681057,0.029825390630958744,0.03263178219352027,0.04900688184340716,0.08621684125197135,0.04197470002624343,0.10130404317955853,0.33866693348752996,4,none
C000556,0.039502549474271315,0.04150662738882978,0.0653253669398534,0.03763876973315845,0.04102105368979537,0.4519527927249958,0.04670618709374669,0.2763466529553492,4,software
C000557,0.10070908895155774,0.022763858955176873,0.020826593674171348,0.500252932729155,0.022503718836453284,0.06651821685861749,0.022271833902413454,0.2441537560924547,1,mobile
C000558,0.03314805103818498,0.033791892065065915,0.02047716087409878,0.03277548642877767,0.03640457300461199,0.034406302015087126,0.03311937871019549,0.7758771558639781,3,none
C000559,0.032199032877001835,0.03204855303108939,0.032863028804195366,0.21772739367357502,0.07777786263909853,0.31253440953133027,0.15258685639882943,0.1422628630448802,1,software
C000561,0.027593197061439166,0.02766519239897423,0.029876958396764727,0.027604456172854515,0.03252213455295206,0.031054959855568262,0.030748178388797582,0.7929349231726495,1,none
C000563,0.009131125579663717,0.009384022181965223,0.008884240481694764,0.7479974423166831,0.009574384547479707,0.17416096724109917,0.009521181402917415,0.031346636248496894,0,mobile
C000564,0.03871916321782793,0.03462882990395762,0.032908006529736494,0.2103795908981772,0.3755570520400079,0.04518382610811,0.19675633784775182,0.06586719345443118,3,music
C000567,0.7310396971428528,0.02231691920436208,0.022873615032392807,0.02240005941753056,0.02332260836586946,0.02442475029907167,0.025637508526243045,0.12798484201167745,1,cloud
C000579,0.0802862715091234,0.27744511360058033,0.08077779161035331,0.20450267658506666,0.03527513550680243,0.08635255438716277,0.06886748449126158,0.16649297230964957,1,gym
C000580,0.6375739744929114,0.019460963372895646,0.019618591610653983,0.1840170549922049,0.01893427022701945,0.019029597382038868,0.019021353608631022,0.08234419431364466,2,cloud
C000586,0.037312859968381136,0.03702420057203927,0.03738178439868678,0.036442254110227716,0.23508678112322307,0.23839389225937813,0.2287261373498039,0.14963209021826002,1,software
C000587,0.02173226460496344,0.27740259143012025,0.1033172310406271,0.018824426792054948,0.019483879305626065,0.45967652668564773,0.021105859299513148,0.07845722084144746,4,software
C000588,0.2988805167261665,0.019675406802030407,0.021092237352523587,0.019209046906993016,0.022025861871240223,0.024031610069602957,0.018843158290972706,0.5762421619804707,3,none
C000592,0.013158889183239736,0.013604194737738027,0.01271171102566348,0.2662600189913333,0.4737479979320662,0.13924436963557937,0.02346587978386301,0.05780693871051698,3,music
C000596,0.04479872134861053,0.04583697735829504,0.04910156892048371,0.046058931025453526,0.04770656657736362,0.04898953047528553,0.046471596117759396,0.6710361081767486,2,none
C000597,0.1288955508593632,0.03104780275934801,0.5268645163766522,0.0322137037792104,0.06653491675358611,0.1015783838036187,0.02502847980434967,0.08783664586387177,1,insurance
C000599,0.045282657524436234,0.04191882799901175,0.0429476958335987,0.44958226287490377,0.04386192311191628,0.041326627304762706,0.049286004128471894,0.28579400122289866,4,mobile
C000600,0.14950569639889447,0.013810761044133986,0.011647062185129701,0.012829656089794948,0.22746347362735125,0.05292883548382325,0.45394549835812453,0.07786901681274788,0,streaming
C000602,0.07746003339764615,0.014571335505818055,0.07404005141913972,0.014005045651772973,0.020046707288391065,0.022505665580828966,0.013748706166504056,0.7636224549898989,0,none
C000605,0.12798882153729635,0.017407172427516195,0.016232509152312963,0.6372442577801165,0.04512766881206989,0.08629897549428894,0.01755492056206144,0.052145674234337615,3,mobile
C000606,0.03182263557892161,0.030849451959071905,0.028240706960150623,0.03359394474865281,0.17836072148246002,0.03365852522093847,0.4194227589867847,0.2440512550630199,4,streaming
C000607,0.7774049809258559,0.017337765662304133,0.01809319750856518,0.01882233553477343,0.017181094233633135,0.016228068199676676,0.01631509612463779,0.11861746181055365,1,cloud
C000609,0.6829579976226542,0.01692796780057222,0.060104661156195935,0.01570022584637296,0.06268485138698832,0.01608524891764823,0.0870204102481138,0.05851863702145436,4,cloud
C000612,0.031043192788558386,0.7527208734283024,0.05999014764510525,0.018208663619373178,0.015804317700163984,0.016955911752084114,0.01781543092244316,0.08746146214396947,4,gym
C000615,0.01313779047994136,0.3729461165913882,0.013599626258357707,0.013250739854667189,0.021256767365154437,0.18949908373269303,0.3218041771100501,0.05450569860774802,4,gym
C000617,0.02285521058977843,0.020175035827561336,0.019546605930211937,0.01878416127650061,0.02123109232236125,0.01980599206632338,0.025980129395806503,0.8516217725914565,4,none
C000618,0.01794634648049516,0.01887298437297409,0.027827509950336476,0.016019599244719015,0.018962019240896723,0.8032800745143458,0.01343790453965045,0.08365356165658235,3,software
C000620,0.01681804148837823,0.02337965505368757,0.5605551977632355,0.022598276208358768,0.028238543129732223,0.06060660254774493,0.16714068162768062,0.1206630021811822,2,insurance
C000621,0.045028689245750333,0.04248912475993641,0.03960649124171148,0.03861719418467574,0.037653144933883526,0.034523212703390586,0.611687062297036,0.15039508063361595,4,streaming
C000622,0.15096653313965747,0.027681604108281528,0.05406720690738513,0.03718850613396534,0.27533250053189684,0.05638903446529111,0.24609802464988395,0.15227659006363858,2,music
C000624,0.05201810142281747,0.05849671237402222,0.055741906668129365,0.053418660725085235,0.05671893519825455,0.056323366775039456,0.05430272299682018,0.6129795938398316,2,none
C000626,0.2570121226076555,0.015994599332541846,0.01531926712622041,0.015303405750285725,0.036013376533479136,0.10906954968843713,0.4845872646153192,0.06670041434606108,2,streaming
C000627,0.03355677557961659,0.01588836167899435,0.016108564656389317,0.03903414538991782,0.015744424851068743,0.046767341565349944,0.02542263654339928,0.8074777497352639,4,none
C000629,0.7408901697117609,0.1425144790824177,0.006695401449352905,0.06622664476094427,0.007033727274196437,0.006474192760760434,0.006484107331639303,0.023681277628928066,0,cloud
C000630,0.037935180111432765,0.039073608110973435,0.04068171891150339,0.03938510489513432,0.04190510380931243,0.15110695349725228,0.04155040198444186,0.6083619286799495,2,none
C000633,0.028420679449918874,0.5173514981799618,0.01808997384530522,0.02273825028419124,0.0551329688803622,0.02197638237417327,0.11523855613848705,0.22105169084760035,4,gym
C000636,0.11974203106806303,0.010528845093746238,0.7552569909343518,0.01027960079413151,0.010502890629729885,0.010265774503559784,0.010874595646260003,0.07254927133015768,0,insurance
C000638,0.38272283023672893,0.13073330571754072,0.01356120941873698,0.013281523550592427,0.014081785855801065,0.2624247890676812,0.014346734091334537,0.16884782206158416,2,cloud
C000639,0.018147482407701403,0.01833090159061792,0.044751827650866306,0.2071037310242289,0.037245623302667244,0.018042107775265062,0.03952415866963024,0.6168541675790229,4,none
C000640,0.017424791629613984,0.017647530317412057,0.8010699596497355,0.019316887074770993,0.016926054242463878,0.016410403750114783,0.016252557403029066,0.09495181593285971,0,insurance
C000641,0.02037140704631732,0.036169079516010214,0.03129427609243331,0.12293416985108821,0.4549928249401174,0.02042501489205771,0.10623977860619249,0.20757344905578334,1,music
C000644,0.24054430727421755,0.019934779657499145,0.018640220426164,0.02051151207891062,0.09202098805363376,0.17169959100713694,0.330012025450278,0.10663657605215993,2,streaming
C000645,0.15279133906858117,0.4430813154637028,0.22495004490582854,0.010991781905460057,0.011220131533075718,0.011195332467451961,0.08805017790421005,0.05771987675168969,2,gym
C000647,0.1632264676456354,0.03693016611244198,0.10743245920416872,0.42113240095201254,0.043165852251810716,0.03544645928949423,0.02844572154035635,0.16422047300408013,2,mobile
C000648,0.01787370101459778,0.18305658747196227,0.016388870819330253,0.018951038542269767,0.5189667177192023,0.01803075827937147,0.1147945453219659,0.11193778083130014,1,music
C000649,0.011723878204804231,0.6632029733300179,0.010577696971145582,0.09475141157069902,0.0730785415287795,0.04663422320618243,0.04269747595333233,0.057333799235038965,2,gym
C000651,0.01454349381944027,0.014645668993715525,0.013730096626763319,0.01580810624638671,0.0298260553346091,0.5502794436545169,0.3141730720243765,0.04699406330019182,3,software
C000652,0.17364451722575502,0.023508385735543535,0.20199535502857252,0.06043501837446463,0.13402179371657147,0.04142441874223503,0.22871672140623892,0.13625378977061883,3,streaming
C000657,0.031159664558543132,0.033998273325921965,0.035855622137748074,0.037335739065773595,0.1468989388323958,0.05219556125815083,0.5078606082276955,0.15469559259377108,4,streaming
C000660,0.008268730093543055,0.008608951883359492,0.03583609882468874,0.02874694875480702,0.008399494810909658,0.005041141016395089,0.007592268560172471,0.8975063660561244,3,none
C000665,0.17568094059705025,0.02898539395268044,0.029349240315443142,0.553228559059761,0.03312356431278921,0.03215113936250077,0.03372391610951008,0.11375724629026504,0,mobile
C000666,0.02636836656360915,0.7409320919826268,0.02900799668872403,0.02499427237924362,0.0253513313926471,0.025240250222258877,0.02531069908358343,0.10279499168730695,0,gym
C000667,0.11896298367057387,0.017027119137825196,0.2822241367971515,0.4581405505246608,0.015872598152219974,0.01579672030391729,0.028531774412626536,0.06344411700102472,2,mobile
C000668,0.03817351868294525,0.03879839662808238,0.038254148523429114,0.03868419614355853,0.055890374490796715,0.0391407670067266,0.528703934941919,0.2223546635825425,1,streaming
C000669,0.011756198234880754,0.014154341461464494,0.011885848123886983,0.02135354535388287,0.16602325470428977,0.006783569883163092,0.02650111600223394,0.7415421262361981,0,none
C000670,0.011760714601234885,0.011028522051336647,0.2748574912425652,0.012538045391811994,0.19941464081261032,0.011482910724797589,0.39498703274002545,0.08393064243561799,3,streaming
C000672,0.13539178760200146,0.024927986160519944,0.024638252241782,0.02728748753223882,0.1256897978251239,0.02493674554614261,0.5769495996056393,0.060178343486552,2,streaming
C000675,0.02056108677273359,0.020954288131210492,0.020733124438416,0.01976270622772725,0.21634183893244618,0.019338897541335116,0.542480069072965,0.13982798888316636,1,streaming
C000677,0.04421507720093321,0.040582547842123076,0.04273709146412648,0.04298781996390279,0.04615685122019232,0.044886777441391794,0.04258014808584755,0.6958536867814828,0,none
C000678,0.021638310495919147,0.02151488166595198,0.020366001497145254,0.6447101841061954,0.1521432091712247,0.0208968993578309,0.026391831616809254,0.09233868208892333,3,mobile
C000679,0.23540829565930105,0.01788781104239285,0.015093062813469893,0.22229217378880062,0.041698930832640174,0.02308334372452022,0.3293724196586724,0.11516396248020273,4,streaming
C000680,0.12761874127634099,0.4988006891853001,0.015919487296710257,0.06048306355412031,0.019198103294570314,0.16299284818590884,0.018924089589639544,0.09606297761740971,2,gym
C000681,0.16806695314384262,0.0534132696609688,0.05290229491591745,0.05409170329712554,0.05623949974176426,0.056908404903248985,0.24341350662761685,0.3149643677095155,3,none
C000682,0.21713100898322274,0.11351347714788215,0.42477002041080836,0.0076313144949337035,0.037904854702447074,0.058020785428398475,0.023534539045048535,0.11749399978725904,4,insurance
C000683,0.09317334003376887,0.17132592902973348,0.011749098321388627,0.011926413219382096,0.07810330732610733,0.01147653622383995,0.4782761185958011,0.14396925724997856,0,streaming
C000684,0.41392289703400154,0.038670584553853624,0.006320934939503836,0.48742924600723747,0.0058015418309783125,0.006232969182781879,0.006392965190974353,0.03522886126066893,4,mobile
C000694,0.01228044254862772,0.1728380990809215,0.015926428462664746,0.015319293298773877,0.008569554971362534,0.008762017137005553,0.009258785491553366,0.7570453790090907,1,none
C000696,0.016776970674644016,0.016809690508892874,0.016699073754661876,0.015413696059597226,0.7540452643675694,0.017149045797473155,0.06159431356427002,0.10151194527289148,1,music
C000699,0.013148920071666409,0.06278814215942845,0.01162754253332491,0.013316382461185385,0.05309225119901752,0.011315277075414527,0.7835833953006497,0.05112808919931303,3,streaming
C000700,0.020799984318229502,0.022313236763782517,0.11130200779984514,0.022550540293684564,0.4129625600328417,0.11261329240115847,0.14751186939509264,0.1499465089953654,4,music
C000701,0.0455711443076163,0.2293930375688144,0.013927372585834034,0.019657716046800507,0.43079061430658394,0.014086955055926761,0.1622400453935801,0.08433311473484402,4,music
C000702,0.012955259181212967,0.018844859789715323,0.02774569163056142,0.01671977471992555,0.020783143524456784,0.01863644338435855,0.020293751157262188,0.8640210766125073,1,none
C000705,0.029530905614149103,0.01851243285976769,0.032994367006281125,0.03020124026765557,0.031947570728223317,0.14856284567074407,0.031398600610455865,0.6768520372427234,3,none
C000707,0.1430725129028996,0.015910281591994212,0.015112421026471232,0.01817263304556007,0.11199277036820068,0.6196140191633943,0.015739513536450606,0.06038584836502929,3,software
C000709,0.013612830092606762,0.013436294482527327,0.1553921548949538,0.01303237691955167,0.015108822334318692,0.581929698913337,0.010047301246649846,0.1974405211160548,0,software
C000712,0.05972846394125413,0.04089157719313866,0.027289922417297323,0.027794278215094736,0.6093234052720542,0.04008959135547511,0.0735840686898961,0.12129869291578974,0,music
C000713,0.010807980878605034,0.06366430246275928,0.010151599011084422,0.13184205078425237,0.17779540998108706,0.47434597809989654,0.07555710097861454,0.05583557780370079,3,software
C000717,0.011221649611384806,0.03417771716388519,0.5038655473302718,0.033643870434116666,0.034862383591245355,0.03462071220072057,0.03394479313592651,0.3136633265324492,2,insurance
C000721,0.02290435279432986,0.018520984996225405,0.0191997148413759,0.01995448443777951,0.1481001118057402,0.011183223222997132,0.12727723695125454,0.6328598909502975,1,none
C000725,0.06164775828601285,0.013605221983670274,0.018202342933797834,0.01916484516028942,0.07189849894187053,0.7137886071031281,0.018348666057363027,0.08334405953386798,4,software
C000728,0.010633552120799666,0.21024309499447952,0.6454573343557903,0.007689800483086882,0.010139235182463124,0.009959283838653615,0.010374144229088524,0.09550355479563838,1,insurance
C000732,0.035839228070865765,0.034405997630169646,0.06261281661547044,0.032023852775284904,0.035616235188408576,0.034520805330307644,0.035671623787203406,0.7293094406022895,3,none
C000734,0.01849255528854112,0.020566453555705553,0.020549242224305993,0.02252781600498442,0.13456890082007417,0.03254225973476737,0.6620385984139374,0.08871417395768402,1,streaming
C000735,0.016900315938491853,0.01773814193781525,0.7069356752857064,0.018650276469779698,0.05738797571452096,0.0183511641612716,0.10730452281554209,0.05673192767687208,2,insurance
C000737,0.08644407288191135,0.01179902809017314,0.10258553884273705,0.010961379633311402,0.011443931416084355,0.6818767481742356,0.011730414811315006,0.0831588861502321,2,software
C000738,0.030474410114594494,0.031421454290174525,0.031577712713156667,0.031341570243518045,0.034038388830031685,0.19882164369775462,0.04243568009423962,0.5998891400165304,1,none
C000743,0.04482430617345275,0.053955185600321365,0.021731829815567413,0.041672868180673325,0.02191897237479554,0.018435152927507817,0.028953521379832564,0.7685081635478492,3,none
C000746,0.007149840422041565,0.010554924705251347,0.010382773858542929,0.019332412379056953,0.009605583716594885,0.027703960276382292,0.05650762475904941,0.8587628798830806,0,none
C000747,0.03923036439538295,0.039386859376189194,0.5318050783389742,0.03761480212468721,0.03724578490087503,0.03718304144216291,0.11365466492191009,0.1638794044998184,0,insurance
C000749,0.09742170365642104,0.02231871683265097,0.592166164878026,0.023067121616949175,0.023911627215769855,0.02359280353405687,0.02358654989559191,0.19393531237053419,2,insurance
C000750,0.02165251520374829,0.02145304900069128,0.055189623327250484,0.019465201943426692,0.026612402842885425,0.021178741112080117,0.03005581902151691,0.8043926475484008,1,none
C000756,0.03773801754997588,0.041093591468325474,0.04164830358149908,0.042790666082848164,0.521509971502399,0.04552737101741605,0.0482998801785699,0.22139219861896647,3,music
C000758,0.009551634108421348,0.018692526056497065,0.015276990331331066,0.01991969895630644,0.0201974175010943,0.007165098411467865,0.01984170460752799,0.889354930027354,2,none
C000761,0.7939704509802648,0.013783523729362715,0.013473700989224216,0.08385383787790276,0.012036709451899951,0.012841571030253011,0.012976473414491957,0.057063732526600644,4,cloud
C000763,0.3408855822573432,0.01592782374689658,0.017707327062991697,0.01702128456530912,0.026844866962726838,0.02812315838797732,0.4650560469447925,0.08843391007196269,2,streaming
C000764,0.03408490832813168,0.029972303124843554,0.618793344279948,0.03426955338065016,0.012925299846842868,0.025180021133774644,0.01328126930464473,0.23149330060116438,1,insurance
C000766,0.04700755768541219,0.0458818020130536,0.04601775135730749,0.04309179769501728,0.08379500095037806,0.05190626676887155,0.2623850030840087,0.4199148204459512,4,none
C000769,0.013472148958502572,0.014915331427457362,0.08934770785122281,0.05069399084757223,0.013544172334123548,0.013534069896864682,0.014000751563506648,0.7904918271207502,1,none
C000771,0.025216108896075944,0.023715273678498357,0.023136637249365558,0.02558235464932606,0.14024780224278915,0.023659008697299318,0.6649696926289506,0.07347312195769506,1,streaming
C000772,0.02223472545343798,0.022126897977479187,0.3106172200184532,0.14983291017833653,0.09208843573290383,0.028069876196596108,0.22160848005972042,0.15342145438307267,4,insurance
C000775,0.07931426548348837,0.08009838249351833,0.08449864892597636,0.08152007313066967,0.09040582625253361,0.08789833393552562,0.09545676059677793,0.40080770918151015,1,none
C000776,0.010589348744989967,0.0101845797032718,0.010468611998530244,0.18258050770733777,0.01147673638300564,0.010639357412664254,0.01234578893963496,0.7517150691105653,4,none
C000778,0.506839354595986,0.028997040865818193,0.018490920123859497,0.017607020574938008,0.018378537993346298,0.3316526618438749,0.018315803406893382,0.05971866059528377,2,cloud
C000781,0.01230960016307049,0.02357217058191894,0.4736094023484323,0.3644356408083451,0.012237178859420297,0.004855342591192972,0.0119508275660759,0.09702983708154395,2,insurance
C000783,0.03644923464518785,0.05064015174255239,0.35751185624991855,0.05260894844389993,0.055092942320022986,0.05633818638470238,0.0545022697967204,0.3368564104169955,2,insurance
C000787,0.02694347621214135,0.004780180353744042,0.02443628073324756,0.024036062736246328,0.601971511185093,0.02586226690272761,0.02880954484427794,0.26316067703252227,4,music
C000792,0.02453644465091246,0.15057689388418305,0.060293814599443864,0.1493726896191237,0.023629466409468128,0.25865003969217015,0.025688130154943364,0.3072525209897554,1,none
C000793,0.018506148856558245,0.052864164664253976,0.0185660770941493,0.056329364793218664,0.21854687367554865,0.023090154079331862,0.509490658087864,0.10260655874907523,2,streaming
C000794,0.024960107391975836,0.22979133152674214,0.025613944175968,0.03555437020848155,0.43537133985327775,0.02685635199847813,0.062231821224887296,0.15962073362018928,0,music
C000799,0.04072214220913661,0.04099645557796255,0.05345720374757103,0.04146643715931375,0.059928163122314436,0.041141786396907916,0.06203133141136356,0.6602564803754302,0,none
C000800,0.022334418289374294,0.025707684657019905,0.026250514069864197,0.024797201275196978,0.11889533600170132,0.5284287044199012,0.1232045418773346,0.13038159940960756,4,software
C000805,0.07138765647599593,0.5051327458518733,0.010631196523424695,0.011274758463118477,0.21173079710354648,0.010904456800904988,0.08961569882605332,0.0893226899550829,4,gym
C000807,0.23130736277823194,0.020140816242260155,0.01937019260558627,0.019890813052788704,0.13540824004832303,0.0226591168367846,0.0662995508959755,0.4849239075400499,0,none
C000808,0.01546423358533442,0.014296273386940717,0.06206583602670352,0.013748751998349264,0.07532212529635038,0.21424997071859858,0.13884657997577693,0.4660062290119462,2,none
C000815,0.0176855449079299,0.017394838745733696,0.01754750734161079,0.019944304191390278,0.015667176472603773,0.036514680536353615,0.019581617365569307,0.8556643304388085,0,none
C000819,0.2986669945889323,0.019435684059363526,0.5419970950345434,0.018780355895467612,0.018973930565580686,0.022820079909845407,0.01913032590315385,0.0601955340431132,3,insurance
C000821,0.016747406170429115,0.017901590341370052,0.6456976656874095,0.1685157574216951,0.02446835127180556,0.016846016573596342,0.015242652888123796,0.09458055964557059,3,insurance
C000822,0.03387530798671265,0.014748229275806917,0.014859581357026556,0.03014287709066484,0.022843785564515683,0.016870168692810876,0.013401082970052344,0.8532589670624102,1,none
C000823,0.27568292203535644,0.3016573424308949,0.014063948508780809,0.015134282009245619,0.029804196412138464,0.06083027966941425,0.21147869214036147,0.0913483367938081,1,gym
C000826,0.09963699548735534,0.08989139252646389,0.24699871356898218,0.016280610016023864,0.04721034305560154,0.3588066310542603,0.03666729815112874,0.10450801614018411,4,software
C000827,0.01841720520673704,0.017729676062441965,0.029708078954559115,0.03779945876104278,0.015164006838992137,0.017219439363445926,0.013962086578848981,0.850000048233932,2,none
C000829,0.07987864628919102,0.0763792849882557,0.07859738454335444,0.07874701335955736,0.08196906800538924,0.08010569432905226,0.07346695352223463,0.45085595496296543,0,none
C000831,0.025615805729389568,0.07413757705554452,0.45156351185094723,0.09617615430463322,0.013222507108595809,0.23620737444058998,0.01957006826351043,0.08350700124678925,0,insurance
C000832,0.02365284389603375,0.01518723698536042,0.022313158735255478,0.026178763461755575,0.01586169072494457,0.014316945218587805,0.16297512526769659,0.7195142357103659,3,none
C000835,0.28631801543368973,0.012640892035131666,0.012021779823248386,0.058237144713941175,0.06842451106934835,0.3860420520168026,0.09920210270419066,0.07711350220364742,0,software
C000836,0.19629656642716492,0.1929947326773658,0.018960921482093496,0.01861374763395181,0.02135431263662926,0.07496054367439957,0.30223778527190776,0.17458139019648736,0,streaming
C000837,0.009157872324665754,0.0383811710106147,0.1310048214306037,0.00807186925302523,0.23816284751459305,0.39784858657598754,0.11461580469772294,0.06275702719278702,4,software
C000840,0.012292825828076444,0.012453284168837085,0.011321152059092116,0.01224016765228379,0.716219944744341,0.013704380534346682,0.13274464492077756,0.08902360009224536,3,music
C000841,0.3879305245029804,0.07473918827460133,0.027479780959291766,0.0358840227944729,0.03224392235179008,0.060276766947207835,0.03196259445738901,0.34948319971226666,3,cloud
C000842,0.011476911885925856,0.011648543484362152,0.011143168635907683,0.47639750308897344,0.05603112530141237,0.3337151937584877,0.05669686230372686,0.042890691541203924,1,mobile
C000843,0.045882661587187006,0.04715822280966855,0.04667367831900477,0.046335117252733454,0.035617533509519926,0.04887942734647288,0.17856253936827565,0.5508908198071377,4,none
C000844,0.06466306681772976,0.11623777884497685,0.01260149231582226,0.5986774259044715,0.03652056054457253,0.012652987938447496,0.013163736002229219,0.1454829516317504,4,mobile
C000850,0.053797954995195074,0.05400564612700222,0.05225128169522861,0.40224982937738557,0.05941722295156002,0.07376888038860871,0.06333190737091356,0.24117727709410622,3,mobile
C000851,0.016902530324954163,0.45435893354360785,0.016825123589655606,0.01763172561227848,0.06222797840150161,0.2855841725594372,0.07291556324826542,0.0735539727202997,4,gym
C000854,0.006485190792804655,0.2893974664351982,0.35311606274946616,0.010724971563113484,0.016533275689672146,0.16744868759910184,0.07277115064803191,0.08352319452261162,3,insurance
C000856,0.014830139990321947,0.03347384253417666,0.02910986642673409,0.025788464316634938,0.028263247957990914,0.025741051133821004,0.02523201546043252,0.817561372179888,1,none
C000857,0.3819410084845618,0.014332489383536758,0.013822019554092697,0.01534510820559534,0.05747854956015577,0.012436185604945454,0.41521741143050017,0.08942722777661202,1,streaming
C000858,0.47198545498239775,0.017713368528722517,0.016124654538502908,0.371083524770083,0.015645082978598186,0.015314319363616845,0.016027483900754994,0.07610611093732388,3,cloud
C000859,0.02184195104679145,0.021781342278573687,0.32642357391575905,0.42646263387184324,0.02319994193867453,0.020841901136094944,0.024767812849144734,0.1346808429631183,4,mobile
C000862,0.019899078195710095,0.019656500178319547,0.019421265120938253,0.3665043196064221,0.019927029008690623,0.4694296686996634,0.02079487299648995,0.06436726619376607,0,software
C000865,0.01936436196416265,0.01873294951093353,0.0193568603997618,0.021194068324558817,0.07337906976755124,0.03410482365835178,0.020190962925867112,0.793676903448813,4,none
C000868,0.06664815848184341,0.06935072741083657,0.07424058114269175,0.12449529881717761,0.0751002524177714,0.11834076107767474,0.07484963485481369,0.3969745857971908,1,none
C000873,0.05351890037364905,0.02717468935250624,0.027257300865614984,0.026964603258751503,0.11006102467943665,0.03277596587401977,0.5508472588474611,0.17140025674856077,2,streaming
C000874,0.027144469206443773,0.1389748451933031,0.2045421820924655,0.14791106082383104,0.021757751375549677,0.024060825284358555,0.039180285980197585,0.39642858004385084,2,none
C000877,0.014207423451195248,0.09511782552607925,0.011738213966041276,0.010335331139305378,0.03622228096983987,0.6262397469984818,0.15388136911053796,0.0522578088385192,4,software
C000878,0.16388091662191384,0.007647285595188804,0.007347034055309898,0.007925972968004536,0.023250902146330063,0.5444257798578459,0.19754059851460715,0.04798151024079986,2,software
C000880,0.013411620362753665,0.011193495089337202,0.011311920810061316,0.010821733150127862,0.031522656086437756,0.023195899060166093,0.8059603580724493,0.09258231736866684,2,streaming
C000883,0.014573049828857595,0.03153972802649834,0.016706342783320647,0.016784188101084722,0.06574498644422878,0.19252080919597653,0.5804046010750701,0.08172629454496322,1,streaming
C000885,0.17746297099077163,0.014672927452802208,0.01223729053095041,0.15601968497119545,0.24458019276541376,0.24620250524110093,0.03580994842925581,0.11301447961850977,2,software
C000886,0.007351435510002042,0.12687705099179128,0.009598222471858266,0.010048984654863775,0.014345017094214433,0.08065969289614665,0.6982321802020172,0.052887416179106396,2,streaming
C000887,0.24396435916936104,0.011054449983999612,0.6382890682516091,0.00827557938399503,0.011374755287627275,0.011330325872570345,0.011652596766950466,0.0640588652838871,1,insurance
C000889,0.0277456683438394,0.03020465869873539,0.1266109151451601,0.02998426656295572,0.49870001644791057,0.027134013587723174,0.11318195511021956,0.14643850610345605,3,music
C000891,0.08558523753533268,0.10923972639657448,0.1741224391669474,0.07380621384220218,0.018810282767506865,0.4507371205746208,0.023066738745453237,0.0646322409713624,4,software
C000892,0.03435085756680157,0.03578822432728289,0.679310858744367,0.03496674203579561,0.03488895579589953,0.03671959525185458,0.03715352254110313,0.1068212437368957,3,insurance
C000894,0.01730658718616144,0.4900565195153268,0.01728410400735951,0.02439748589657836,0.15416264551466746,0.017446061643079276,0.17261341528463775,0.1067331809521894,1,gym
C000895,0.45252324437178987,0.0204659138009982,0.159500020009826,0.01921962750065809,0.020277633082223766,0.020444666495626235,0.03768405905503237,0.26988483568384547,1,cloud
C000901,0.03643001166453541,0.035324801873913306,0.0350919351360396,0.03444450315268178,0.2514016155881791,0.0973914568507103,0.2401848215400108,0.2697308541939297,4,none
C000903,0.018111621824057553,0.01729564152427062,0.7423659286497772,0.016257175946858403,0.01682371935103079,0.11140335964796123,0.016192875593639623,0.061549677462404584,1,insurance
C000904,0.1978186445248522,0.03331114444625913,0.030676585057404455,0.031182578775410343,0.06473681805161809,0.04188151884438254,0.0625605430759715,0.5378321672241018,3,none
C000905,0.03938714218327895,0.03993373269129701,0.5885981523025322,0.039240678279670184,0.040166761433180945,0.04081257737932938,0.04168453404839626,0.1701764216823151,2,insurance
C000907,0.013740170398736257,0.016832939695695694,0.00987460407502885,0.26499810663876716,0.018807199564023616,0.5528448085304518,0.01912482822398856,0.10377734287330802,1,software
C000911,0.13620976515754227,0.5187469065449704,0.03854872164617353,0.03839473845405448,0.05350652905588238,0.037676221837905415,0.03924539982348266,0.13767171747998896,0,gym
C000912,0.015809024598788177,0.03988915570333995,0.07169236403304302,0.013362282765642667,0.02813399010078112,0.0901867889347163,0.03741664337778778,0.703509750485901,4,none
C000914,0.013903951664144088,0.012728143055824453,0.8647635954116699,0.011371627384535085,0.012754776891495987,0.011823820739709244,0.01338151318431468,0.05927257166830639,4,insurance
C000916,0.35085183458483366,0.01930188336143738,0.018754435250638878,0.44492461325381455,0.019938916723270503,0.01909794442298288,0.019296000581771767,0.10783437182125048,1,mobile
C000917,0.8193073824840577,0.014459965723421852,0.012931868543794037,0.04915030085434555,0.012680908738958415,0.026839324696432243,0.013385388059929691,0.051244860899060544,4,cloud
C000920,0.03026926853001828,0.031635580325935005,0.03136913744939031,0.03450759990264483,0.039933507462860604,0.39542496695775975,0.26047708406646974,0.17638285530492137,1,software
C000921,0.06186916409040939,0.06294287747699553,0.05965156189805302,0.0651557626314444,0.16879372516338018,0.19960296448405185,0.1645128349044691,0.21747110935119648,3,none
C000922,0.028583241015057444,0.15679417685435598,0.03218458348948314,0.033320289719263534,0.0452958990758244,0.030854766789139593,0.422823796004806,0.2501432470520699,0,streaming
C000923,0.013510620369354747,0.01332317600054652,0.013523100349301011,0.26203620113767573,0.06592379990350135,0.025698773105773204,0.5407593672210694,0.06522496191277809,0,streaming
C000926,0.030668659417991892,0.35706784509976486,0.20875796596421903,0.01519207839794253,0.01541031207015903,0.015307485445786796,0.016281200283464775,0.3413144533206711,0,gym
C000927,0.2958472557024471,0.009250512592083659,0.606623798892309,0.01684701817835253,0.009153756503814602,0.009145610905928806,0.009010062563152892,0.04412198466191134,2,insurance
C000930,0.4700797770063463,0.05417524531902816,0.05397663529200644,0.058821247399996335,0.06979094582995951,0.04194516247259891,0.05561179672658918,0.1955991899534752,2,cloud
C000931,0.06714274189979176,0.13017014987391629,0.08099975223323023,0.06828338467531986,0.07373881313024847,0.07262746298357463,0.07353854216994632,0.43349915303397246,1,none
C000932,0.024303900775895088,0.02961398750425146,0.026977290385268696,0.02645138152438375,0.5990419650193474,0.03757344537521269,0.14431550944332186,0.1117225199723191,0,music
C000933,0.013412001446213411,0.8345054886492991,0.012240140769093095,0.011232340673926932,0.011770182981846075,0.008004790498234616,0.011264634154583487,0.09757042082680323,1,gym
C000936,0.08955104628740866,0.09685957317418939,0.18398720621717782,0.01255604362506568,0.33159128199140875,0.15940073099787574,0.02656522417423176,0.09948889353264222,1,music
C000938,0.02254029466548292,0.5347582907009584,0.01572654788405554,0.13090409295760821,0.06789571069230975,0.0358990370007156,0.12383433664213697,0.06844168945673262,2,gym
C000942,0.020853640797436866,0.11040488299996898,0.02008099735316131,0.09639209174060356,0.13969301513418572,0.1860150661030902,0.10580978760494988,0.3207505182666034,2,none
C000948,0.060196622882875,0.028724111608957437,0.2476188326010542,0.41477999418363287,0.028770206039659865,0.02893302879030766,0.029416275110126545,0.16156092878338643,1,mobile
C000949,0.01596845824753188,0.026894080445484962,0.02430628638746845,0.010935104298555683,0.04225823815849444,0.021451538566358893,0.6406122994547596,0.21757399444134595,4,streaming
C000950,0.022094513022592726,0.020285263199856896,0.006986021079631565,0.018148987561180725,0.00655110341288769,0.19104583846730885,0.012458868074911296,0.7224294051816302,2,none
C000951,0.2270989743080631,0.03722960200956278,0.03893985637352264,0.03733660423726934,0.04219253103877573,0.04216844221475667,0.043404127758446105,0.5316298620596036,1,none
C000954,0.02333596410461588,0.45513731100290405,0.022760674150581188,0.1572769876764188,0.01771916166055797,0.193690754760538,0.019105408698633787,0.11097373794575031,0,gym
C000956,0.014824613987360367,0.01430838027655235,0.01351204897881839,0.016885295224955455,0.02208797539895628,0.2820335189464181,0.5424116606997001,0.09393650648723886,3,streaming
C000957,0.04512941683297871,0.5558534863071476,0.013814934277581674,0.01848671616110187,0.23450690703171867,0.011610513266441847,0.043293056118583084,0.07730497000444653,2,gym
C000958,0.015402996044366325,0.016242811910576162,0.01644123760944141,0.014940188221242615,0.015428730894733006,0.8462729885861393,0.017001828646110734,0.058269218087390384,1,software
C000959,0.06120141855156244,0.06332646865751049,0.06450642820987394,0.06824811339571434,0.23067779252234732,0.07077518636144618,0.2320997965930299,0.20916479570851543,3,streaming
C000964,0.008939050072747817,0.0668508888162011,0.008707387712401732,0.009404161280820854,0.06077114693528026,0.037624099424017864,0.7543399533051132,0.05336331245341712,4,streaming
C000965,0.020125204769434222,0.020408245889027433,0.4999766588906217,0.022967335552073934,0.023887600162718528,0.29716994919036543,0.02749941501702647,0.0879655905287323,4,insurance
C000966,0.023042718759030453,0.3187877370058979,0.022197666199792535,0.19441974278284452,0.04781218327022245,0.021779062573679946,0.25852408203195687,0.11343680737657523,0,gym
C000967,0.013902422817867122,0.8326649325847675,0.013768878734027842,0.01266769423325497,0.013159503159537856,0.012812082740957133,0.012151745041014007,0.08887274068857352,1,gym
C000968,0.011400836537350767,0.0111307343510252,0.06802615265534301,0.012176345474027562,0.13089545571987204,0.0108847763994252,0.7088157078279644,0.04666999103499188,1,streaming
C000971,0.04743623277739343,0.2596147564812179,0.027371838357883753,0.027963394715711083,0.39094356623187254,0.011756900679121631,0.06305716747816557,0.17185614327863408,0,music
C000972,0.020458727527623354,0.01963067680972321,0.3055538512473115,0.019316660892537932,0.3845131658853868,0.0373273702491215,0.04912486823251681,0.1640746791557789,2,music
C000974,0.030681812346948785,0.5599311136212629,0.09201679626244433,0.0279275612203784,0.026703284987722058,0.026286367682652807,0.03160665814383911,0.20484640573475166,4,gym
C000975,0.14232997484300308,0.009544899895185553,0.007212425234597775,0.008743030430693634,0.6515831696881873,0.046603259196877134,0.0929456283737994,0.041037612337656244,2,music
C000977,0.014492282574459248,0.015493999690333864,0.015358709616288201,0.017847559513847908,0.18790305567963916,0.07225033372459254,0.6075894875684269,0.06906457163241224,0,streaming
C000980,0.013006495868546132,0.012826281729770617,0.8187296508145915,0.013035095917950728,0.012931678105686557,0.016380360954170007,0.012511250074090393,0.10057918653519414,0,insurance
C000981,0.035417679428139795,0.037275183627188374,0.07267311827131016,0.03642622323007713,0.056494581115668505,0.09656241492018791,0.05679884321414421,0.6083519561932839,1,none
C000983,0.11855494698134704,0.01436548312435292,0.00780568457914565,0.013639768989799718,0.6392530945224999,0.022632926519089665,0.02205884192383625,0.1616892533599289,2,music
C000985,0.014644319521589162,0.010305871043929842,0.012853920113960837,0.07068508440404105,0.02811725956566788,0.008446287030056204,0.02187700509164743,0.8330702532291077,2,none
C000988,0.017539969821125587,0.016606403574512645,0.016444482586757528,0.017664700236216583,0.6281824907012765,0.019987988319069207,0.07986733656237222,0.2037066281986698,2,music
C000990,0.051144359125566904,0.03130338316943521,0.42011527895826917,0.17522162163290683,0.014031014054333595,0.07903738642931038,0.013721325140647228,0.21542563148953067,0,insurance
C000993,0.006045995822584051,0.5233748266310163,0.005852840765834148,0.006229879747595805,0.1935640754976163,0.024085957236799852,0.2132989075890874,0.027547516709466126,3,gym
C000994,0.02678881289492014,0.02783797414023946,0.029551747977629828,0.5842137170731814,0.02010659605621168,0.013189635940164368,0.0335769384539721,0.264734577463681,0,mobile
C000996,0.1011645316728569,0.05489460305184306,0.012352801979592223,0.010911273454571664,0.011280611796422863,0.7424885709405226,0.011388967339523224,0.05551863976466751,1,software
C000997,0.037872421430304753,0.3107680711588068,0.04300748253648383,0.03787156921137737,0.041238924735447005,0.03611319457229944,0.05331977507508007,0.43980856128020074,4,none
C000998,0.04890954159923196,0.4795051801409166,0.05344434373629321,0.04939764024657417,0.052858761716966615,0.052002087214097326,0.06000102352305483,0.20388142182286534,4,gym
C000999,0.011766022247646467,0.045929536629677976,0.010116588730492692,0.010442953701516182,0.017080290954047186,0.025198995636479916,0.01488280881914203,0.8645828032809976,0,none
C001000,0.010079253605744317,0.01042667506906871,0.031157965577529357,0.00958173774331365,0.030088161606547262,0.009332515282224431,0.08679792843249647,0.8125357626830758,0,none
C001002,0.05438544517727811,0.012954807419096803,0.011704783912564791,0.0658056864695761,0.6681078542005179,0.012521680093481372,0.09820081793040517,0.07631892479707977,4,music
C001004,0.018602478344804094,0.018161474425009663,0.017833813375052267,0.46438031379803707,0.014896111949643982,0.33013360083086973,0.02067626304120948,0.11531594423537367,4,mobile
C001006,0.7914810476020877,0.014005691096263111,0.014468785099846726,0.015480438586281611,0.015631196844113675,0.015841792504212512,0.015674401408737434,0.11741664685845715,0,cloud
C001008,0.0420831912731032,0.3511396104799138,0.04317970330903649,0.04418016290517139,0.11661907991330214,0.04248367614952201,0.24371771138720705,0.11659686458274388,1,gym
C001013,0.03819704247176796,0.03986738880581037,0.03795434849899377,0.0426644430478453,0.04102709545048046,0.0526089086259382,0.043968062374224376,0.7037127107249396,3,none
C001018,0.035344676760427726,0.03374970873958813,0.03912621739835929,0.033448146466939964,0.0668828354850737,0.019647262405817628,0.06819399453749188,0.7036071582063017,4,none
C001020,0.014707537862807468,0.014678937600442686,0.014606471581534091,0.014429139659362709,0.015228441751907792,0.7644736215636725,0.08334913818611223,0.07852671179416061,0,software
C001021,0.00876828270854278,0.04335827598980005,0.020641314255169182,0.018609100343012854,0.04320459763794047,0.01785993653392822,0.04465419524404597,0.8029042972875604,1,none
C001022,0.0147986841818602,0.1644389055327647,0.015995279643944066,0.021253774359445435,0.017054368319916323,0.011615521982596808,0.01927828330890296,0.7355651826705695,3,none
C001024,0.007412625344484733,0.012552204987206978,0.08055242910265259,0.07150080421896954,0.019439515087875846,0.02615275014550941,0.0419138176844383,0.7404758534288626,0,none
C001027,0.021565066486937335,0.06756864787716221,0.021592125260389686,0.5763729028611644,0.16011962285564724,0.022822976218270116,0.06108750349707359,0.06887115494335544,0,mobile
C001028,0.01132030514234849,0.012132039296185799,0.012065112228487128,0.012126600471192425,0.0335540979578529,0.7385421253450819,0.12862015469953825,0.05163956485931295,1,software
C001029,0.023173196022295582,0.13101122020602465,0.01243363107338523,0.011892811678256697,0.02062148595192521,0.6686919077503293,0.02134065540693829,0.11083509191084509,3,software
C001030,0.03171689251874275,0.023812432833657783,0.022886300323577274,0.02859750936150863,0.3221038204678239,0.108757753476172,0.15456876673914116,0.3075565242793765,3,music
C001033,0.10843757538381489,0.02376152177345464,0.022803534160628917,0.022186188896475802,0.026589841059899214,0.047022044044916736,0.6358173833285312,0.11338191135227867,2,streaming
C001035,0.028539409327331695,0.028334465692394062,0.3678892332338857,0.0275427208738103,0.02772313266412521,0.3659224562190906,0.029225742272307828,0.12482283971705457,0,insurance
C001037,0.018596261914692356,0.09622218862417303,0.019571146180668186,0.030122832100801168,0.028383383809018732,0.03278697500036736,0.028782996286914123,0.7455342160833649,1,none
C001038,0.01135699578296385,0.017433946175254032,0.014366224964158026,0.020242202227523407,0.10465310315837381,0.04360392782610589,0.12186116689190986,0.6664824329737111,0,none
C001040,0.018672325323227455,0.019537953205262554,0.0779427776512792,0.1252555290104007,0.02508438339278573,0.5825429559506607,0.024878672463819175,0.1260854030025644,1,software
C001043,0.6578637600978682,0.01189925030517002,0.012210604858126577,0.08328204707804324,0.033962614602253985,0.08995074168848677,0.045751393612233945,0.06507958775781729,0,cloud
C001046,0.01647787103909237,0.6282173063915575,0.013739342010006917,0.01556626293714014,0.020668176154381927,0.015064705343375697,0.04300288298525832,0.24726345313918713,0,gym
C001050,0.04080562915992142,0.14024818435699427,0.18203198335222606,0.0439412748766574,0.11285694695790896,0.1910600819050333,0.13551648909372882,0.15353941029752977,4,software
C001051,0.027802430662543377,0.027152622846398137,0.025460122707095422,0.15765095062928416,0.5204075167135936,0.06077466409604417,0.07590213075802006,0.10484956158702104,4,music
C001055,0.0665287614584676,0.06782230290706413,0.062098028348436016,0.06025188662746828,0.06878756897544104,0.06202003942679856,0.08420043419402587,0.5282909780622985,4,none
C001056,0.010210791039186455,0.010598986968646758,0.17495505968903405,0.32852596600928924,0.3574860256322495,0.00844973866781993,0.04779362007914358,0.06197981191463052,2,music
C001060,0.018385819571093528,0.01829151550743177,0.6610001611589552,0.019815733340253494,0.12134765559855448,0.02064804284543982,0.02060266849604085,0.11990840348223086,0,insurance
C001061,0.11180948538306566,0.011861027330333333,0.011864745298944657,0.01632930010034185,0.08177548423743018,0.012284842826207572,0.1292520968371444,0.6248230179865324,2,none
C001062,0.012310240113051273,0.011704073827747642,0.011176653320845283,0.011843311647606616,0.34262444693993643,0.02314371129204252,0.36962416041406987,0.21757340244470036,4,streaming
C001063,0.40663369983003234,0.01733865077241817,0.018340577122230563,0.020043427992002524,0.010363489593096575,0.01304992106173137,0.011057389875866956,0.5031728437526215,4,none
C001064,0.013281315959722515,0.012628225864964508,0.34671401364286925,0.010586689366789654,0.011182009175936862,0.5325709182859939,0.01164720170609825,0.06138962599762497,1,software
C001066,0.08576828147041779,0.04229880120148816,0.041617996573070214,0.04482021057399427,0.41613883885764075,0.04058693542190066,0.19754801758025642,0.13122091832123178,0,music
C001067,0.034170774162489925,0.176052473793257,0.030595383361334744,0.2050203902920429,0.02926253017442452,0.044950035251738046,0.029455205233462664,0.45049320773125023,1,none
C001068,0.11251555140218954,0.022092727960802746,0.6047218398931373,0.024873819415984696,0.022902037620458213,0.02239982128845315,0.02254988127809462,0.1679443211408797,2,insurance
C001072,0.34872622833997935,0.24585270541824306,0.13800094919629916,0.029709223188961763,0.030399977020679064,0.030284590364855105,0.029204402524369205,0.1478219239466133,0,cloud
C001074,0.030367494287548834,0.03035783969663673,0.030802670611376214,0.029246983341406085,0.03314507484638235,0.17074149287456125,0.5660959169581576,0.10924252738393098,1,streaming
C001075,0.012341200579581466,0.011810761395164546,0.02658126610810509,0.012177585505627295,0.026927687840808498,0.010090932624875067,0.029540354321419156,0.8705302116244189,2,none
C001077,0.11802541475138024,0.5603354079348828,0.030750097180217897,0.03190885073830502,0.065330075016521,0.028697827038278063,0.06933628541198222,0.09561604192843282,1,gym
C001080,0.6976293164329885,0.023950928123936413,0.01938530491260936,0.02315866392297097,0.033226244985263054,0.019871259220647967,0.03803090496813534,0.1447473774334483,3,cloud
C001084,0.027720929890839758,0.00952670541233533,0.08747809838647416,0.04221767467407223,0.026018508782337666,0.6580206190088107,0.07498862502768237,0.07402883881744769,4,software
C001086,0.05045540885609518,0.018258380025527158,0.061222420799553416,0.014740418380667496,0.015256641947927679,0.05823097464131654,0.016944779913186762,0.7648909754357257,4,none
C001088,0.12485174221681543,0.2315147285870175,0.013119944946177534,0.012307949788555532,0.022763461090101873,0.013204072625191268,0.524704664046611,0.05753343669952985,1,streaming
C001090,0.02562197606111554,0.046343140880230935,0.046698608949532684,0.024448439307393856,0.04739698894170115,0.04653819814552539,0.03448076828459147,0.7284718794299089,0,none
C001092,0.020547051637324436,0.02051503451291373,0.6606303323917601,0.08427619212496702,0.023657192200542815,0.020688254382238924,0.023653683617871894,0.146032259132381,3,insurance
C001093,0.01788195892556826,0.017173942825540703,0.5997319360178408,0.016803813054625916,0.01775891469690604,0.01824842905523672,0.017937471396419446,0.2944635340278622,3,insurance
C001095,0.008662189079151172,0.9204178391072544,0.008927103402416979,0.00841632412466297,0.00868908878791396,0.008255840709563797,0.008214886129165086,0.0284167286598717,0,gym
C001096,0.030515110616616714,0.029247658857994394,0.02908914739092011,0.06289707722721283,0.02919896774994305,0.6278110558567431,0.029389715385196455,0.16185126691537338,0,software
C001098,0.32726019327301104,0.016218930115504637,0.4842600918663027,0.016080499298927815,0.05278265994345013,0.01628866136734772,0.01814178728485725,0.06896717685059861,1,insurance
C001100,0.03567008983093535,0.03529882282320244,0.037217085596355906,0.03761840105719784,0.03738327504071247,0.03776898929341879,0.5757416012743827,0.20330173508379448,0,streaming
C001102,0.2834482554537281,0.05672116629971434,0.05896523224324571,0.05960629765753196,0.06059751419631963,0.06026579069701145,0.12923437921381792,0.2911613642386309,1,none
C001106,0.1947093946926526,0.04704771719341798,0.04631521875902983,0.45321762640797025,0.04523691105527698,0.046527623526171125,0.05341771649721979,0.11352779186826133,4,mobile
C001108,0.018153742791857625,0.4773276006611322,0.016700402323284715,0.01683410694845424,0.3130023760978004,0.01712532902096378,0.0542987874286478,0.08655765472785931,2,gym
C001109,0.02776312282816332,0.05958622834604232,0.028127360986428058,0.030042942658819675,0.4553927917398116,0.034034641100191575,0.20967030215976562,0.15538261018077779,3,music
C001110,0.1912658278701146,0.1408099254898896,0.03236208678848787,0.029987215233401355,0.03287504238073954,0.03418731678024056,0.035097225784912305,0.5034153596722142,1,none
C001112,0.011773042208767175,0.020430659802985356,0.011203676706864533,0.6369535249086118,0.008276223056074745,0.04609865248947115,0.008621225561847284,0.25664299526537787,0,mobile
C001113,0.21670963560593987,0.02733516886992167,0.02607123297445758,0.028245454628982276,0.28286226995571273,0.0981658808627574,0.07007503021197416,0.2505353268902543,2,music
C001115,0.02001609089863384,0.020344531350295687,0.022454710117208378,0.020996018302917953,0.01773993440993714,0.020369269706509437,0.7829722019091641,0.09510724330533346,1,streaming
C001119,0.02179985377300843,0.02363288620146503,0.022501821220595197,0.1842315628436222,0.3118699567564482,0.024235348237845143,0.025073019400181105,0.3866555515668346,3,none
C001120,0.014425401671713113,0.15597380285944507,0.015166059718574914,0.017102357016911266,0.018466855580960395,0.6953808811151528,0.019055228447440654,0.0644294135898018,2,software
C001121,0.007157407720720224,0.04789942535386811,0.3451377936416985,0.24400218565622986,0.0285022197635504,0.2551882516347181,0.028611855652642636,0.04350086057657206,2,insurance
C001122,0.03405179307804132,0.029940819332761687,0.02926913498363469,0.02803254024999747,0.0361955821079335,0.05378358699223715,0.032805654849939525,0.7559208884054547,2,none
C001123,0.2818994350401181,0.13767873420174298,0.015241267436424117,0.29231991530712315,0.027509217543234606,0.024511202639952073,0.060826007915199,0.160014219916206,0,mobile
C001129,0.01960566222177087,0.02047558859239322,0.17864050146812321,0.022083718533126004,0.06295546500022531,0.035087679307058514,0.30909620995793685,0.352055174919366,0,none
C001130,0.02759977959741256,0.027654372205403677,0.033174516229552024,0.027368626381577763,0.019264530371163782,0.027497017985923355,0.7416092576271804,0.09583189960178637,2,streaming
C001132,0.025305668079384877,0.026842928863158422,0.026893931307892062,0.028394498573696227,0.40156336114863345,0.20452115550529376,0.08899577012226845,0.19748268639967279,0,music
C001134,0.5492552715398602,0.019039864765225355,0.23669540994487298,0.030785161720923264,0.018087245898475934,0.01753278211279519,0.06211887219706086,0.06648539182078617,4,cloud
C001135,0.05211738464629624,0.05242380435212755,0.05717506500735318,0.024179401731511105,0.018330475067402246,0.056535189107563444,0.02684040036799101,0.7123982797197552,0,none
C001136,0.0099565756971462,0.01048521044654908,0.5526111813472008,0.009854538941124123,0.07939240010360943,0.2526257867181415,0.031629597793897395,0.05344470895233154,2,insurance
C001138,0.028156842837966635,0.025915599503422537,0.025932628451728636,0.35169584390912556,0.29491758960078995,0.09423341886901468,0.06502216092752926,0.11412591590042273,0,mobile
C001139,0.034297921440588575,0.03395649982201951,0.036677306375354234,0.0337130433022506,0.03561331770597643,0.03681098257018516,0.033300489260706646,0.7556304395229189,2,none
C001140,0.3708519037205311,0.2669622116276413,0.024190508973719525,0.024643778779961503,0.10783128368180493,0.022511909482585545,0.0991870792487224,0.08382132448503378,1,cloud
C001141,0.03408324751774469,0.03520753400315196,0.039535154119438615,0.03873630535136641,0.03534888519951853,0.3525398497887552,0.036374605052639945,0.4281744189673846,0,none
C001143,0.018697976936210104,0.22520000309979743,0.012438935000106104,0.09464923349626697,0.03255662642304917,0.5268947925534108,0.008621789322436872,0.08094064316872251,4,software
C001147,0.016985432042572555,0.01858935418126183,0.7781373305201416,0.017421091329777212,0.017433427150238875,0.017493838713061455,0.017096234149479694,0.11684329191346686,1,insurance
C001148,0.05293245638464449,0.02006291963272568,0.01952007223890523,0.022941838057875426,0.0658793534866669,0.01937288558557776,0.06650238213686657,0.7327880924767379,0,none
C001149,0.018089888601529436,0.15872497130143892,0.016737894900255998,0.6628390958117375,0.016942690186010193,0.01867437721237563,0.016352921193342473,0.0916381607933099,2,mobile
C001151,0.1266874497787865,0.030678638042886966,0.030501923879131837,0.032662887441681124,0.23902840520331953,0.0908964802484839,0.11647285477136779,0.33307136063434234,0,none
C001152,0.009496509547224056,0.010072298050248844,0.009419609819418067,0.010459863911872307,0.03837934977275612,0.16763314965819517,0.6884578149446223,0.06608140429566306,3,streaming
C001153,0.042521861148956425,0.04089989322601021,0.20587805791749095,0.042169835724664685,0.02620727346467567,0.2888405022452983,0.026946608721151295,0.3265359675517525,1,none
C001154,0.016126165856906804,0.015267691068637738,0.468926292534572,0.01415313436623053,0.35834873409461376,0.01567883837830268,0.031043624513675726,0.08045551918706077,2,insurance
C001156,0.06275024667994514,0.06597442308114464,0.07149002638285212,0.06807593967137424,0.07082685063974371,0.06893622774424557,0.05991910992421607,0.5320271758764785,3,none
C001157,0.04145828437062946,0.011357287983441967,0.010933162361207088,0.0071214911699221724,0.011947198673344803,0.009262664112160939,0.015345198127295729,0.8925747132019979,0,none
C001160,0.06125560029314579,0.009231859818165655,0.009014199733615186,0.008713837299630812,0.7263158869764703,0.008611972257563782,0.1372280434125974,0.039628600208810864,4,music
C001164,0.007241780201959796,0.010761819522842709,0.5060427663682444,0.011526068440110844,0.26814691028886734,0.012083735843264628,0.061133570274170206,0.12306334906054012,2,insurance
C001165,0.7821056006911831,0.016357663353496043,0.016119758446473037,0.013312618148898765,0.015170273810168791,0.04918305415629545,0.016981104952473736,0.09076992644101098,1,cloud
C001168,0.02949779609048065,0.06251882010406973,0.022620761081529075,0.027102977888754615,0.08223863809370752,0.02277611635472275,0.4998736795718072,0.25337121081492847,3,streaming
C001170,0.1650122571748624,0.02051770067402193,0.01876863321187975,0.018868232966365826,0.019970118600501713,0.5013185396776187,0.019975858173502954,0.23556865952124673,3,software
C001171,0.056011305089974595,0.022274732481141396,0.5449678107288182,0.02251851485064297,0.028781496767769768,0.02091230568297514,0.027162088951966465,0.2773717454467114,4,insurance
C001172,0.5765373630287332,0.03830376770894427,0.02574411212342355,0.023378137458726078,0.15866426909791212,0.024654944807341296,0.042534772032300584,0.11018263374261891,4,cloud
C001173,0.6304435092818764,0.16719306411225215,0.02175395430625037,0.020406546343355987,0.02151196989042055,0.021942545190522914,0.022119496748132933,0.09462891412718881,2,cloud
C001174,0.012689225925948757,0.7735335792767704,0.01196628416936816,0.08913278204084756,0.01589835297905439,0.01225515676421321,0.016039009500424323,0.06848560934337322,3,gym
C001175,0.013535617414526673,0.17089483065860833,0.01745988831233845,0.017840265756515906,0.013662553705122787,0.011193582845381906,0.021924845533194643,0.7334884157743113,0,none
C001176,0.4731285681028948,0.028415108329184022,0.16588278880693222,0.023813562193032992,0.10626148828965062,0.023007040492736473,0.10549322071299944,0.07399822307256951,1,cloud
C001181,0.04122631684668474,0.019710910872455037,0.13094804430720242,0.5666858271958254,0.018115830647154118,0.02236587976384418,0.04336107927438284,0.15758611109245127,3,mobile
C001182,0.008760044301010655,0.016832971218225783,0.014879032328626909,0.19434845289181293,0.018427049807140904,0.6727623494388384,0.01717808790268094,0.05681201211166353,2,software
C001183,0.024455924435027625,0.015210410845413153,0.04143710290247654,0.016354497197496466,0.019158626023722997,0.019336964757055302,0.013586603666221837,0.8504598701725862,3,none
C001184,0.024254607456449685,0.7498530072760479,0.02522721242624157,0.023402161247673,0.024432602007114,0.024516377268284158,0.053464679841395066,0.07484935247679486,1,gym
C001185,0.02426529664386321,0.0251912004416594,0.029171054407712158,0.02694681225606419,0.1258588141979067,0.547647706503733,0.07534106557190301,0.14557804997715834,3,software
C001188,0.022074456706781084,0.022378400222892128,0.022740700932740762,0.021334563884889073,0.02146234196359873,0.6075825765091014,0.02088982998225719,0.2615371297977396,0,software
C001191,0.01434074637762497,0.013607284446492403,0.013694090725496946,0.013016236035981133,0.3852282855704913,0.3178191290109773,0.11046385819060874,0.1318303696423272,4,music
C001192,0.008562748807599666,0.009940060389944523,0.009487332523188981,0.00936596693111474,0.3518449367774385,0.022075268585026064,0.32180324148476547,0.266920444500922,3,music
C001194,0.04605033832982337,0.02451637972925712,0.019100343771964214,0.014192730905484743,0.03027822341691938,0.0193707577427968,0.01573980100590273,0.8307514250978516,0,none
C001202,0.013805956282900794,0.013949968225085234,0.014065991231967565,0.11731329080590891,0.022381134623744893,0.00938432769012847,0.01627343497945797,0.7928258961608061,2,none
C001203,0.037644211612086434,0.018465264345020573,0.017610698456616922,0.08316079870892618,0.12632225756229895,0.5716247136219205,0.054554117059038856,0.09061793863409168,3,software
C001204,0.055236561420220834,0.013585798527896441,0.07847155437692707,0.01362090989456963,0.09237567413001889,0.05759642825226327,0.4271820644504075,0.2619310089476964,1,streaming
C001207,0.025947761686256947,0.027483479982295382,0.0293367944167751,0.026518843383579946,0.03084083468037899,0.02782295922451127,0.02674678719763479,0.8053025394285676,3,none
C001209,0.041575008109213926,0.023987171879564194,0.04692247742267492,0.025679333206491788,0.27582079136562976,0.16332885331651364,0.21783287712904903,0.20485348757086266,3,music
C001210,0.06272040315585149,0.050640424691477184,0.05360739096318069,0.05661778199710191,0.05533817035794976,0.055148786784740195,0.2797715156482038,0.38615552640149486,4,none
C001211,0.6105132846798278,0.0310221000303285,0.02998434789273524,0.06611307821669236,0.016324420607342165,0.0287869085950197,0.0290634293105731,0.188192430667481,1,cloud
C001214,0.012698306839014406,0.13480274256332492,0.10535958610989749,0.010997841105753872,0.48918612954419916,0.010224605546250326,0.12576347322127993,0.11096731507027977,4,music
C001216,0.01384033976162417,0.19000623889194787,0.013856066915825681,0.014067017118851687,0.08839172004899415,0.12019836115364936,0.49381559014398635,0.0658246659651208,4,streaming
C001220,0.5649035057414444,0.27002415811524494,0.01867626461472567,0.01784214037004424,0.02063772217401711,0.0178980897657837,0.022050431258334495,0.06796768796040545,0,cloud
C001221,0.02105263309786876,0.018358919481189315,0.01612600554529095,0.01580063092342153,0.017676491179607276,0.040758798710407,0.01673656424573311,0.8534899568164821,3,none
C001222,0.08749996077254893,0.011010306045912932,0.33512384399494455,0.011208993735959839,0.010012116757261828,0.36482214685026804,0.05117961743481003,0.1291430144082938,4,software
C001223,0.021695079016159365,0.17970404931833428,0.021349995385132072,0.1943741387399237,0.0340689679809633,0.02115147596536107,0.07645111698281962,0.45120517661130655,0,none
C001224,0.014531155728097007,0.01712791170451184,0.11373736852689935,0.10416472141094085,0.011951850872555786,0.010934582806445414,0.01174459087272717,0.7158078180778226,3,none
C001225,0.02353952066596288,0.36358225435783853,0.1303017105403065,0.02155646462401119,0.020016842513327377,0.0365605599558024,0.01850706389249086,0.3859355834502603,3,none
C001229,0.010001827603167254,0.08880503450270429,0.6802711162195121,0.010758022827993569,0.11515011419321372,0.009267821732434789,0.030600640489082783,0.05514542243189141,1,insurance
C001230,0.24873545714108458,0.03044751519000234,0.05257031421808302,0.013443540610391796,0.013947678152474453,0.01330180807721246,0.013276555981609574,0.6142771306291418,2,none
C001232,0.047373488644133654,0.18947664011384438,0.014492908687141665,0.01467325595058486,0.05285740214356664,0.05399484782018685,0.019047542027806213,0.6080839146127357,2,none
C001234,0.11982138424485378,0.04467808300181619,0.047146511795854884,0.046766979466369124,0.04906902392423315,0.04803624975156096,0.046418028679143575,0.5980637391361684,0,none
C001237,0.018608237620972495,0.6012402977857749,0.01720387501803369,0.017145082537562847,0.018771068189164804,0.01789486722755506,0.01808767894355382,0.29104889267738226,2,gym
C001238,0.08944249794745807,0.03052073612406188,0.028858435424152982,0.08458151648645858,0.4370853085639522,0.030432991840262706,0.13565042555201592,0.16342808806163756,4,music
C001239,0.14352005979175053,0.016417961683223757,0.015845690290681856,0.018667096242407217,0.02454581019608236,0.016601249944240365,0.6886982846116725,0.07570384723994147,2,streaming
C001241,0.07438034017099249,0.07656012765987173,0.0782661276964408,0.0772372082762555,0.08120582761297016,0.07623968780706036,0.07759682849253682,0.4585138522838721,3,none
C001243,0.03733645099328011,0.03821263327369677,0.038099100193916505,0.039656441281435126,0.04049426011358727,0.4392582278531091,0.04070495909068039,0.32623792720029476,2,software
C001244,0.016124114399572297,0.2010896441904258,0.015499193208544593,0.01447865423887844,0.05365764758961576,0.22021899547460289,0.29445619457873495,0.1844755563196253,0,streaming
C001248,0.004445705652456756,0.015370387356175713,0.01525285057215304,0.009339312737964263,0.009600916713566563,0.005682853367698828,0.008669327368338392,0.9316386462316464,0,none
C001249,0.032782462866172916,0.009407914211304599,0.10686043293459548,0.008838521263946686,0.4324019991011666,0.20778374724635582,0.09089323706682328,0.11103168530963461,4,music
C001252,0.5796294076843671,0.027964694485427037,0.026746650296864842,0.2099044491734382,0.02940558493756692,0.02708304229296453,0.030381922261791122,0.06888424886758027,3,cloud
C001254,0.01730338575403305,0.018192701377974577,0.018031152103839324,0.5388612422284974,0.020198225899709904,0.1996488219352272,0.021943047542159633,0.16582142315855886,3,mobile
C001255,0.23067137190093046,0.22062435544804182,0.03464588036702422,0.03380211169822506,0.28171347905256017,0.03625110371972239,0.03281606112166479,0.1294756366918311,1,music
C001256,0.471119247091196,0.02479226664333316,0.07959553568731947,0.02476593104526566,0.07335079559879808,0.024888974233902014,0.1726633374635957,0.12882391223659004,0,cloud
C001258,0.025516501604270637,0.6869275999327802,0.026666771019676655,0.02581573945040555,0.026426065091970534,0.02638179014529357,0.0276942752263966,0.15457125752920625,4,gym
C001260,0.009119263422079126,0.013966150776332788,0.013533783915391256,0.012811408407553881,0.011883047515697126,0.21157784763851462,0.011566166659631305,0.7155423316648,0,none
C001265,0.016573933746884657,0.33425470159336373,0.016460353388109833,0.13977871110085546,0.011977426627722491,0.11051712572647458,0.1170089898536727,0.2534287579629166,1,gym
C001266,0.6283644232676437,0.015200348059873815,0.02735290455918317,0.005361327112896803,0.013429410794628074,0.01292141872634759,0.013482299035338829,0.28388786844408803,3,cloud
C001267,0.016354117408575876,0.04414559504005057,0.01545830428067596,0.014716601723404995,0.013069650236649376,0.01426724980165376,0.6359443589020709,0.2460441226069185,0,streaming
C001268,0.00900891743728505,0.008549259439483288,0.012814208942093366,0.07187961741729104,0.008645000278687214,0.18897797207792552,0.009456185358181214,0.6906688390490533,4,none
C001269,0.02056388856535478,0.02037821809187577,0.020122514302805587,0.5132899231316526,0.055745565454772855,0.020670324247507327,0.021751171356263043,0.32747839484976804,0,mobile
C001271,0.026364108135549423,0.02918809518518229,0.028485022745584936,0.028610127164470468,0.6380427003144575,0.027671724530439895,0.05672174368818245,0.1649164782361331,3,music
C001272,0.05602593570215143,0.016908599102728693,0.014242657877780262,0.01712083719356756,0.12056091928596666,0.013822962205605775,0.1396232087996561,0.6216948798325435,4,none
C001275,0.03919575175135093,0.03851214870097147,0.038901413573831756,0.03802322788051127,0.04159676625435377,0.25549794795582337,0.04329156736107549,0.5049811765220819,0,none
C001276,0.02407186147580722,0.026447235612536292,0.025268550322640068,0.04050668927081774,0.1517797665835271,0.5374068038449386,0.07741500984221972,0.11710408304751323,3,software
C001279,0.5379909577585353,0.29480675935614065,0.01402192820069888,0.02565952577369064,0.008521597162553272,0.01235609912873971,0.013567497666010717,0.09307563495363083,1,cloud
C001280,0.02933886726205146,0.13985052733803616,0.0297183362426954,0.03044203897110398,0.15010319493768598,0.030460359914501835,0.5079569862749796,0.08212968905894552,4,streaming
C001283,0.03285591770157172,0.11131379779498679,0.29573499326646124,0.03079171378666991,0.031686773650875535,0.03116622074690114,0.031895809121174415,0.43455477393135933,0,none
C001284,0.027975962304250705,0.02947523792595311,0.031228335179596663,0.02841408138346551,0.032657462103916166,0.02961739095779434,0.027749425187564302,0.7928821049574591,3,none
C001288,0.11219895362719978,0.12098377466580901,0.234642941358634,0.011952347782079074,0.015473660612088033,0.34604271096786854,0.01623975179648301,0.1424658591898386,2,software
C001289,0.05996129108484134,0.05787491709062276,0.06205867824043246,0.06146691914336486,0.06368630935891932,0.06281704767387587,0.06010774495744124,0.5720270924505022,0,none
C001290,0.014329502924209675,0.01518229787812905,0.6557089070196913,0.013677560886378722,0.014353391533219774,0.017098782592846945,0.013256944709868417,0.2563926124556561,1,insurance
C001291,0.19538833335609018,0.015004217873432306,0.013121410539314832,0.6805921503875902,0.012501107174329998,0.012185639647798879,0.012737724692498956,0.058469416328944514,0,mobile
C001292,0.014129366469167907,0.014785186104922375,0.013991869786450867,0.022054365313580876,0.05940340839875659,0.01359336388571205,0.6528142796643703,0.20922816037703895,0,streaming
C001293,0.49771733550556874,0.06609557861908427,0.008780840676428724,0.009109676328384525,0.10144803462983071,0.00984978780379598,0.2502548040168168,0.05674394242009031,2,cloud
C001294,0.016147596037893213,0.7600907930205537,0.02114956769538993,0.020530764961825657,0.024775253718619918,0.02420442991569277,0.02342701685384045,0.10967457779618438,2,gym
C001299,0.02080428866803008,0.019514335462499345,0.718356015575923,0.061109874051914065,0.02014783768655097,0.019213546252113755,0.02020122320386513,0.12065287909910374,1,insurance
C001301,0.022636055206094168,0.021494850276656048,0.018498468855118175,0.05863899171403996,0.03544841317958567,0.013641273832982238,0.20329051517708946,0.6263514317584343,1,none
C001306,0.04315718198657455,0.042277094549676215,0.04231030340644873,0.04045149850651028,0.04781251828320987,0.04193621134731969,0.05600662832790182,0.6860485635923588,4,none
C001307,0.014153555788383506,0.016663700718071696,0.023080687906641688,0.4350670218226137,0.2127938091976096,0.07588856234190791,0.1472552816926912,0.0750973805320807,3,mobile
C001308,0.01931764787296461,0.019814705738515122,0.019263909153301128,0.019480454878428217,0.029398059463909137,0.016536913501290464,0.07691423094461537,0.799274078446976,0,none
C001310,0.1293361182424717,0.023422695624940565,0.1521463466902045,0.021069750513328142,0.47206696902582534,0.05073111213687832,0.060611176587238594,0.09061583117911279,0,music
C001312,0.42574137318429894,0.02408185028444965,0.02385524397129845,0.14269758279682884,0.17779763924173586,0.05324315943244772,0.0628860481454181,0.08969710294352243,1,cloud
C001316,0.031974777353872434,0.021767696304853968,0.027893837696841346,0.031507794660497794,0.2131297142308703,0.020404058114502487,0.4597799662488587,0.193542155389703,1,streaming
C001317,0.03421924451857776,0.01806864626086406,0.01569471491680019,0.02313812305195445,0.16436980383840047,0.011721071329719002,0.020401769657943214,0.7123866264257409,3,none
C001318,0.034341690091428845,0.033670492379878125,0.035390486415516065,0.03265567097540767,0.03613232228142412,0.030735780789296147,0.05689753338802981,0.7401760236790194,1,none
C001320,0.7532085085864397,0.01989332911232531,0.02049175866628108,0.053759348076631054,0.01924328075162758,0.01935880281719245,0.01966991527542621,0.09437505671407649,0,cloud
C001321,0.5664712125482588,0.018268346203076935,0.02621552236175813,0.21593050714641618,0.02339175882715273,0.015518051354532748,0.018888418275892795,0.11531618328291157,1,cloud
C001322,0.02404326306763195,0.029703309213867157,0.011633251273401831,0.5969334713807996,0.059518878663088956,0.040495238159250296,0.04176891138693245,0.1959036768550278,0,mobile
C001323,0.012981676389802452,0.0130986236531406,0.012785028124357015,0.015305978809565895,0.26383273352428843,0.20457579888173233,0.39363278921525074,0.0837873714018626,2,streaming
C001324,0.011188408582893224,0.011005997026158955,0.03984792547115819,0.012178390760900607,0.020613236771785247,0.009089191748317694,0.008444365458304603,0.8876324841804815,0,none
C001326,0.013936687850807664,0.016946061625857576,0.017165855379354403,0.019156824282688653,0.014625564555590293,0.4673824206562396,0.33901219180915393,0.1117743938403078,4,software
C001328,0.12304506897383208,0.09236701864641561,0.10519055213264017,0.0431660297419921,0.15824317914961097,0.040741894991907265,0.04884908348041091,0.38839717288319087,1,none
C001331,0.03957401227168188,0.018228406571636768,0.030784511103131715,0.0076993152486949604,0.10977884314947028,0.014726604291832469,0.3248054452295804,0.4544028621339716,1,none
C001335,0.7180247248203429,0.012320684977210717,0.011246499046850916,0.010688346969318089,0.03917542764222984,0.011129305242464048,0.14017486353157615,0.05724014777000732,4,cloud
C001336,0.018722759433874723,0.01868000674708719,0.03698502673892336,0.01615132786607318,0.026670698923661872,0.04317432496898482,0.04960068942002064,0.7900151659013743,3,none
C001337,0.0517728075096246,0.15347684049790516,0.004686195649430949,0.0063089196522481215,0.2176938041773298,0.5283959002956246,0.0072290119239606255,0.030436520293876158,2,software
C001340,0.1005126369554884,0.026569501018846572,0.02647748039668377,0.01767369792139935,0.12298378773645222,0.05801689120134107,0.27569705402509265,0.372068950744696,2,none
C001345,0.14756259825438614,0.015705250683538303,0.017008820069064085,0.014407782914068738,0.010372472359668287,0.013968715365275062,0.01064374415272258,0.7703306162012766,3,none
C001347,0.23247186148036203,0.02939956761138824,0.1781053277333976,0.08820494077112244,0.03132426903971908,0.03245564853747321,0.03147862780364161,0.37655975702289585,2,none
C001348,0.03357353392079236,0.020959569405015657,0.016398539929178408,0.032778948829598406,0.01647444734632907,0.016119390864643198,0.016650421215727806,0.847045148488715,4,none
C001351,0.018582087113575355,0.016889787289339465,0.6215504369474016,0.01224471146392789,0.01795552866801602,0.06948844592811113,0.017328456948589706,0.2259605456410388,1,insurance
C001354,0.6873693690509644,0.054509978068925324,0.018568019861490766,0.01767394566649272,0.016355069449527155,0.012384615911610483,0.019748746084406275,0.17339025590658286,3,cloud
C001355,0.028352111623742453,0.030071225363918753,0.16204475558582904,0.029757207291738218,0.2281134239135394,0.029428381810768817,0.31287219827190416,0.1793606961385592,1,streaming
C001356,0.02057225649350711,0.01752090610304454,0.01706253107039165,0.8042736013974835,0.02083662761200516,0.01737826937466542,0.019103138604067503,0.08325266934483519,1,mobile
C001359,0.013284833161821974,0.03757592003236219,0.011667992554572442,0.009884057598540165,0.02869671230204314,0.0055186328228809195,0.5211539627468121,0.372217888780967,1,streaming
C001361,0.05743369066210009,0.05179262773252606,0.05224149942814346,0.05040588672544717,0.05827037244017201,0.05579067355295129,0.06983137436047673,0.604233875098183,4,none
C001364,0.03406960342366897,0.03695498216937196,0.03509522340220609,0.04078479562225717,0.5211867100254206,0.03675065626397024,0.10560209140446852,0.18955593768863646,4,music
C001366,0.05412111607667207,0.05460544565890034,0.05595068116555647,0.05587757408843688,0.058403515904621346,0.373423970090044,0.058815131255684765,0.2888025657600841,2,software
C001367,0.4946723863597614,0.024221789233247484,0.024672143275374092,0.024031797226720414,0.10000019164634044,0.028421857747287615,0.11792654441370998,0.18605329009755855,2,cloud
C001374,0.3120699883873677,0.05460297233846166,0.05718156242923002,0.053840111867072125,0.0575903263491935,0.05671475278305174,0.06531293615449066,0.3426873496911327,4,none
C001377,0.02509710654447075,0.02470598541973744,0.02789008731918259,0.0250972144631034,0.008886480973338818,0.01386988988116778,0.0351874338352669,0.8392658015637322,0,none
C001378,0.018567966301204115,0.05199334463158564,0.7251485748025344,0.021232671771331216,0.019382173335033386,0.01934469363039324,0.022527788504213827,0.12180278702370413,4,insurance
C001380,0.1094907040623827,0.01455382214831907,0.04483455348728161,0.03562424153071353,0.011608708977880475,0.01414733211042606,0.03716576822322199,0.7325748694597745,0,none
C001382,0.012715676195834556,0.011753463247655364,0.03689844519279535,0.013200860313653352,0.007116300934942014,0.00839175174901294,0.00760068039781252,0.9023228219682938,4,none
C001385,0.017511204520075672,0.016131057525807003,0.01586935315659955,0.1787188224834357,0.01692044170708193,0.03429672807624769,0.017006941662615613,0.7035454508681368,4,none
C001386,0.01522201911487132,0.24684065019294732,0.4748763049560857,0.1633355486143836,0.011758615673456641,0.016056295459311497,0.015106601750153,0.05680396423879098,1,insurance
C001389,0.04455955769601782,0.11745127528850358,0.01369395628473732,0.02645396454417641,0.05223972490749659,0.008959892615591226,0.09214792848610236,0.6444937001773747,3,none
C001391,0.030825413778635773,0.3689905783499129,0.0334198006954146,0.03442140484603475,0.2657854012285866,0.0944991394866926,0.06199219619230768,0.11006606542241504,4,gym
C001397,0.5674312472266079,0.014330350328352422,0.13962633808600958,0.014448666649187744,0.011843645986349988,0.013264393434510177,0.015601845735005752,0.2234535125539764,0,cloud
C001399,0.03685224715638264,0.03447718883221771,0.0349040136070527,0.6381352499109889,0.03357151801199165,0.039872798931802,0.030253932726482406,0.15193305082308198,0,mobile
C001400,0.03713618926046699,0.03551199898625924,0.03468397813996635,0.03268405147113147,0.4547351915813632,0.03335358459215042,0.2300361375224918,0.14185886844617054,4,music
C001402,0.03958677053468365,0.03929531966030814,0.039193556319437745,0.03876076310930722,0.13796522421273136,0.039931306765960864,0.5133413567504133,0.15192570264715782,2,streaming
C001406,0.7513670129560532,0.013498452061647206,0.013832951825937096,0.013031740174159714,0.015096502793285001,0.1314820097002244,0.015660873285176968,0.04603045720351639,1,cloud
C001408,0.14649574437714916,0.033755944246695,0.011727004223059136,0.014722864866337849,0.01418807649944116,0.014358396896271865,0.01845904883591195,0.7462929200551339,3,none
C001409,0.025579821841944378,0.023389962498924617,0.023170340529194016,0.02248960811810991,0.024833038443468018,0.2686273142648637,0.024800900316797183,0.5871090139866981,2,none
C001410,0.02433395562772951,0.024158467055493123,0.1909544952176388,0.027421274011650808,0.07593354550051981,0.03075714026986105,0.498270270912921,0.12817085140418594,1,streaming
C001413,0.011971770914461222,0.01920522441620586,0.19843376041699928,0.018197093913699156,0.011618026149943736,0.009530017862751991,0.010805092348996818,0.7202390139769419,1,none
C001414,0.010481687048865951,0.1083692001349397,0.19603589150015033,0.010665933401499676,0.4938243797248602,0.015382140827068878,0.12127394758426564,0.04396681977834958,0,music
C001415,0.012179827461130504,0.011453494953022846,0.007357023682086918,0.027876299071755956,0.008151739792006993,0.018883700830337868,0.007648549484128115,0.9064493647255307,0,none
C001416,0.6853927221722711,0.022674738274163674,0.02210391607370364,0.12220341782908645,0.022969029648668777,0.02272844911747191,0.023999953896067718,0.07792777298856655,3,cloud
C001417,0.017034542840452607,0.638453074846877,0.01712793662353759,0.017857971134634068,0.059320714462076235,0.01663342494270053,0.16832062767355396,0.06525170747616807,4,gym
C001419,0.19723348877728758,0.020461574949748745,0.6543583265211494,0.01926009739640281,0.01908581019851855,0.019105827633505316,0.019111098764653348,0.05138377575873425,0,insurance
C001420,0.041628480528492814,0.04194816251874503,0.046096588617935516,0.04394517258519716,0.1399562885081056,0.22107749216329706,0.15378411422690175,0.31156370085132506,4,none
C001421,0.35197755288251575,0.02896596360955839,0.01569835460667103,0.015872893781429184,0.3278480706517256,0.07194145455316525,0.0725341911060714,0.11516151880886338,3,cloud
C001422,0.019618751465455688,0.012075420445152956,0.0765987657979695,0.011157673254144851,0.8010112126436932,0.012058511233897357,0.01781438775809904,0.049665277401587334,2,music
C001424,0.019191949571681036,0.019812118801170855,0.043304481421272155,0.10859914399942397,0.03914657931439938,0.2141790513356331,0.040798026913979366,0.5149686486424401,3,none
C001427,0.5027758194211778,0.03948560082708894,0.038709907529997915,0.0373732548413386,0.03940094140853814,0.04205855994797673,0.03820348655763749,0.2619924294662444,2,cloud
C001428,0.022096833073153927,0.0733608032604923,0.6611096944912573,0.01599654257046149,0.05183957357437641,0.015246772469068073,0.10908216151201305,0.05126761904917746,3,insurance
C001433,0.00757153193824991,0.7572244972853065,0.10347026452753093,0.008597108704766643,0.010344181036025414,0.007638975501305071,0.06052314252294287,0.044630298483872614,1,gym
C001436,0.028073917041613893,0.0303625750221079,0.3034243571771838,0.012577390683442437,0.06224136908905114,0.028968380744893232,0.39055386031108674,0.1437981499306209,4,streaming
C001437,0.3489651212640063,0.03182230297371655,0.03176597190121373,0.03164127450747863,0.06887998102725526,0.03821010531310076,0.03202893949940222,0.4166863035138265,3,none
C001439,0.02382635191188972,0.018190272049408568,0.02231143717323777,0.7017005702438699,0.018157262735770355,0.07798708637424984,0.019037464672016068,0.11878955483955767,3,mobile
C001440,0.04351415771371221,0.03968936710571937,0.041939982812243676,0.04246093117608061,0.04563598879930869,0.044364902852689195,0.04178103499486548,0.7006136345453807,0,none
C001441,0.019311973119790535,0.2791168762164369,0.3796639998928529,0.021957188394826722,0.022227797391159338,0.1960117880980946,0.021103081483826718,0.06060729540301231,3,insurance
C001442,0.009907205523606057,0.010371927415218337,0.8838976050050655,0.00969177816162806,0.009938457834849417,0.00965505756554292,0.010887296802325138,0.055650671691764526,4,insurance
C001444,0.035452404185292816,0.035347956553105894,0.03873418829314863,0.03912330949557478,0.039662235899132973,0.02339220334609981,0.03840451208465811,0.749883190142987,1,none
C001445,0.06750814634354062,0.06839082232863815,0.07046319951828181,0.29886145397913444,0.07304291341497435,0.07411319411352608,0.07131112031097779,0.2763091499909268,2,mobile
C001446,0.022469562911183356,0.024185485605575083,0.02164092057120258,0.020932899062447156,0.2718773776615893,0.027313411885520847,0.11395593087448036,0.49762441142800135,3,none
C001448,0.015080828281636347,0.01528255803690114,0.014694164845827268,0.6351390035713051,0.015600384932367227,0.09120770616262887,0.09164192490690405,0.12135342926242988,2,mobile
C001449,0.015324290429072848,0.342501805412456,0.31998472347620943,0.015594825222429769,0.03064901342672586,0.01461617544672181,0.15797119719714764,0.1033579693892366,0,gym
C001450,0.7352708299615072,0.02291025179409177,0.0237268042734552,0.03822005615930336,0.025383755208302237,0.024253981689173754,0.02594152936588818,0.10429279154827849,1,cloud
C001451,0.046782639239655525,0.6103523765046491,0.015949636974899976,0.015583285209820441,0.016326940823490954,0.008954190797632561,0.10412498134745832,0.18192594910239304,0,gym
C001452,0.017644374118206803,0.016870751623880072,0.0133527709426252,0.1517307872367127,0.05037348229747247,0.29579584253692115,0.3950233705017324,0.05920862074244913,1,streaming
C001453,0.04940985094075873,0.051083521012278435,0.05064920655560892,0.2912996455672925,0.05253934331099164,0.05115483651343056,0.05188725316071277,0.4019763429389265,3,none
C001457,0.5735956490489524,0.02313310845263073,0.03427333969642263,0.024028452087716617,0.16463502300841062,0.01764492908967047,0.055341049659591024,0.1073484489566055,0,cloud
C001458,0.30644823721644593,0.0521323719980063,0.0524438462829285,0.053476434435007304,0.08472957151311054,0.05184517806697164,0.2968368796083553,0.10208748087917446,0,cloud
C001459,0.05029828215148921,0.013025937576832174,0.012915280107993634,0.6639650076853543,0.16898838216029946,0.02250121245428515,0.025466997627409838,0.04283890023633622,0,mobile
C001460,0.05932544428716133,0.12617294090415085,0.013421029388324844,0.013629874632335545,0.04252098184813772,0.014759196480140646,0.035231024285598114,0.694939508174151,0,none
C001461,0.029532646775508098,0.03244492183040898,0.6171903050878926,0.030573604996997725,0.030352653303715223,0.0324570668308707,0.03676918528903772,0.19067961588556898,4,insurance
C001462,0.01682912473763407,0.01672994862445851,0.015548323923126214,0.017032270148137935,0.33398237249854934,0.059239029690894784,0.3758868905531258,0.16475203982407333,4,streaming
C001463,0.026247896019692216,0.07038546013276749,0.028248751486684952,0.026207028487691447,0.030066925270583578,0.03110290915186469,0.0296166154240093,0.7581244140267063,1,none
C001467,0.5663482853373325,0.024041128162145424,0.02424899145394457,0.19247401588129578,0.024002580451475512,0.024490737068454727,0.028700019444721517,0.11569424220062995,4,cloud
C001469,0.0233802743924608,0.5768465472960341,0.011047728665658592,0.11949054892526756,0.023062177863450627,0.022154916944828493,0.023841449787799084,0.20017635612450074,3,gym
C001470,0.1197078310404621,0.016374055782323274,0.4048685426924599,0.14545073459741314,0.05985821587535758,0.01591539272532025,0.16303023273039696,0.0747949945562668,0,insurance
C001472,0.008686162589057403,0.010201268464486239,0.008433567200796414,0.03874991375197225,0.028284263972401278,0.025389411171517388,0.028625762658941855,0.8516296501908273,1,none
C001474,0.480750732648689,0.03536257568762492,0.03528713848604859,0.03361449509941759,0.026242257358786415,0.2595124609350049,0.027847291738078393,0.10138304804635019,0,cloud
C001475,0.047250994521938594,0.04781429061749341,0.04853845285567343,0.29700825798526354,0.050135146457095284,0.0500971903425797,0.047870615204301525,0.41128505201565446,0,none
C001484,0.02373682720635545,0.3730916317844639,0.26500301670572907,0.025069205935394134,0.05909007204400814,0.02421970852603881,0.17086924856672045,0.05892028923129001,2,gym
C001485,0.10865602668832826,0.013560248675917513,0.0077352343852912075,0.01354644022459982,0.025446313470129156,0.011428181740635137,0.030364844891396472,0.7892627099237025,1,none
C001486,0.013652001104740012,0.02131054910469165,0.022059876894074716,0.719841313772772,0.024437976243170297,0.02169754971382281,0.027357234572430306,0.14964349859429815,4,mobile
C001487,0.012950753225474117,0.44230465945323627,0.16236721265191542,0.01191998861554069,0.04168600633305574,0.01402903181055683,0.2267410012630435,0.08800134664717744,1,gym
C001492,0.02372109966944851,0.07692296798319267,0.022810473263786595,0.2542036144641305,0.025806002647012282,0.026197995854110298,0.031029455067493494,0.5393083910508257,4,none
C001493,0.2576551937187889,0.034438790784410575,0.04391546241087137,0.07404730438624099,0.05849375865115224,0.23796926960814513,0.02734715362927449,0.2661330668111163,3,none
C001497,0.5603667361654358,0.01761195111059287,0.057805576995148156,0.01675832550916892,0.018490397888036598,0.010363923993720662,0.017794375574081735,0.30080871276381527,0,cloud
C001498,0.330193442540927,0.02492007466376176,0.023053963952643454,0.022146775619362,0.13691000696656244,0.34564570378236015,0.059258463051490046,0.05787156942289317,4,software
C001499,0.01720149168236855,0.6625502305574249,0.01669183138086234,0.01940380889812049,0.026490798375539523,0.01788421758950412,0.16702720548285632,0.07275041603332374,2,gym
C001500,0.07462455727083225,0.03946967739009992,0.34192711333312387,0.03702030869825439,0.03824071605450917,0.2855485824771801,0.0374661250268592,0.14570291974914112,3,insurance
C001501,0.6870848975647461,0.022065855496752877,0.021422641843060045,0.03526792483537521,0.022580477109934913,0.0215998419081866,0.021823045614360156,0.16815531562758407,1,cloud
C001503,0.013526262988892163,0.01348937386735251,0.011705830165597923,0.017245397089160914,0.014201835560293695,0.00503120306772052,0.009422386965334347,0.915377710295648,3,none
C001504,0.7915508870081257,0.010418047886113085,0.010137969305586993,0.12073401371768006,0.011417285211237999,0.011344093438922412,0.011708124942612013,0.032689578489721656,3,cloud
C001506,0.019488185707206555,0.02006485660241153,0.01961828059046786,0.27917416398544337,0.08988968184437449,0.03156161689056074,0.4752805428157587,0.06492267156377667,0,streaming
C001509,0.0124593753935921,0.0332889055424881,0.039253645497920174,0.5591255882308745,0.020774883987956662,0.011752438730225443,0.24941401289155346,0.07393114972538956,2,mobile
C001513,0.024194591536968117,0.7604812457462369,0.02569618609824323,0.02499624652914081,0.02604567441536429,0.026423718527303956,0.026238153145972186,0.08592418400077054,2,gym
C001514,0.021525695524400014,0.017719121132292858,0.1412837617907952,0.591239796933842,0.01725790210971008,0.09533679731847652,0.017375654081603735,0.09826127110887962,1,mobile
C001516,0.02757018671764314,0.02980755926630795,0.027919599738765937,0.04840157872597717,0.02839361211470106,0.013934856745440033,0.03614279855702182,0.7878298081341428,2,none
C001517,0.01935214829869593,0.02991342229011664,0.1724268769500591,0.01858932100657433,0.10034153936717927,0.5376137664658601,0.014845891358766732,0.10691703426274786,3,software
C001520,0.02229257672283847,0.444761694862123,0.02693566754927367,0.026883897437143735,0.031282244547586616,0.2843930862955261,0.037916955107099054,0.12553387747840922,4,gym
C001524,0.013711015631519679,0.5148771059096597,0.012161481668279135,0.12318914057486698,0.15738694813288628,0.04736016526331918,0.06218895053073083,0.06912519228873824,2,gym
C001525,0.0488058299788455,0.05503994262898192,0.052014244472740154,0.08055889499254865,0.18799683179814533,0.05049755228934831,0.078433593707599,0.4466531101317912,0,none
C001526,0.01028589846576287,0.7767752304264219,0.010961550418041024,0.011058340835019418,0.036886586681751245,0.009450464059881007,0.042230495673006144,0.10235143344011628,1,gym
C001527,0.45650562075698176,0.14629284847756863,0.011210153989586578,0.016232350675502827,0.015717242605253003,0.2673186645479612,0.012234285886553035,0.07448883306059284,2,cloud
C001530,0.06170985636497579,0.06477259938869649,0.06514875852348316,0.16521512647564765,0.06535189066199858,0.0654868921180651,0.08468135498962402,0.42763352147750916,4,none
C001533,0.022712982971808113,0.26196613475467756,0.020948656655693086,0.24329034502378244,0.021269442225365188,0.24386756999054998,0.0704334377841319,0.11551143059399169,1,gym
C001536,0.052946649103774154,0.05080936486096471,0.04539345539647415,0.050695487738696116,0.058096287292267686,0.05371056663063063,0.06973718915515574,0.6186109998220368,4,none
C001540,0.04354208416905062,0.36169938602253643,0.029754939160849155,0.34857367034025644,0.02975864928309391,0.07940662385922145,0.029470994342345895,0.07779365282264605,2,gym
C001548,0.01703282444462764,0.013326303358811558,0.608538255568606,0.01260270937046491,0.1983366756530311,0.01260299937599772,0.04540734670660716,0.09215288552185397,1,insurance
C001549,0.018024823518769044,0.007024722658830815,0.013992960860840363,0.8706412355986981,0.015966711764015058,0.013715638969746237,0.014763392163612627,0.04587051446548784,2,mobile
C001554,0.15773321991645328,0.17708165933019,0.25175986504532805,0.013887691363554453,0.013811409224278735,0.011764139883350377,0.01378153200974262,0.3601804832271025,2,none
C001555,0.02091660295000061,0.02128356928934887,0.0683713123219299,0.01963411763272739,0.02045020272325784,0.1375839366287291,0.02068571516706917,0.6910745432869371,1,none
C001560,0.018574448224667084,0.0179069310252138,0.5553069592600974,0.019303734992654753,0.018140615570111637,0.01860212747474499,0.2639941854695731,0.08817099798293711,2,insurance
C001561,0.05751420297959514,0.05361711164782564,0.05403642971392571,0.05220081701122942,0.06015132656849086,0.05765295070594835,0.07060359478478792,0.594223566588197,4,none
C001564,0.043894976826195885,0.043150725726713954,0.5302734817777607,0.041861550544381315,0.042436148440863755,0.04158906226382313,0.042753281445675084,0.21404077297458615,0,insurance
C001567,0.011984849909917338,0.5159119807172392,0.16936049409865012,0.01061484346067,0.1943263833641527,0.010029258889526226,0.03296422443084546,0.054807965128999006,1,gym
C001569,0.02043537449679711,0.09829572522672547,0.019160236141125133,0.019096437071871634,0.6847253804147508,0.019713921041442758,0.028336752875335658,0.11023617273195147,2,music
C001570,0.06017400484638864,0.5981561821139321,0.009955795002825583,0.009542765208921087,0.01185355597023412,0.25383148683562706,0.023347278039797848,0.03313893198227359,1,gym
C001571,0.016387191600585962,0.19508323823748858,0.013922890307993957,0.07327435828727946,0.036162420291109804,0.5505548856568784,0.06250152364022532,0.05211349197843854,2,software
C001572,0.416165310747231,0.026021621729758634,0.025349769006182465,0.3480846103669444,0.02465339613838048,0.024113036544371948,0.02686862097335311,0.108743634493778,1,cloud
C001574,0.0477023519419547,0.05093074548772678,0.060176652482219796,0.050243792553058664,0.05471994091552766,0.2680761906087096,0.06863987793401068,0.3995104480767921,4,none
C001575,0.1179916359842883,0.015519733396116463,0.01401801588102649,0.7132812447685841,0.01754706603584968,0.015617233110099604,0.019401541856296414,0.08662352896773903,3,mobile
C001576,0.04542416446296037,0.047362436200389296,0.04382623185784922,0.05207667095897725,0.2189136158670591,0.10364910980354405,0.10732115157114783,0.38142661927807286,4,none
C001577,0.02652730649854229,0.259373028307674,0.01746683439983245,0.016175025350900728,0.16872982477657056,0.25134236058295883,0.1573101949842154,0.10307542509930569,3,gym
C001578,0.021595025599350826,0.025385866595198328,0.019088199375865422,0.01751503108191995,0.01909046190251668,0.7242745994977033,0.017922108268851433,0.15512870767859407,3,software
C001581,0.05504493063148811,0.008583474140555028,0.024430618952605405,0.0226445978219505,0.018447069766154844,0.022710784816421213,0.018386993817280935,0.8297515300535439,2,none
C001582,0.10206407611231584,0.4657875853664345,0.013610914700241315,0.019933938193237397,0.11858613168276308,0.012701790036532526,0.044929757154865343,0.22238580675361005,1,gym
C001583,0.01872785020179109,0.019217256501447205,0.018517673110709964,0.01792606381519322,0.4017009833242771,0.023888887574921077,0.3701150741054975,0.1299062113661629,3,music
C001584,0.029972730135778766,0.03130222695580962,0.02910605736519426,0.03186897295525686,0.020787872799756957,0.02915938682681777,0.17694047093052823,0.6508622820308576,3,none
C001585,0.016171160400989273,0.04791304363739398,0.015662374688664042,0.015607200621924376,0.11828563365128808,0.3711101942835067,0.3279939539773571,0.08725643873887641,1,software
C001587,0.013717321337237012,0.012373022803315125,0.012691568698694098,0.06332197391414779,0.13532574943625625,0.003938344834183337,0.14477929102780437,0.613852727948362,2,none
C001589,0.05182465921043332,0.05139170348089571,0.14970322610336528,0.2552674926373886,0.05498246427859569,0.05293657236521462,0.05519205751942593,0.32870182440468076,1,none
C001590,0.011663136559483117,0.0113308818937097,0.026321870253136197,0.8139414589109542,0.01128776187238048,0.010314239849269494,0.010759726158937388,0.10438092450212949,0,mobile
C001591,0.016540704588222734,0.01658597596300646,0.654967722254157,0.04930627740668221,0.16093532632748395,0.018371921196966567,0.016170456416116915,0.06712161584736423,1,insurance
C001592,0.04070846427415265,0.04269773787503221,0.03979414981935188,0.04643204010597474,0.23751987617139425,0.03816729241679002,0.31755599431077963,0.23712444502652466,3,streaming
C001593,0.04236495369094025,0.04267451243186733,0.3970419865414313,0.041516879812918295,0.04124959827882205,0.04061410683475267,0.06666357656346579,0.3278743858458024,0,insurance
C001594,0.035138742611307575,0.03561287288355604,0.3862466129657758,0.03636950117385521,0.03794530120252268,0.03932939200995074,0.037488982553954726,0.3918685945990773,2,none
C001599,0.010185490500807491,0.010816005245854875,0.010537784610022279,0.008487368526079071,0.7472451717480668,0.01055561616838022,0.10477475473247055,0.0973978084683187,2,music
C001600,0.09949167515883145,0.03853000894717647,0.03945335789114322,0.22103338661368613,0.1344016432481613,0.036646498712874426,0.300627955217723,0.12981547421040396,1,streaming
C001601,0.2907659121959974,0.2190319461674201,0.015181481326939392,0.015562348773791408,0.0678188797278937,0.01606268740713682,0.319456329917549,0.056120414483272096,3,streaming
C001602,0.041161313726208716,0.04081989210763965,0.04353770796461849,0.04052819472303521,0.04267330923314733,0.043911552399381756,0.04071533482815608,0.7066526950178128,2,none
C001604,0.02749669849529915,0.2459235094467371,0.030199526866050798,0.02995023494916553,0.030939795779261186,0.13886518555140293,0.03244925679511213,0.46417579211697124,1,none
C001607,0.019612294782189434,0.7841231603683354,0.020037718461390477,0.01946980772259895,0.020473953046940208,0.019458687114483036,0.0228565923372143,0.09396778616684824,4,gym
C001608,0.026157969724991834,0.6850204605186121,0.026355910186794458,0.026432914894705464,0.02645671569830964,0.025737366800599737,0.02604702284827728,0.15779163932770943,1,gym
C001613,0.07717336323539814,0.026169449361919894,0.24084031760928143,0.024731288473699202,0.06795396476018119,0.09361562276272445,0.3829602643296317,0.08655572946716406,0,streaming
C001614,0.020027798542864204,0.019812195126633948,0.7820727100253011,0.017998925113490792,0.017633717337076988,0.01621395169987012,0.014641177090688707,0.11159952506407426,3,insurance
C001615,0.011414644293697637,0.010024350890614925,0.8010335978436736,0.012105905561620533,0.012319966976195171,0.006545142751564991,0.013688751513544185,0.13286764016908897,4,insurance
C001616,0.016679095111078318,0.6857813619103572,0.01585508801039557,0.01646153142082058,0.017459462709679723,0.10986920756150591,0.01680891385499051,0.12108533942117233,1,gym
C001617,0.011030187061528569,0.010927227842943622,0.010078825565504865,0.4829370926597275,0.07158077783362193,0.10477815143646652,0.23298276557626113,0.07568497202394582,2,mobile
C001618,0.032261724260837885,0.12251560628727427,0.03348378226896017,0.12225514593318529,0.03228117824917526,0.032759886211165226,0.03329273488679606,0.5911499419026058,0,none
C001621,0.039816329141257496,0.0164109156258187,0.03682098127046767,0.03518019590188201,0.2793090115975021,0.03854099457427543,0.3240568111392741,0.2298647607495225,4,streaming
C001624,0.663205122991439,0.04112525359723622,0.033799072162429666,0.031376812686319366,0.02587139745407384,0.03383742862955763,0.04708855432750671,0.12369635815143763,4,cloud
C001625,0.05577067615010392,0.05550481620421869,0.08770177394435688,0.06353743126784485,0.05828555910330229,0.057903010445897345,0.05685724132889089,0.5644394915553852,2,none
C001626,0.33104377287463527,0.0340238309521773,0.03434356336241789,0.03418831044757821,0.03684387104162762,0.036175150395646546,0.22889982650877308,0.26448167441714404,4,cloud
C001627,0.014069253801328905,0.010918889969846064,0.011188338351892622,0.22998198625204275,0.019606538879232364,0.006038400657423204,0.025524216403376924,0.6826723756848572,1,none
C001631,0.05258705869069661,0.055902409608543216,0.19067440403808575,0.0557614877754227,0.05844443977359566,0.058278683212157956,0.06094356198845768,0.4674079549130405,3,none
C001634,0.17922976806184,0.015268250162415297,0.014686094089456174,0.5784206115064972,0.11054567510101554,0.013933785941532394,0.032166146907345455,0.05574966822989795,3,mobile
C001635,0.3118288704442101,0.30335665022092584,0.0186432693662592,0.022127069687277526,0.07047938457905377,0.015607020091208578,0.12237336835898197,0.13558436725208312,2,cloud
C001639,0.07151295965427737,0.0441933963417359,0.044107375042785876,0.047128313642434125,0.2325136410458141,0.04185425501717013,0.24530740980831456,0.273382649447468,1,none
C001640,0.1600666642040133,0.03065468965769529,0.02960062974392967,0.4806621091572194,0.030485567587572107,0.026756130414490466,0.030097395003744556,0.21167681423133522,2,mobile
C001641,0.02714563373325961,0.02570656903071668,0.02755322513237194,0.023542692611424332,0.04129121176356093,0.02868808926177585,0.0303965429474856,0.795676035519405,4,none
C001642,0.07210997393286728,0.07176855231429821,0.07446628096149843,0.07291285364283061,0.07673673872136573,0.0781606378837572,0.07510273723325622,0.47874222531012633,2,none
C001644,0.02361303373067841,0.022903933613743363,0.022251536164046917,0.009902956432768822,0.05521739105307457,0.021849443686505588,0.026050833178341688,0.8182108721408405,1,none
C001645,0.04335950737619252,0.5931777041973506,0.02400643674810117,0.02327943724600947,0.023568502761277733,0.11014776660851555,0.024110938069057057,0.15834970699349588,1,gym
C001648,0.014366576201563978,0.014893606845366381,0.006260563841805846,0.014134648553921826,0.013952031901441283,0.22828576718461496,0.01512284138270069,0.692983964088585,1,none
C001650,0.03133376682823036,0.013787698422211411,0.6713177906947404,0.03023428511457908,0.031516458381131936,0.031271945190831214,0.03130253660242249,0.15923551876585326,2,insurance
C001655,0.009496702523644304,0.009444883573715684,0.008752938898821278,0.1387828631728175,0.44433921253341463,0.009377951588764009,0.2209876980262046,0.15881774968261797,0,music
C001656,0.00982550075288225,0.3608646433830823,0.4101587074958303,0.00936986293927789,0.01184925926824709,0.11327077061275642,0.009437030418741913,0.07522422512918192,1,insurance
C001660,0.026311825010299095,0.02580816982168207,0.02744345594253008,0.2753809629760505,0.027675712806859362,0.028620563717312912,0.027838382717100648,0.5609209270081653,0,none
C001662,0.03709627497930334,0.021322223383274063,0.021102978073413194,0.02121300702684844,0.3887035767166041,0.209053126687983,0.17269680979944912,0.12881200333312476,0,music
C001664,0.017728340971193975,0.019635091370540265,0.018095515001816935,0.018949480907646553,0.583256496127632,0.13417376052391586,0.1423462444725855,0.06581507062466892,3,music
C001665,0.02311686457478812,0.026086611944170255,0.023096029914954287,0.026028504984645748,0.0461069125140196,0.5913270444947023,0.0499157388519258,0.21432229272079384,4,software
C001666,0.012888907545860914,0.01211886259527787,0.010765941936806184,0.010809998681352713,0.007444286969103982,0.007810918938239072,0.006515176413849139,0.9316459069195102,4,none
C001668,0.013642522782545123,0.02374592801652215,0.020862253562384053,0.18273213713788336,0.480935601204915,0.030735801562739223,0.04128991766826014,0.20605583806475097,3,music
C001670,0.02355679155197561,0.5748029986318037,0.022511082752343647,0.024602684179530897,0.023763561451015235,0.21006601761283994,0.023659572557249806,0.09703729126324113,2,gym
C001672,0.03379757251664828,0.033013202336887676,0.03301879595341402,0.4777934563766989,0.032869675343902956,0.032156099879829265,0.035819680916685664,0.32153151667593327,2,mobile
C001673,0.011992229973817138,0.012453704911546987,0.500443754410083,0.0113332993297739,0.0450694500283155,0.011225042639054024,0.348167119748751,0.0593153989586585,0,insurance
C001674,0.009075019879147595,0.00918832412541397,0.0367758332139665,0.6496882026354834,0.09568009983887835,0.00950842519871123,0.141405211613842,0.04867888349455689,4,mobile
C001676,0.04083136683240096,0.02595285011208915,0.02640618433647593,0.017151696434604524,0.02163108956867594,0.22044461112442076,0.494054343738469,0.15352785785286374,1,streaming
C001678,0.03323562773160259,0.6702452637179404,0.03375780298676617,0.03278964315865772,0.033905366065876616,0.03325458684376481,0.040439588132920506,0.12237212136247112,4,gym
C001680,0.11328110383806787,0.15214616711411655,0.02423898446491377,0.019582064430432873,0.14588346176972944,0.03756446216174799,0.14670029330528178,0.3606034629157098,2,none
C001681,0.04396252444795272,0.22090170728969838,0.04561684349328807,0.044831230714169855,0.04786839413476833,0.04778787608679296,0.2883061526561247,0.2607252711772051,1,streaming
C001682,0.031425752597802996,0.04121844302949344,0.044049289639122816,0.08473567851073088,0.039165983704763756,0.03840645542899275,0.04706049799910168,0.6739378990899918,4,none
C001686,0.013489084077507481,0.014155367067835664,0.09948452902659999,0.013719462297014562,0.30823664630434433,0.013420762777341055,0.17017582988421814,0.3673183185651388,4,none
C001692,0.030706357865146985,0.03294062180362836,0.030860954244641636,0.034240775941235646,0.17397489119183543,0.4785882568432226,0.06474902182792784,0.15393912028236156,4,software
C001695,0.0714881181438649,0.07197830665086907,0.07307294644749826,0.07668621657501465,0.08227691774969019,0.079776935714348,0.07482470206044703,0.46989585665826794,1,none
C001697,0.04812247049632008,0.021669775917127654,0.05115993202277445,0.04352462855204762,0.016939792563027065,0.02836870595045167,0.02113462270524529,0.7690800717930062,4,none
C001699,0.05753791721581139,0.024708409430909257,0.05066745893594482,0.061631201274774144,0.015978425926361645,0.04110793941506749,0.13861684477496314,0.6097518030261682,3,none
C001700,0.052753970550768886,0.054010230389448105,0.10458484613617246,0.05518504080955708,0.05648305984778858,0.05756328454534822,0.05480305726470859,0.564616510456208,2,none
C001703,0.07336287206859547,0.0818145300616336,0.08363310237934699,0.07831508557784259,0.08347813858356246,0.08246182316704392,0.08167358834754579,0.4352608598144291,1,none
C001704,0.024203946063415097,0.070351994300464,0.022797908234538672,0.3463264433527856,0.2710354935278302,0.01956083876186594,0.03001168403483733,0.21571169172426333,1,mobile
C001705,0.34605751882268393,0.019094956653165525,0.017066178700222756,0.08426970264899156,0.045892539574046806,0.06322428216460693,0.35952940027379515,0.06486542116248736,2,streaming
C001706,0.5360302599032123,0.03190177203902825,0.18501032152580843,0.04629824800530864,0.028750611990227236,0.028553427735082425,0.02893426071655316,0.11452109808477948,3,cloud
C001707,0.0068829612664229045,0.6668250606353575,0.0068158004862571425,0.0070183202215309964,0.22683191766273814,0.007149692943202227,0.02227388620630816,0.05620236057818297,2,gym
C001708,0.016969805667116096,0.016877636995318794,0.06258478999570685,0.45179421997844776,0.017249816970458798,0.07842758066449557,0.01791218628862186,0.3381839634398343,0,mobile
C001710,0.025536748448638524,0.025171805404549507,0.15586182760847128,0.026420321206307072,0.2086004395368777,0.029118509829139057,0.027551776198288053,0.5017385717677287,2,none
C001712,0.010991724607296336,0.010536030538655317,0.6110325679361439,0.3006756913669957,0.011579625153915815,0.010022707730530192,0.012287452264121777,0.03287420040234105,4,insurance
C001713,0.2290842211882214,0.016999300588701163,0.18853422959739308,0.017827295457805783,0.1925478033181479,0.03645864597238585,0.09419232353680888,0.224356180340536,0,cloud
C001715,0.19661429646925715,0.19998041467502814,0.014598643933297307,0.017254584364039396,0.10466203628879009,0.39075824706109985,0.025637822305473644,0.05049395490301445,3,software
C001717,0.6575297181644247,0.025463188669673092,0.029442455529409012,0.02369709275756504,0.026636472365375495,0.025781125786109985,0.02675071000015555,0.1846992367272871,1,cloud
C001718,0.023036800738879246,0.17740051173608817,0.05174783154370307,0.39460703339510994,0.1321394861383929,0.021633099146530707,0.02814477659176863,0.1712904607095273,3,mobile
C001719,0.021251115078486475,0.5274648981549096,0.029740816808587367,0.020602592693192964,0.04161938729948494,0.128985388222365,0.04692683584818466,0.18340896589478906,3,gym
C001720,0.02541807362223544,0.01760997905233732,0.01932685648788445,0.019164355314691343,0.10592879174072045,0.017005113675270907,0.018482663497417735,0.7770641666094422,3,none
C001721,0.008793270483770129,0.010086916671489619,0.009909697110996242,0.009571029388497148,0.05466673220430719,0.019486547161747903,0.8494990971901191,0.0379867097890727,2,streaming
C001723,0.029377110988694242,0.0318061291361529,0.031132752448902214,0.03196419156500737,0.04787916389940754,0.030955178904330402,0.6683848383019392,0.1285006347555661,3,streaming
C001724,0.01705573136962926,0.7932374898344772,0.01645212386839951,0.017148285081928005,0.017292922760869394,0.01783342773858275,0.017850599179837806,0.10312942016627613,3,gym
C001732,0.03334054531634728,0.28591961771994423,0.11104746517422931,0.036473613623406086,0.028276671400413643,0.031025456727939257,0.01563354152647474,0.45828308851124544,1,none
C001734,0.4407776379755015,0.042881907998498885,0.03772274865107761,0.0367703278773304,0.03939636656183118,0.037597786494289305,0.04809923738105855,0.3167539870604126,4,cloud
C001735,0.1621003570134324,0.3200320042706021,0.013578819296416921,0.015316253090248269,0.30583477526768876,0.01844349852388783,0.1018044877903502,0.06288980474737356,3,gym
C001736,0.025552428016918368,0.022752579405919193,0.024041324748658992,0.022850181826669445,0.34270266460477244,0.03159146029001453,0.05993390707141085,0.47057545403563616,4,none
C001737,0.2744785462094538,0.25960758981436155,0.1368977630321877,0.17597277999508645,0.01442755218635144,0.014083480329716312,0.014605125247226722,0.10992716318561604,4,cloud
C001740,0.5753825002228177,0.029370410990428072,0.026349789296397932,0.026380733104443527,0.01016217368212843,0.026238767258719833,0.09725225998298397,0.20886336546208048,2,cloud
C001742,0.035955202495147415,0.041917623346411,0.14285997747070905,0.03540868313711944,0.03663689217585746,0.47477209533436165,0.06714489323615289,0.16530463280424101,2,software
C001744,0.017347162541946737,0.005181554495170446,0.28427609255352776,0.0165855550714079,0.04661231606062244,0.47847598971480254,0.04983391007219871,0.10168741949032341,2,software
C001749,0.22243602684101965,0.014998103636635934,0.01695172710291714,0.10722336220960321,0.09764901865837533,0.02904932689857814,0.3332789111105782,0.17841352354229237,4,streaming
C001751,0.018769107548457415,0.021067961815406853,0.11866891986109643,0.01965134415103641,0.045115793009166544,0.017148464119912183,0.1985074375934125,0.5610709719015117,0,none
C001753,0.01605893460780257,0.014441611698270627,0.036624232186628254,0.01488946143130347,0.013007192754316579,0.8080403516093879,0.013600958438937142,0.0833372572733534,4,software
C001755,0.031126460002744584,0.030843114900619195,0.03032682647080006,0.035287479406407016,0.25161534634363103,0.031704281792857836,0.3572744941507102,0.2318219969322301,2,streaming
C001757,0.25692224516465584,0.03766439213825578,0.037494946023966885,0.037064720763952896,0.2859261169299379,0.05205623444049833,0.06949703906418098,0.22337430547455134,1,music
C001758,0.5798596890384564,0.03102024260911517,0.08461153344269126,0.02953303012740094,0.0300005798238831,0.03070943088135246,0.029175977680122353,0.18508951639697824,2,cloud
C001760,0.029969953728840606,0.02962853211027154,0.032352031123782786,0.02938362136274135,0.031425897213742095,0.03260119961103014,0.029126378419248783,0.7855123864303427,2,none
C001762,0.011475512223527117,0.009561221496996392,0.3299883538618942,0.010820635471272,0.00873866085587121,0.004255423210568862,0.008289026238911298,0.616871166640959,1,none
C001765,0.02935704190123632,0.015416069121942063,0.015235612391715888,0.014603305153071379,0.024556162542259584,0.047269827011832355,0.015129554249220167,0.8384324276287223,2,none
C001766,0.019997186143292607,0.108684031826884,0.02068787809017888,0.023306825612157644,0.026068970239905506,0.10123272059837714,0.030196180848174808,0.6698262066410294,2,none
C001768,0.03614013891205513,0.03726930371212697,0.0371476645345135,0.03593307447636997,0.13362021993184253,0.2520511866442817,0.1905594447751819,0.2772789670136283,2,none
C001772,0.05713629741109938,0.015242895678531078,0.013382557348797466,0.005719030108562687,0.6357286790202922,0.006672422030863854,0.15389001149954915,0.1122281069023042,4,music
C001773,0.6330446236668683,0.028539312290995524,0.028112022809228296,0.05182277291714808,0.029617042704495042,0.030491659169091835,0.02946299765994373,0.16890956878222912,2,cloud
C001778,0.03810478448428659,0.03172629577948306,0.26760784738182636,0.040747467050018506,0.03846177645138835,0.3075293750428306,0.04403668012860232,0.23178577368156417,0,software
C001779,0.011763134554985778,0.4213895478237763,0.011766219532759848,0.2628860109375154,0.01215365585355822,0.20068989285167632,0.0125905159554309,0.0667610224902972,4,gym
C001785,0.03540922038475944,0.03761988029351401,0.03773061974263993,0.036150172238231096,0.34107424496093147,0.06664722200507255,0.2976289245709359,0.14773971580391554,2,music
C001787,0.16069246870665427,0.09570387618087883,0.027499413095351824,0.07232636890907615,0.01787017829097609,0.5076896528127475,0.018125138625833703,0.1000929033784816,1,software
C001788,0.3930609669769485,0.06018893436777119,0.017583511320912692,0.01671639593318455,0.01757819508234117,0.0173165501473461,0.018005407317657013,0.4595500388538388,4,none
C001789,0.7209824802434334,0.025097807345681594,0.02630983888170077,0.02327290745693305,0.024096337113751774,0.024876206986177273,0.024912934481722295,0.13045148749059993,1,cloud
C001791,0.025748153337783318,0.02685792092755228,0.027305191176566636,0.5465961545193897,0.02712698684112603,0.028345648774115176,0.025782705892827405,0.29223723853063943,0,mobile
C001792,0.04029413057266584,0.04073473275800867,0.03935149267515093,0.038099843229784006,0.03825029879008765,0.5243116059292915,0.040914681256833646,0.2380432147881777,0,software
C001793,0.24445028821887033,0.021550228374457553,0.020940968592618993,0.021067568371732487,0.06057344623503526,0.496960043777278,0.02379207539271238,0.11066538103729494,0,software
C001794,0.07316436547232133,0.016696824296867092,0.029614115563499972,0.03944353810936853,0.038753077340178285,0.3162222154351312,0.41259829565250977,0.07350756813012399,3,streaming
C001795,0.015587203416162893,0.015697950914776163,0.008563663001513257,0.016890948957865,0.009698208856257485,0.010667226275141582,0.6252188639973066,0.2976759345809769,3,streaming
C001797,0.01915248786101455,0.022156639725183478,0.021808114715806105,0.0267775304425791,0.03469520642586161,0.027387157257864597,0.03676214538512458,0.811260718186566,1,none
C001799,0.013567395072363967,0.013507846812542773,0.013070501997300763,0.00707249275890438,0.05256455902893681,0.08078466422773173,0.6165864880345437,0.20284605206767592,3,streaming
C001801,0.006354159533970348,0.014383452924552991,0.01223400912012267,0.011000280010918326,0.04834428404828868,0.015001503072367939,0.012516177795131917,0.8801661334946472,0,none
C001802,0.020408183987508165,0.021306497138455272,0.011614724464878143,0.02639931811021538,0.010594285075636605,0.010673341276040743,0.07061509301824923,0.8283885569290165,3,none
C001806,0.014418814953578179,0.013993421724518814,0.0064284318832122525,0.015043195943501973,0.654021760056307,0.14261337877883462,0.10777808372570791,0.04570291293433928,2,music
C001809,0.30641288866911326,0.14622201803734086,0.05713874117964034,0.16761066103900854,0.02073936972130386,0.03446038430034705,0.01866747938743614,0.24874845766580989,1,cloud
C001810,0.018166483089302778,0.16398399334325958,0.01800873013035582,0.017009986917453604,0.07206055252450384,0.07182007311520194,0.05134890556156034,0.5876012753183621,1,none
C001813,0.029429597608515295,0.03164062708864555,0.674632729512668,0.034299491417976925,0.03118637358488053,0.03230360540167014,0.03323212674411346,0.13327544864153024,3,insurance
C001815,0.0186059190828849,0.7468273218333246,0.019019921366575165,0.01913313497936421,0.020325108120873778,0.020377514498525928,0.020699232886992328,0.1350118472314592,2,gym
C001817,0.065386286462049,0.039099393811841104,0.03813187356388656,0.0385912708709643,0.06464596271680317,0.023643064603200852,0.5606656921307696,0.1698364558404854,2,streaming
C001818,0.03699785449958468,0.21996662892151234,0.038633863360253845,0.04477095697832719,0.11219360333943695,0.04125036483306454,0.2925729635977996,0.2136137644700208,3,streaming
C001820,0.033656896520464094,0.032359946223997564,0.49729102300998873,0.03179239208624161,0.18254270677279066,0.033315183106400234,0.0327282931823238,0.15631355909779338,2,insurance
C001824,0.23394778594070295,0.023341432052273917,0.5424720542905179,0.023714669954672425,0.022193611126723335,0.022485470433658547,0.02637393428786165,0.10547104191358928,4,insurance
C001826,0.03456799247615217,0.03441854097425429,0.03503743371418599,0.032923808600511834,0.020926528561010963,0.0344832806136848,0.6186813894686334,0.18896102559156666,0,streaming
C001827,0.025709111335837708,0.6152453655877422,0.02557388044487781,0.024636354004889734,0.020047114389748204,0.025098976138699484,0.01634328520726208,0.24734591289094277,2,gym
C001832,0.2274843300884607,0.015138873349372743,0.17569725989600893,0.015403925591821573,0.14033153893916467,0.01434391156220785,0.2520457793809562,0.15955438119200735,2,streaming
C001834,0.05346203039808922,0.024821628931212876,0.024344207792469902,0.5692325272765835,0.025834039070878993,0.030066531825415833,0.027012651308059497,0.2452263833972903,0,mobile
C001838,0.023564809328465476,0.5183309179041797,0.023363345181822044,0.021654664338526503,0.025429076147087074,0.025981229385305667,0.10759540600234635,0.2540805517122672,1,gym
C001840,0.1346424320539364,0.027404929757136664,0.008341173475293973,0.007645918552194333,0.039765687730218366,0.014218318161128033,0.025823592602075115,0.7421579476680171,1,none
C001841,0.016637945161961147,0.017968819391009996,0.0183887178756975,0.020444426471107106,0.3382681833654635,0.021958285673035607,0.35036481044899803,0.21596881161272713,3,streaming
C001843,0.011418676613856125,0.013095774256470117,0.010112607216517348,0.09847706511546739,0.06594053439623554,0.08426188154075612,0.6267598697279173,0.08993359113278003,4,streaming
C001844,0.10687342830619992,0.1173107804147144,0.012313828561290681,0.4830989777605851,0.01199663845686046,0.011870508606220881,0.17029400790602606,0.08624182998810256,0,mobile
C001846,0.056293593924602967,0.03671932483878863,0.23914425662352476,0.03684985667013327,0.03889875027473983,0.3881446271962811,0.039383298942050324,0.16456629152987906,2,software
C001848,0.10215508393283615,0.01245333034920067,0.011843454098460764,0.01162029010384844,0.6493618148237368,0.009225345190401732,0.15886860862202157,0.044472072879493896,0,music
C001849,0.06381739657927085,0.06591625106605246,0.06768967086947945,0.06624829238292464,0.07022936451825693,0.06658481206157615,0.07802837334212091,0.5214858391803185,3,none
C001850,0.6534170010360181,0.021342369319654907,0.020709233824685546,0.021199572959440645,0.023735180872542602,0.021589786260320043,0.02151888504964077,0.21648797067769748,2,cloud
C001851,0.3964017592600477,0.018066643382379417,0.017087432977457483,0.016226447727068084,0.037156761651578614,0.016639231199053313,0.4110171445397671,0.08740457926264827,3,streaming
C001854,0.008870390011911896,0.6016874798500618,0.009605950116812386,0.008700911697146207,0.06166371644890493,0.009079379616799096,0.012174716400037299,0.2882174558583264,2,gym
C001855,0.026863508321215056,0.028634854982572747,0.035236885519328805,0.0258961951849918,0.0654798449945112,0.05638081197543186,0.0711573245312535,0.690350574490695,3,none
C001856,0.7072941816296272,0.016367209041398847,0.017268120120232235,0.015264409013925603,0.016671560817443146,0.017825731555299398,0.017851980903374327,0.19145680691869923,1,cloud
C001857,0.01970195681624893,0.04554230916336462,0.019467285925789397,0.06950684716501745,0.4121183872952034,0.06898189507592384,0.2331872007472454,0.131494117811207,0,music
C001859,0.15280053564259816,0.03459723090563377,0.18835916134495603,0.038705096212846,0.34963318904006757,0.0396914491149559,0.10923045648759414,0.08698288125134844,3,music
C001860,0.03284335819975121,0.03476785213123598,0.0326808752958952,0.032956180762492515,0.5288227138478394,0.033519167223215865,0.14932071400220814,0.1550891385373617,3,music
C001863,0.03957823940262922,0.0415929929872236,0.039286834463845885,0.18415933640276502,0.04529994119497309,0.3426874897059978,0.050968216017916075,0.2564269498246493,1,software
C001864,0.016358934462275616,0.019795396165236772,0.0982853437051533,0.020956406044006382,0.017505991573849997,0.030029990387830597,0.04615974195454942,0.750908195707098,1,none
C001866,0.06413477215429163,0.03739325751644211,0.053262334796133584,0.05141561010242733,0.053911008590348856,0.05193348814143972,0.0499377113667276,0.6380118173321891,3,none
C001867,0.30451759284794533,0.021759758317408198,0.020598816573114014,0.14393614432625154,0.021587299539775166,0.0825106496861253,0.03827772769804467,0.36681201101133587,2,none
C001871,0.07978669812143889,0.0827574585493721,0.08964010587470239,0.08544861789837987,0.09669239494086729,0.09146636553168488,0.10343571488017887,0.3707726442033757,1,none
C001873,0.14174677490310317,0.04269815166189366,0.04166660937035258,0.04261959624583042,0.04458419551492565,0.04457189170117429,0.04556119631439015,0.59655158428833,3,none
C001875,0.024853900431817455,0.026592909636940474,0.02630866868022036,0.03168466942927406,0.5814560033418217,0.029678864656449543,0.13320837875482067,0.1462166050686558,3,music
C001879,0.041868395186236945,0.13984000870490584,0.38270481910369714,0.04644729806054394,0.05777561036059735,0.02884593507985772,0.10345063528119038,0.1990672982229707,3,insurance
C001880,0.01603390971168828,0.013786822866697915,0.015748895209663664,0.02384365379796401,0.017845719656592544,0.008595579370393062,0.016824294870943956,0.8873211245160566,4,none
C001881,0.008762664416900824,0.007825692864052197,0.34303756456369433,0.00756889024245689,0.034788755234109736,0.0077468958344485295,0.5621841254190099,0.028085411425327587,0,streaming
C001884,0.01261435425415528,0.01160637741124497,0.13342916231731508,0.7432509762925184,0.009837150396722174,0.010816719537588275,0.00961250976202747,0.06883275002842841,0,mobile
C001886,0.017482955658334055,0.7378727477306695,0.019557482070827203,0.015339995574096675,0.09156395718039273,0.015184012766515553,0.013143206757132136,0.08985564226203213,0,gym
C001891,0.01747791701531672,0.474978823533287,0.19608853978016838,0.2013974416819323,0.016521715827507173,0.016618274540122987,0.01675981833200183,0.06015746928966361,0,gym
C001893,0.027394339387652764,0.026169221468329815,0.026306338736745326,0.7263315595797163,0.025665369949083,0.02290322301037593,0.02457915198630945,0.12065079588178743,2,mobile
C001894,0.5067513320701663,0.021362709774724598,0.021364354557893983,0.0559196103945918,0.15660319180632168,0.02069011047830643,0.15686091369215607,0.06044777722583932,1,cloud
C001896,0.12372767085639177,0.3707856132151863,0.020202234357761126,0.019795443321088662,0.06642933050807841,0.0553704930161794,0.2372813326212655,0.10640788210404883,3,gym
C001897,0.035624274829132836,0.09430606143272409,0.3514350148493222,0.03546987928693204,0.036475899798762035,0.03660660042553793,0.17577904944911754,0.23430321992847128,2,insurance
C001898,0.02096090039601183,0.22505842070827825,0.019892304958570892,0.021446055924285057,0.05037660972506902,0.020633925948935816,0.5301200220817203,0.11151176025712875,2,streaming
C001900,0.010455159612630827,0.6293715332768396,0.06955442715197624,0.009393774669729136,0.19986137441127577,0.009696125987421322,0.01754147774064424,0.054126127149482894,1,gym
C001903,0.15040933767044504,0.035865417800607854,0.03359648760016187,0.5375826960144424,0.033104641337751844,0.087236657093837,0.03511176180703119,0.08709300067572279,1,mobile
C001904,0.36497990566553673,0.02256610504868299,0.17023805779592122,0.023775780431299142,0.05049235985439221,0.14107179023659017,0.08344568031273125,0.14343032065484626,3,cloud
C001909,0.05926010772849159,0.06227913221243782,0.06517007970423315,0.06026657064202977,0.06504624508714216,0.07339779796340279,0.07813587122082405,0.5364441954414387,4,none
C001911,0.6437106517320559,0.1084534882745488,0.012221140546029973,0.012553882828598555,0.04634916372714995,0.03948863451015941,0.0941473688819372,0.04307566949952009,4,cloud
C001914,0.028554359254403333,0.02898402356608379,0.15192991275674564,0.15887450834428998,0.10706922734650473,0.027896602803968717,0.31819201233638766,0.17849935359161614,0,streaming
C001921,0.010971874648274173,0.013617113673299947,0.01331342645805337,0.07213170157528759,0.01841627589850261,0.019824229145102786,0.010750794195670446,0.8409745844058091,2,none
C001922,0.011141739280147415,0.009521419113052473,0.07764920379234452,0.7502576458898768,0.06917022171367757,0.012682945511151148,0.020390090043663232,0.04918673465608687,4,mobile
C001923,0.011914701941965464,0.010222864650317309,0.010725172859815408,0.011310020740114056,0.4873497262558357,0.010680249876364787,0.40217723539236105,0.05562002828322612,1,music
C001928,0.04439872403279556,0.040539045128899796,0.04573649855286052,0.0553618875838987,0.06511410831921043,0.07626783906128234,0.04932421727908122,0.6232576800419714,4,none
C001929,0.07429262881488938,0.06455553684799116,0.06331495442169811,0.06386314511533435,0.06716754528452588,0.0707994087798798,0.0889028794731557,0.5071039012625256,4,none
C001930,0.026761116204128937,0.02616805762943239,0.7208269895173409,0.01809972504635761,0.04517570903910989,0.02141207039639162,0.052155577976355554,0.089400754190883,3,insurance
C001931,0.0279470887702186,0.02588594254341904,0.07128932257620604,0.025326572193999454,0.09085949971211524,0.02406926061399793,0.415772526264938,0.3188497873251057,4,streaming
C001932,0.31404074082363376,0.037859454939709034,0.03774658728946945,0.06727673749543214,0.041867884277881046,0.16069001415160872,0.0441363064442056,0.29638227457806027,0,cloud
C001933,0.01273608423910605,0.09900018382268702,0.025672070666965734,0.34013288536774455,0.03688303160220592,0.3116335783809242,0.09415750407534818,0.07978466184501824,3,mobile
C001934,0.02371448004121801,0.014446449148830929,0.008214573805535731,0.016538561469547082,0.012232365204406171,0.01554434369842377,0.015988370821409456,0.8933208558106288,3,none
C001935,0.019332133503676616,0.02005739312106546,0.01830588536686149,0.022123236371920343,0.10049143571116634,0.01850442324447247,0.7042672680255482,0.09691822465528918,3,streaming
C001937,0.02256287271554082,0.021193761588634542,0.7063774753937739,0.02002296856983673,0.06174819802940281,0.020841277323640512,0.02246625958454441,0.12478718679462618,1,insurance
C001939,0.06198551216978718,0.057977501399208244,0.05991528489279403,0.06103059852194272,0.06404829915192145,0.0627847919298788,0.05895782628387912,0.5733001856505884,0,none
C001940,0.06145126518351236,0.014835385842595118,0.014457317263038297,0.546227241266754,0.016864706192884923,0.013862577322934486,0.25105369355183804,0.08124781337644278,1,mobile
C001942,0.014561993765287409,0.11186427303489127,0.11620152928080807,0.014594801791681123,0.4601313383608955,0.06599513210033679,0.10632420361689089,0.11032672804920902,1,music
C001943,0.014018193030149909,0.1542278472360045,0.5829914436462703,0.01464245558956424,0.016235635369494066,0.017085394914828037,0.026025632649140023,0.17477339756454896,1,insurance
C001947,0.06494020788442831,0.04178812507535575,0.18681480385407295,0.04554098034323219,0.32920668768697303,0.039042503686486735,0.12717894153396486,0.16548774993548615,3,music
C001948,0.015901079780024977,0.186868600643998,0.05763431365756286,0.02656432441112525,0.004425820398193678,0.011808295517123233,0.006353825177578165,0.6904437404143938,1,none
C001949,0.15536415355851022,0.23917013629058673,0.39392892234129007,0.04604242657473278,0.022836723357564884,0.022428519444689158,0.023347224311138802,0.09688189412148732,2,insurance
C001950,0.010150966397675648,0.15819115106252282,0.03386179192298646,0.010514482900859524,0.01612294796782532,0.19040666778574547,0.034250648402970214,0.5465013435594146,2,none
C001951,0.06938943623377614,0.03376627997480933,0.03206157586332541,0.03559571142661843,0.5644590164643057,0.03211630905043748,0.10437851785990765,0.12823315312681977,1,music
C001952,0.014719817336481738,0.01293231303987638,0.012372379751190796,0.01682278758397414,0.013138244274152975,0.022517663309386718,0.012369828209967394,0.8951269664949699,4,none
C001953,0.049306810405549364,0.050224880877413364,0.0533708609106949,0.05242034429062075,0.05461228328837052,0.051321195087905,0.05065679456895493,0.6380868305704912,0,none
C001955,0.03459137101697397,0.012933749833275872,0.01270974482555508,0.011688614647801398,0.2842151752113497,0.4628305535287299,0.046123516432584014,0.13490727450373,1,software
C001956,0.011283770143546637,0.05262774216800652,0.04563643455194218,0.02625220833261582,0.008042317451831801,0.01709536480513879,0.0096437684976157,0.8294183940493025,1,none
C001958,0.4017344456103376,0.014788622859754689,0.010805671958430484,0.01397752974131914,0.2855453307971967,0.046223348432348904,0.02148996951943382,0.2054350810811787,0,cloud
C001960,0.044281212412378076,0.04991391366615883,0.027804507032379924,0.4670119080547219,0.05600567155963402,0.04990241480919316,0.056664344600730346,0.24841602786480368,2,mobile
C001962,0.009346095404799798,0.017928298587272302,0.19311550894759655,0.03420529201769766,0.015404524703618047,0.011204886894852367,0.013931936791084936,0.7048634566530784,1,none
C001964,0.023002904132841773,0.023247536608972788,0.023320705833700522,0.022075954528517655,0.05202421656649937,0.02228227367458696,0.6805485158676334,0.15349789278724754,0,streaming
C001965,0.5552799719219765,0.017346226576531343,0.016594211144100812,0.22916479738968176,0.017857877891328946,0.016646189315903268,0.020368598687289963,0.12674212707318736,4,cloud
C001966,0.020832045560528117,0.026423811513052165,0.024324851704818486,0.02318511824769891,0.34255075200903584,0.02530356856013767,0.1292343108046329,0.408145541600096,3,none
C001968,0.015203297637439859,0.01586040458936043,0.024802419110086887,0.017460098598872487,0.03625623582464944,0.029328338705491494,0.11933789038461244,0.741751315149487,3,none
C001970,0.019351529044618013,0.01324871802387018,0.012211710347416898,0.16816141921401265,0.20232096256899817,0.14497973721444826,0.32686647755681686,0.11285944602981904,4,streaming
C001973,0.026017974771817748,0.02534014462210952,0.025291887031389133,0.7811332071544753,0.026095460292091525,0.025067258563659003,0.02750565980750566,0.06354840775695207,0,mobile
C001974,0.038082642155189986,0.036872408736756526,0.03801090844956211,0.19115286854064034,0.041141315450393526,0.4672678642606929,0.04536690704154021,0.14210508536522432,1,software
C001975,0.009521555632649361,0.3315820314402863,0.012932510040848121,0.03010397707548222,0.012030409378704336,0.027590544922571802,0.01106033171242649,0.5651786397970313,3,none
C001978,0.015512324636742535,0.014770758687224658,0.5909281479219217,0.014237840616290328,0.014541229765295729,0.2653971710137202,0.025942218872035346,0.058670308486769504,2,insurance
C001983,0.013586933921331899,0.013115975551925209,0.012725083259158956,0.012214743816323054,0.5918924517458382,0.28322656672225854,0.012725441077077529,0.060512803906086585,0,music
C001984,0.028688968380072018,0.5890244788995269,0.03536018642406517,0.028980328074659438,0.029731943060921147,0.029155209984977025,0.030204128743225037,0.22885475643255332,0,gym
C001987,0.024075721829723458,0.021250120020850614,0.020841022433229068,0.14577445473119627,0.014579838633055491,0.02006485609148939,0.018675371530950467,0.7347386147295052,1,none
C001993,0.006206497640133143,0.010902554430568347,0.010925557234481957,0.01498426114162976,0.024008298368066883,0.016213002919696205,0.027538961352520555,0.8892208669129031,4,none
C001994,0.013979168682486573,0.0146090356605445,0.01564751580290073,0.7611594063706515,0.014768150274182417,0.015390919678429617,0.015673710960118964,0.14877209257068585,3,mobile
C001995,0.04667268270040855,0.17820234115167904,0.1101986852142329,0.05877307089762478,0.1993017135277418,0.04214255159718671,0.15168785526585485,0.21302109964527144,1,none
C001996,0.12228572471423244,0.008117684077297013,0.35700356468126315,0.00731649654069513,0.008391385167675335,0.00436914368187204,0.42701956582571177,0.06549643531125307,3,streaming
C001997,0.16429640599390988,0.01321324157535999,0.012531570053581149,0.014334863827137858,0.5353577477327848,0.093616644733947,0.07677002294841491,0.08987950313486441,4,music
C002000,0.5781053132392492,0.030527169796152238,0.03171454635824122,0.03206442077327523,0.03322257515427089,0.03426743412896776,0.03369033907975643,0.226408201470087,0,cloud
C002002,0.031310657945968295,0.03446103008776843,0.031150495648555786,0.10236691030898619,0.18622797590453324,0.11364687798590611,0.09678011983289164,0.4040559322853903,3,none
C002003,0.06872200446784694,0.07416138941036626,0.07643733646594092,0.07400154953913816,0.11527856813115958,0.10965714690265832,0.11870746677757565,0.3630345383053142,3,none
C002004,0.01733885733362518,0.020694468306357724,0.09321239087412182,0.07524849741849308,0.6065500254976203,0.029327687580489037,0.07856567582719086,0.079062397162102,4,music
C002005,0.011661044852800631,0.011879586927494214,0.16916341117781225,0.011502446318119797,0.09914214965565046,0.5722334536490266,0.05399579748709842,0.0704221099319977,1,software
C002008,0.012561071221001007,0.13230958829110534,0.28473154600792416,0.023958786198215717,0.35879888806485594,0.030806944185419734,0.061109941158430284,0.09572323487304779,0,music
C002010,0.010088764391056703,0.008688656959809221,0.458569846467811,0.009205052862388067,0.19034223414907406,0.1958964783463747,0.07047076271046893,0.056738204113017346,4,insurance
C002012,0.03184573260719313,0.03368846091952099,0.009113958162472,0.030872931769016274,0.0329603566651261,0.03157239186898891,0.03044790771107309,0.7994982602966094,2,none
C002013,0.40771565878461125,0.028303408610475866,0.11665005565700215,0.02772227988110054,0.09533169976246235,0.19704252630749783,0.02211600706698455,0.10511836392986557,3,cloud
C002014,0.020108561906783746,0.17741511110477187,0.24669546284350444,0.041862415289949106,0.020088919405965938,0.05683470415698784,0.019892161243733122,0.4171026640483039,2,none
C002015,0.11799244305956075,0.011286599887893024,0.434376403380934,0.011918462960915017,0.060080221897763894,0.011991913513625625,0.2972503650635776,0.0551035902357301,0,insurance
C002020,0.03834284688301842,0.45964170823815165,0.03714642318751109,0.11714552536597887,0.2330334298315213,0.02119986551751421,0.0222363074270133,0.07125389354929122,0,gym
C002021,0.43567196191987256,0.015179226045839324,0.01510274249224907,0.20022813541120713,0.0927049191685353,0.015659103590310006,0.09095310115895466,0.13450081021303187,4,cloud
C002022,0.16148924469678658,0.01479848111825103,0.014389819665733957,0.01514487011492735,0.15952228880878974,0.014184127750434967,0.19602932328653377,0.42444184455854256,1,none
C002024,0.01020796596120178,0.0720171889382378,0.00998050681075279,0.5442225515376868,0.16746118459822215,0.11522813092829089,0.03195448113398615,0.04892799009162147,2,mobile
C002025,0.022359730300004457,0.35400557859644266,0.014432872726287387,0.02622617114934943,0.07397967372377173,0.17754572051374398,0.04482074923218471,0.2866295037582156,3,gym
C002026,0.017595162879811208,0.01707681401583087,0.007868920917316101,0.004330180752248017,0.008266689624565534,0.010369812339617729,0.05972229042434207,0.8747701290462684,1,none
C002028,0.022404646760909298,0.022803846161816046,0.08119661651693046,0.023044740314103127,0.024346334697277747,0.05403674952606935,0.027430916284472494,0.7447361497384215,0,none
C002031,0.0036271635532508263,0.012339770297827589,0.010466668505581643,0.07077719134593284,0.012552336582064193,0.01034690232136051,0.07117136307931679,0.8087186043146655,3,none
C002033,0.014406589706656942,0.7600725843274694,0.10830853745816624,0.01356945157975044,0.015118273384080828,0.014166331841803624,0.014263605025367982,0.060094626676704496,2,gym
C002037,0.017807228044858042,0.3550287418461639,0.016515021584810708,0.016627742352007997,0.2181712271904205,0.1288827772003515,0.14284182312749674,0.10412543865389066,2,gym
C002039,0.023112547992091413,0.017784264297326824,0.017126112649619652,0.015374094403682724,0.761273105387777,0.019273688331351332,0.0273883195428899,0.118667867395261,4,music
C002040,0.017253571711222458,0.40861531618709385,0.016247387869883948,0.018081258756032483,0.2165544076896731,0.016032762597461236,0.016428104252609217,0.29078719093602384,1,gym
C002041,0.017834802729775997,0.016964818006507246,0.017927075302140022,0.7023911598804671,0.02053524368303634,0.016945409961936997,0.014075314399985104,0.1933261760361513,0,mobile
C002042,0.02925325114869358,0.02883838162783524,0.17047771559091057,0.028643146061323014,0.02960037779284832,0.5622142417552228,0.029790357561744016,0.12118252846142243,2,software
C002044,0.02089333956176316,0.01921972642255783,0.018983911569910278,0.7970769937591151,0.020027857781863077,0.018753344676178695,0.02223809406099678,0.08280673216761517,1,mobile
C002045,0.03477723712049351,0.03669829060166019,0.03530973361260206,0.5909189918488842,0.03688507974975809,0.03710913612608066,0.03929029655664963,0.18901123438387168,3,mobile
C002046,0.039955429947195226,0.15125188931423691,0.05002768126016363,0.10476204529265978,0.04843982048134368,0.04920402110478256,0.053222275799840846,0.5031368367997773,4,none
C002049,0.008950924983735717,0.8345345849497114,0.007673818623651119,0.007910984329820521,0.02232144273585599,0.007819449543870333,0.07778695370205391,0.03300184113130094,4,gym
C002050,0.3803383034370623,0.05157179301910268,0.04892462138996003,0.05837949731770094,0.052743081261039035,0.050980799617925135,0.06477762420743585,0.292284279749774,4,cloud
C002051,0.03417512844234794,0.10216850239535358,0.11965816312508695,0.031097499283400255,0.030376911317845447,0.0601661002913746,0.03344836294452815,0.5889093322000631,4,none
C002053,0.028848522311432923,0.013303582139269838,0.012916719364146149,0.013142140600520612,0.0391876788775455,0.014013855836890552,0.036265332508539395,0.8423221683616551,2,none
C002056,0.021576685387652464,0.02297562236569673,0.023516432133784026,0.021528923126560476,0.6473126602238144,0.03768609879903485,0.14465589619140864,0.08074768177204833,2,music
C002057,0.009635958539376203,0.009543326692447547,0.03209755341576235,0.037416384626921644,0.7961564922022819,0.00876134927218207,0.011989512109640086,0.09439942314138815,3,music
C002061,0.010620193508430693,0.011329495309818471,0.1247800419272273,0.01145769407772054,0.3084683125631089,0.42253981002477364,0.04844530411046434,0.06235914847845621,1,software
C002064,0.5981441027961631,0.09080568293749014,0.01165263557711572,0.01157536639703379,0.11734217330760709,0.013777526940849435,0.09391475161371413,0.06278776043002648,2,cloud
C002067,0.5873399670737915,0.014801811216904607,0.1858182392671754,0.07570825742519573,0.014008423408223551,0.013576743732721858,0.014361785040293291,0.0943847728356941,2,cloud
C002068,0.02057643660079821,0.018389736971674873,0.01961152304128861,0.02258369519575469,0.06621372996102963,0.07255861054069025,0.10318127989401224,0.6768849877947515,3,none
C002069,0.822262151417076,0.009714023125174678,0.0840712945051568,0.009322916365003596,0.00771380222497169,0.010571326387320976,0.00789511005778665,0.048449375917509585,4,cloud
C002072,0.45729992208554204,0.23569328784442117,0.02264540490567713,0.027428322428334553,0.024174325182991153,0.023759868500721038,0.02580512017227489,0.1831937488800379,3,cloud
C002074,0.02199561553784593,0.02283475929262004,0.24114144446333596,0.39002421017563565,0.1707460067728092,0.020636025363425504,0.034394414343778226,0.09822752405054952,3,mobile
C002075,0.031842823633435456,0.03433448042762086,0.03562391746352542,0.031665467669980206,0.09151286802635028,0.04181018688305356,0.4286220747426749,0.30458818115335934,1,streaming
C002076,0.030952318522729047,0.17998809393231385,0.10214582368355474,0.011800948610529657,0.06869695304004196,0.015263168555931485,0.5397243508051598,0.05142834284973953,4,streaming
C002078,0.21933267556241126,0.016892733050368487,0.3492452848961457,0.021783847357054815,0.13549844806004452,0.00946765522341212,0.043470662562361435,0.20430869328820167,0,insurance
C002079,0.0069329819970445645,0.0071510441737735,0.05200267686905431,0.006383316380764437,0.20128092234486153,0.007782378891619052,0.683690703655864,0.034775975687018526,3,streaming
C002081,0.009141300707006366,0.009421351105229502,0.5431331932705629,0.008471538732201005,0.36811777439004134,0.008868557990677468,0.013341387516115605,0.03950489628816582,3,insurance
C002082,0.03669137846581876,0.03709339804205058,0.5206977020455968,0.037770803425702285,0.030535375401515824,0.03852055177279537,0.033737490538990965,0.26495330030752945,4,insurance
C002084,0.05281129742533334,0.0179129481863933,0.02273119126778453,0.40419483678734724,0.26617900451916465,0.12249891747305366,0.010975686744754451,0.10269611759616874,1,mobile
C002085,0.020244107233078523,0.08290172241794397,0.021069824329500234,0.01989836167295695,0.020041267933628863,0.02077195760973445,0.11491024552520113,0.7001625132779559,1,none
C002086,0.18647452082682323,0.572590434163866,0.11585002625993218,0.01419542415859499,0.013937016350990402,0.013844828523720966,0.01358901952343853,0.06951873019263369,3,gym
C002088,0.18521818529602418,0.02056852551433256,0.28530730798387083,0.07884339800304721,0.04535095987416169,0.020695283287325394,0.1275949902054341,0.236421349835804,0,insurance
C002089,0.049704288015041544,0.04797728967553016,0.04985139986915303,0.04990151804435422,0.26095541747440676,0.051960429412937645,0.051732669102274385,0.4379169884063023,0,none
C002091,0.007156026327957168,0.7421875508204081,0.007089425745856415,0.10291196183497646,0.06511658393643713,0.027775856213340847,0.01545782927878556,0.032304765842238375,2,gym
C002094,0.0170139305487015,0.016751089352540615,0.016739206783842726,0.36246872450013146,0.22645055238295214,0.030938729959718216,0.16122505643035523,0.16841271004175815,0,mobile
C002095,0.057342329243584456,0.056973341706226185,0.06139476044075562,0.05670039934642599,0.05946518859536039,0.04900727276045887,0.056542649191379996,0.6025740587158085,1,none
C002097,0.038055117253104155,0.039825344365673296,0.03882767485855985,0.046126859031171266,0.4537045791640143,0.040823720915080075,0.21510323967252837,0.1275334647398688,3,music
C002098,0.019728485043454785,0.020012448576426367,0.019413047117011688,0.019058859598781088,0.012260209025953959,0.7970004391357505,0.010917461279643574,0.10160905022297807,3,software
C002100,0.020536549466220803,0.017682512682263514,0.0168673394467206,0.6989405628840475,0.01791730778968141,0.12599740122769126,0.01820128199267818,0.08385704451069664,2,mobile
C002101,0.022911027325007056,0.02334230146274377,0.09903797911358861,0.37231678702361515,0.18457538296171913,0.024344693783400487,0.027550851075377553,0.2459209772545482,1,mobile
C002103,0.011480692251055502,0.011804613926566208,0.092866151479392,0.012002384887969538,0.08698566111017764,0.010382027790785559,0.7065067853977273,0.06797168315632626,0,streaming
C002104,0.045351067779706156,0.0406714064739046,0.037356494406111385,0.036295241087174,0.21121301317368446,0.34682568605523745,0.08737290802403674,0.19491418300014507,0,software
C002108,0.017695478078348374,0.11144133996423561,0.632869882665683,0.017815328203202065,0.018215917545630952,0.018329190727123395,0.01809573964537734,0.1655371231703992,2,insurance
C002111,0.01692978821930353,0.025577795235061786,0.024614795664644785,0.03595285962099465,0.154836964411932,0.018825447362392674,0.05963645447592977,0.6636258950097408,3,none
C002113,0.026626277959717067,0.02564116507436936,0.43385974815661377,0.020726043958049434,0.07491632843954599,0.01824128525722373,0.1891736586436037,0.210815492510877,1,insurance
C002115,0.04944233552814346,0.0490240162653337,0.05269132507989065,0.051112373396096214,0.056808807681848594,0.05458119676903889,0.05352504187223851,0.63281490340741,1,none
C002116,0.22833985360923653,0.01720179059312411,0.5029176972456372,0.042338882101225495,0.013846622926224962,0.13159026287141493,0.012068607841555806,0.05169628281158103,3,insurance
C002117,0.607607688542758,0.010056049616956523,0.011831592913841643,0.022827518465916834,0.011176378808591443,0.2838465846596427,0.011100743916781158,0.041553443075511724,1,cloud
C002118,0.03148875837002196,0.03202919009247501,0.03194873189000923,0.03209172716953343,0.6603901009185662,0.03348593529725258,0.04912433008555397,0.12944122617658757,2,music
C002119,0.07417171873339237,0.010306747578662885,0.7369045441599484,0.09386980911652941,0.01001475567914272,0.01045500861321424,0.010164463776478462,0.05411295234263151,2,insurance
C002121,0.5431424303005266,0.0177199422027756,0.01785695502478788,0.19560793723720216,0.018131538478256302,0.07093829717830262,0.017680054907700023,0.11892284467044886,1,cloud
C002122,0.3909258175840017,0.0479333632038349,0.06280487200021682,0.11400995144135426,0.0477206729085396,0.06724077375149928,0.048283280517667226,0.2210812685928862,0,cloud
C002124,0.0354254291489368,0.036527971146918047,0.04180229588827129,0.040457968099411094,0.017666168924222694,0.2770042086233179,0.019106919401034383,0.5320090387678879,0,none
C002126,0.2779215616990711,0.01920116096708297,0.01906702298508329,0.4579001456325354,0.0618330694784039,0.0190505926548123,0.02011579393992142,0.12491065264308965,0,mobile
C002127,0.10918605648238683,0.013180979786999766,0.013336480051699897,0.741269484004378,0.011726440657958952,0.012223050055912853,0.012570199679491936,0.08650730928117176,1,mobile
C002128,0.04552504146124212,0.04345612251855005,0.044573014818197074,0.04622823931741005,0.04954946960705048,0.04827069778489894,0.04727326228681827,0.6751241522058331,0,none
C002129,0.05235140310141298,0.04986299316547285,0.05225779408407908,0.14502554441830923,0.24249635902206867,0.05074584420225237,0.04989679738885626,0.3573632646175485,1,none
C002134,0.02318030128900888,0.014729160606718007,0.015441190541850698,0.014724085560159021,0.015289930506256816,0.751415565691733,0.014867160728863425,0.1503526050754103,0,software
C002136,0.023612956206539748,0.022736011214720096,0.02230567105042383,0.021716493345152323,0.11128625179314204,0.22410814299592136,0.4682319679911323,0.10600250540296832,2,streaming
C002138,0.4746429572806077,0.01249228242635453,0.011808023984739992,0.012719768126382421,0.17615807553062565,0.20294901005486343,0.05028738874233103,0.058942493854095286,2,cloud
C002139,0.04121575219118451,0.042394091108259355,0.0406584800607309,0.05000541219177913,0.05363274900732003,0.2762948470201364,0.0744739253387669,0.4213247430818228,3,none
C002142,0.029859407532304698,0.12246016769070574,0.02835383706206171,0.6000818676057135,0.02898080015616608,0.04173374269441383,0.02902630793844187,0.11950386932019262,3,mobile
C002144,0.05447773486752371,0.053943123593206105,0.055391413073255985,0.3270773618949058,0.059735877410679414,0.05831950296306925,0.06910646820538974,0.32194851799196994,4,mobile
C002146,0.3926340652865348,0.04630201014574957,0.018828205477467084,0.046657629168810756,0.04682349501810475,0.09809140249857073,0.05494655741692586,0.2957166349878364,4,cloud
C002147,0.019969320860948766,0.02066309004013693,0.5085387459758776,0.021412333940920993,0.25191811115394347,0.019786737944762052,0.07171504239642648,0.08599661768698375,0,insurance
C002148,0.01224836379517219,0.011621407417844027,0.013239143924894378,0.011908562372582178,0.36674595684040234,0.3895177984304252,0.08209312579691512,0.11262564142176452,0,software
C002149,0.01764971524562036,0.08293557859196295,0.016039584560856572,0.7198475489281164,0.017236968352913745,0.01779514572548496,0.017618418473480897,0.11087704012156399,3,mobile
C002150,0.02309292053815748,0.04530452787882709,0.04699342848770997,0.045482362425500744,0.05102319481687985,0.051388961281514905,0.0595440662846216,0.6771705382867883,4,none
C002151,0.022151277533905757,0.02137755691015923,0.018244900742889883,0.01989473263390535,0.7114899500966368,0.0290491778561177,0.01555613208924179,0.16223627213714337,1,music
C002153,0.028406111513629734,0.029949937463278772,0.03170916592445947,0.028896190130659916,0.03314859554715481,0.030244332074804346,0.028520366106589114,0.7891253012394237,3,none
C002154,0.03768698987180352,0.4853162275982834,0.03575093866051147,0.040013725996710985,0.04516616674783058,0.15891002034192778,0.04485662668159963,0.15229930410133266,3,gym
C002157,0.014642087816682706,0.036014208917246694,0.10074079545621034,0.03768356780472195,0.0748184561441419,0.03626287274518991,0.5390558723479106,0.16078213876789577,2,streaming
C002158,0.045193503443974783,0.04698527113174343,0.04886652259640201,0.0467905559665512,0.05936906114737828,0.04797327721303704,0.045357938070640966,0.6594638704302722,3,none
C002160,0.025857068318822785,0.02650537122477322,0.7302688820280434,0.024997752280801894,0.025010309562510845,0.024464206534969342,0.02427216664719982,0.11862424340287864,0,insurance
C002162,0.12749956857238046,0.07731420610136325,0.40737903300075645,0.03836699790858397,0.05146668969636227,0.0371730889196979,0.05207508459352432,0.20872533120733142,0,insurance
C002163,0.013137621765172093,0.021689077119610926,0.016046139564965766,0.014982637982517331,0.015562057739848329,0.015248238636687119,0.015081902557756996,0.8882523246334415,0,none
C002165,0.09758499040620706,0.00634217449793408,0.014244388687167146,0.013655947056491155,0.014157291545426599,0.5174888092866121,0.013893038199898768,0.3226333603202631,2,software
C002166,0.0241951610125768,0.024663696016064784,0.025198086490767532,0.028176604689607875,0.027423544675764754,0.027227409975253934,0.48951062615509155,0.35360487098487264,4,streaming
C002167,0.015813495373807027,0.015478332994854252,0.0440164952651005,0.019106516961726817,0.02234839429832659,0.06525887173103428,0.018285890463443658,0.799692002911707,2,none
C002168,0.029510044105404275,0.04866481579862729,0.01636690959323879,0.17440470187467705,0.15052343012680128,0.09201741248816385,0.323575351657691,0.16493733435539645,0,streaming
C002172,0.10233036254567424,0.059941038007884764,0.09542501207754754,0.16693108916156468,0.19862967094858114,0.05179299067654304,0.06516633897357013,0.25978349760863445,0,none
C002173,0.3184503251774209,0.024096543901766458,0.02346363054630338,0.022671135549234146,0.4761428644615556,0.02299846821928659,0.0380621420482197,0.07411489009621317,3,music
C002174,0.016501826791333007,0.016053893433375335,0.01563125576827612,0.015179423989192021,0.820396184419206,0.014691088232943997,0.017119559397805496,0.08442676796786802,4,music
C002175,0.026098381194446543,0.06119916871157083,0.022859460652763394,0.024544529137926575,0.09297768819740786,0.07702847200668597,0.173778014668635,0.5215142854305638,4,none
C002176,0.014997448469731053,0.015418235150449693,0.01452416812206394,0.09418237264218186,0.3165835734625127,0.014065789271532996,0.463627987964138,0.06660042491738977,4,streaming
C002177,0.08251491547152834,0.08440816186893443,0.0889855997790452,0.08798852487169304,0.09980320652733882,0.09166694526780601,0.09177606103574629,0.3728565851779078,1,none
C002183,0.012810979373412437,0.022361924746074388,0.012506281894745737,0.42819559088113024,0.36591546827504173,0.012270887767690418,0.06024418322246773,0.08569468383943729,0,mobile
C002184,0.3883443642846861,0.49107866337414563,0.014122273679373323,0.014801391410628261,0.013447256485210272,0.013132581490373968,0.013775715501637625,0.05129775377394477,0,gym
C002187,0.017227457391135487,0.018391784151542058,0.01862047412281773,0.1274215585043012,0.6460813795952476,0.028303813943275274,0.07553922356010095,0.06841430873157979,0,music
C002188,0.045452688531425256,0.011136490750232113,0.08689635801311288,0.021564108729111117,0.0099613078604584,0.008365931397720133,0.010163450652531231,0.8064596640654089,0,none
C002189,0.02707364097517901,0.030191967108272648,0.6719520265965131,0.061668507357699257,0.028341790831034185,0.055014016410805645,0.02831475771151691,0.09744329300897926,0,insurance
C002191,0.052197426404231966,0.15395665565428507,0.08042926597464681,0.02979245976591671,0.028961906944875902,0.02686420937624899,0.03582446083812239,0.5919736150416721,3,none
C002194,0.013306230472941476,0.013507164855634421,0.07811100965634148,0.014568821591588685,0.23473716075801246,0.03519480230356733,0.09591746159845928,0.5146573487634549,1,none
C002195,0.055663485362242276,0.18868384970276353,0.09945602617974308,0.0604036878920898,0.055272730001000275,0.05637961956265851,0.05458384268105226,0.4295567586184503,3,none
C002196,0.024018694264589725,0.3270623876591052,0.024547871929632516,0.025981100744488506,0.22840241935354785,0.04023854905530219,0.2522994479853037,0.07744952900803036,0,gym
C002197,0.015012701900986246,0.013065387045842935,0.011979340827152558,0.14309058273667757,0.011516108257818757,0.04029139059557163,0.009798204513836383,0.7552462841221139,4,none
C002198,0.013913858698894561,0.008692026535005832,0.008833411693782425,0.009235482638438746,0.008588180829008576,0.006773659915578334,0.006764677933042512,0.9371987017562491,1,none
C002199,0.050405919187503694,0.016623204216374407,0.014847167150586506,0.0698776981554651,0.020430978639568713,0.0473730553521153,0.06702845471090607,0.7134135225874803,4,none
C002200,0.016974293709530876,0.45488955788604135,0.2780475602432533,0.016415396749650108,0.01614586624822694,0.15925367249000597,0.021169954954759453,0.0371036977185321,3,gym
C002206,0.14593980549315413,0.018767024463932837,0.02948036691710118,0.01728512037796267,0.1718497317490607,0.017618314578102055,0.46468325447954906,0.13437638194113732,4,streaming
C002212,0.015624353174069664,0.016911192787831254,0.017250537881425033,0.056905251729564454,0.6519105564634036,0.016869363569287886,0.13911292794882113,0.08541581644559686,0,music
C002215,0.1567088581336001,0.022178049770392075,0.020155219770917082,0.022148622631731806,0.20857385723376579,0.02084266100529736,0.4147225391755849,0.13467019227871088,3,streaming
C002216,0.024000073415458036,0.17941205835936497,0.025585096221134546,0.21294633349403372,0.0805859352575988,0.10230318127959784,0.2923484571885083,0.08281886478430378,4,streaming
C002218,0.009960337293671333,0.316206399868853,0.012897915301690306,0.009841258140684444,0.2830385348040844,0.30347826526424393,0.0334416531192979,0.03113563620747471,3,gym
C002222,0.01928049982539827,0.0166042605157924,0.10389465951393428,0.0204465414665169,0.013155554119772874,0.024115659047859974,0.012240923408814412,0.7902619021019109,3,none
C002227,0.021548159534337037,0.03298925011573009,0.021614664108180325,0.03638807077866413,0.2844356395954209,0.027505906785162078,0.43257837466233884,0.1429399344201667,4,streaming
C002232,0.14419374934496,0.28109317514699905,0.02238477595488674,0.042137684206610196,0.3167031629306382,0.022314991159160618,0.04627337886506888,0.12489908239167635,4,music
C002234,0.020517743752490807,0.01917030863190206,0.01824881424935365,0.019426178246556233,0.011885648140576206,0.020110182940552862,0.01994536037651226,0.870695763662056,1,none
C002235,0.02478150014439641,0.7215472829559254,0.023234093436477567,0.023479080276534912,0.02444435576317836,0.02209774653077102,0.02318450651006814,0.13723143438264823,3,gym
C002236,0.012246734605604607,0.012075737731411962,0.3712925903708272,0.013630795641947135,0.07859954576946397,0.01171147245817228,0.10152450630425491,0.3989186171183179,1,none
C002238,0.128459669093989,0.012425408384419741,0.011005377547074877,0.010818798395428793,0.011811527890852613,0.00866149987718832,0.05071072185306599,0.7661069969579806,3,none
C002241,0.02440798302754158,0.017420485956481047,0.013035273511810015,0.015871787909435803,0.13287370665394785,0.013194129952617364,0.46966103089591404,0.31353560209225234,1,streaming
C002242,0.010574837787775862,0.010026738464734956,0.009803774346205487,0.0034011128436631224,0.68271363842703,0.12894702080743553,0.081885860501256,0.07264701682189895,2,music
C002243,0.08326188114476868,0.014888378023686324,0.014361073404116178,0.09001017211275969,0.10838390407609302,0.2760018775199635,0.34136773654873315,0.07172497716987948,2,streaming
C002245,0.008335845006451672,0.00986564043019772,0.00952887808016869,0.011274279878091254,0.02312486668450065,0.0194274453846854,0.0802298303452102,0.8382132141906944,1,none
C002247,0.024856461938206183,0.12646145955907231,0.1954607145920934,0.024829876872157867,0.04448686270187556,0.028514100936844783,0.3961934777784391,0.1591970456213108,1,streaming
C002250,0.013874080649590028,0.03798569277952135,0.6190878261754506,0.06109765340928403,0.08236230441800428,0.05374258418999528,0.08422660485397483,0.047623253524179635,4,insurance
C002251,0.20100728384460503,0.023996575156390802,0.02394437638111462,0.02225211366358902,0.023267836268775523,0.6014512582896971,0.024109668852626324,0.07997088754320157,0,software
C002256,0.1345952737170001,0.032752206327714195,0.033562745594142046,0.036784958447392026,0.03256686734940421,0.23174537029097175,0.0322393508038013,0.4657532274695743,2,none
C002261,0.011027027554598189,0.7316309633665885,0.011924794311234789,0.012644963878639776,0.03053869328116509,0.011792925309067495,0.03292726866253923,0.15751336363616697,4,gym
C002265,0.14425548969654894,0.08364472811275778,0.09103279512421651,0.0848533590594323,0.08606573859865742,0.08583396430322773,0.08574738320437038,0.338566541900789,2,none
C002266,0.015052035504511261,0.01662428905361269,0.016023212049013694,0.11612430849893089,0.5943552681078502,0.014244305733307103,0.13252154787928577,0.09505503317348835,4,music
C002274,0.03512244596089961,0.034292807324369956,0.03568393197989053,0.09536874211254812,0.03457218339735528,0.03844063822462792,0.03310973633239027,0.6934095146679183,2,none
C002275,0.0160270165410042,0.8508288830533336,0.014971129767604674,0.012951394886074137,0.013423581252840624,0.013119746526838479,0.0129993798442001,0.06567886812810411,1,gym
C002276,0.006979534285044037,0.016620613114615403,0.015996759474625817,0.017282783128988108,0.014571782654473748,0.011671216804076795,0.014003902434835227,0.9028734081033409,3,none
C002277,0.014154952811321906,0.012696023267855867,0.012976607910053329,0.013369582143096689,0.03640528931097034,0.7921582286588674,0.0513617735652881,0.06687754233254632,0,software
C002278,0.01400823254537648,0.035645212376020224,0.012295662918889585,0.011263392594022318,0.050122098293683554,0.04995861037528265,0.0596377182447116,0.7670690726520135,1,none
C002280,0.06059992447815786,0.053472195839003436,0.057850742378189074,0.05250519355621766,0.05856165923339894,0.06050039513531709,0.07059403112173414,0.5859158582579818,4,none
C002281,0.016978417267056737,0.014949798661516635,0.03936825717056349,0.012387745208308466,0.01669796444835517,0.010955917303611519,0.014572373929079716,0.8740895260115084,3,none
C002282,0.3560312437168248,0.025497233712123216,0.02406025279332682,0.36518510636808177,0.023488286601766366,0.023815598193549385,0.02562905576772959,0.1562932228465981,3,mobile
C002285,0.050311120363784975,0.055940604396954585,0.25379518713954896,0.06035796476193547,0.08205704422061214,0.060936833265720455,0.05776828860280543,0.3788329572486379,3,none
C002286,0.018017843571997663,0.018587976884065695,0.013052673991355934,0.03767851217267738,0.019935398406109205,0.08911426750662585,0.009467078021286823,0.7941462494458815,0,none
C002288,0.10725470110295808,0.34782624728962164,0.01877083848258559,0.35771416642214937,0.06761938499707514,0.01868978397522876,0.01939819483523873,0.06272668289514266,0,mobile
C002291,0.389319766517233,0.14164123977277548,0.047990390482634565,0.04679404599315153,0.04758340292616101,0.046448759421063836,0.049697873684686825,0.23052452120229378,1,cloud
C002292,0.0141362967178115,0.13119167262163028,0.03667949941696904,0.7236603672979256,0.016361966310971553,0.013560597075443073,0.015615151941172554,0.04879444861807642,3,mobile
C002293,0.05583522811846009,0.05622996134308314,0.1025477838993078,0.059306890294806264,0.061079444371473696,0.2598770565313927,0.06573506076398648,0.33938857467748973,1,none
C002294,0.01657789818821185,0.3237182088760153,0.01753166995531035,0.01601978397428102,0.1422374551499464,0.39183427681434646,0.023243194079841052,0.06883751296204756,4,software
C002296,0.04454186750929388,0.1034672366352116,0.013414671291394622,0.012999140221953118,0.013384017529580032,0.10726378483623022,0.013779611864087781,0.6911496701122488,3,none
C002297,0.010508989412737169,0.05100995738559803,0.010072942370059849,0.012834082822863756,0.08459843882548121,0.009793507460561734,0.7713958650645821,0.04978621665811609,3,streaming
C002299,0.026032196403978313,0.2611773005033603,0.025106273749903867,0.02676583776281411,0.1114158603624826,0.0870836949279585,0.2366334423639428,0.22578539392555952,2,gym
C002300,0.18914969193963393,0.023742206209698538,0.027954088231487664,0.18710242060197046,0.02425582642797345,0.4119245958760813,0.02575476303186064,0.11011640768129403,4,software
C002301,0.013373032914442674,0.13934051063419475,0.013370706746187604,0.7062694951570619,0.0072239525214399,0.012989659954682957,0.006812910483882971,0.10061973158810711,1,mobile
C002303,0.02209202220990262,0.024736960725469777,0.03109753526256244,0.023832686294594674,0.1393712335109128,0.5114958386671604,0.026166847170776386,0.2212068761586209,4,software
C002304,0.5512629682456843,0.034307176446577256,0.03535933898803134,0.03426668765613142,0.03400137662201368,0.03475143092158395,0.034603009477835324,0.2414480116421427,2,cloud
C002307,0.033133969622187745,0.046314172619317084,0.04192471121951795,0.030324613208466966,0.027696117032141677,0.0490791535361742,0.03614182711522916,0.7353854356469651,4,none
C002310,0.03243144688452038,0.03208232832855548,0.03333559138151685,0.032438452778933494,0.032989295059778295,0.03467270124761567,0.10177788040219556,0.7002723039168842,2,none
C002311,0.02393358943581825,0.024397818097069215,0.4201437167928696,0.023319927441320012,0.02346158093844172,0.023073304239102727,0.023962865744365076,0.4377071973110134,0,none
C002312,0.03353566202352423,0.21225299960383776,0.03571521298396516,0.09767124087186477,0.04217439906680683,0.037010238831849736,0.03881487176431432,0.5028253748538372,3,none
C002313,0.026970545239953007,0.14679692860263202,0.027753057016802016,0.04305768468140275,0.029950905148683468,0.1781506719234794,0.035068879971733184,0.5122513274153142,4,none
C002316,0.011851792176221836,0.7566676612328813,0.010526742493905256,0.011568664649938967,0.07144169119962743,0.011445470644234559,0.058948183786609196,0.06754979381658162,3,gym
C002318,0.5375452017568056,0.037818320358250994,0.037288788838700626,0.06745256726381124,0.035084783918405645,0.03496670860226439,0.03601666985502933,0.213826959406732,0,cloud
C002320,0.01852083383323045,0.05480539330550906,0.10106719063748092,0.018658887150627104,0.35634517026820206,0.018379200524244556,0.29810012550231774,0.13412319877838805,4,music
C002321,0.0202385735186782,0.019013636162979283,0.021889237615179222,0.0128008117385818,0.02069178172477763,0.019062004116041413,0.01847601214199982,0.8678279429817626,3,none
C002323,0.4224339061977329,0.029307912857194862,0.02909018634612897,0.30699849569710846,0.0386258231545327,0.02410214842568196,0.02640782221938985,0.12303370510223022,0,cloud
C002331,0.01623981614379315,0.028952604967162107,0.029662502953644906,0.03007018892664118,0.034590133435999794,0.7238163868966938,0.03314292036126562,0.10352544631479943,2,software
C002333,0.013538028171761477,0.013851082765893231,0.08248845800210046,0.013918760691174892,0.24238822797948148,0.013378070435570572,0.49453297806317253,0.12590439389084537,3,streaming
C002335,0.024328751590737725,0.009302978738663287,0.009351397134526157,0.014062132444000492,0.14451724329402676,0.014560858694848602,0.1452994358012315,0.6385772023019655,3,none
C002338,0.028953562873155557,0.028740677422819542,0.5996313595786698,0.02789594607848618,0.028956276449352815,0.132240711754139,0.05130788258061823,0.10227358326275887,2,insurance
C002346,0.03749825644423109,0.03025772475386154,0.25279651083570376,0.06148038588201232,0.030124570903623634,0.029678787967620572,0.03307122704604354,0.5250925361669035,4,none
C002349,0.03375482292246754,0.034499460961282494,0.036878868792405595,0.033693637784413935,0.036139027042432464,0.037421901479848765,0.03462653587907221,0.7529857451380769,2,none
C002351,0.007520692779229572,0.01566987960732925,0.016177831474485132,0.014786608836929439,0.10558422042686058,0.039845729789620844,0.07842401302132432,0.7219910240642209,4,none
C002353,0.014880450831672528,0.00949879488214683,0.7645103544230878,0.008302669699362643,0.12462057596515744,0.008150680168315112,0.008084379659222174,0.061952094371035465,1,insurance
C002354,0.01785679325233121,0.018563020819439148,0.017324240085726382,0.01934628730802061,0.005885681968456888,0.7781448720401807,0.0058735019099712925,0.13700560261587372,1,software
C002355,0.013000474678881609,0.012220268185847389,0.011810415079993796,0.23573096545676817,0.1330414831286021,0.022149764386999175,0.517462614474964,0.05458401460794372,2,streaming
C002358,0.017070804721030328,0.01832477547993184,0.11007972718414225,0.3453551183405587,0.29097076356706486,0.016069711759677974,0.10417203984547946,0.09795705910211461,1,mobile
C002360,0.09376867533741946,0.017439421641843002,0.01570508759062298,0.01663461138626984,0.520044211442446,0.015539272982276163,0.19835781924889118,0.12251090037023143,3,music
C002361,0.0048129600631222685,0.023871037762480007,0.011044539147846678,0.011002935101332876,0.010943520541248208,0.008012418984681248,0.011276647282264456,0.9190359411170241,3,none
C002362,0.017942514531954345,0.3018075227050097,0.060706639585665065,0.29901778011048696,0.053713076048658215,0.052994526582410745,0.05357502575159748,0.16024291468421742,0,gym
C002363,0.008616757737828606,0.009496525166605388,0.11781674555967515,0.20011639153385466,0.03916700447622732,0.03280481843537475,0.00774541035786841,0.5842363467325656,2,none
C002365,0.026132908114743444,0.0253832930488139,0.025804942282068796,0.02547353132962618,0.6720646310953544,0.06668068240371648,0.04835018108942782,0.11010983063624902,0,music
C002366,0.16426856996430533,0.028992821134574735,0.12078802363750393,0.03062072311510839,0.1384283806492782,0.04160656252396506,0.0771568815118844,0.39813803746337995,3,none
C002367,0.0237829815742618,0.024370493734174097,0.026001603440225327,0.1450931534485441,0.11941528337194401,0.025567438585839243,0.42018614828638945,0.21558289755862198,1,streaming
C002368,0.5541424856494525,0.010173277602508827,0.009240895617353355,0.00951535286647104,0.31867589025199305,0.009496219780063857,0.04353644989934436,0.045219428332813186,2,cloud
C002370,0.024707158563682184,0.02489777120859523,0.025109793444197028,0.028152124223529584,0.38462255686815583,0.029433498218841433,0.05377354995128284,0.42930354752171596,1,none
C002371,0.021595980144722107,0.015244055493122372,0.026825004915116153,0.01707484589456421,0.038028616796613166,0.09142403817161646,0.0406512171762535,0.749156241407992,1,none
C002372,0.01645657580591169,0.011538286212285549,0.011780806373650454,0.011263458250046795,0.1790353024786761,0.6598975990019063,0.05105781175912031,0.05897016011840292,2,software
C002373,0.032273044270968464,0.014114331912773798,0.3328247447981383,0.0134604537116271,0.4004049114146815,0.013603603839182993,0.08213669992936593,0.11118221012326195,2,music
C002375,0.009019301939054616,0.013850072429085623,0.01179572619769965,0.14053354097607915,0.011867902826836108,0.014773583812383093,0.012240314848549377,0.7859195569703123,3,none
C002376,0.012565723114075791,0.49827686623043776,0.018348536677518165,0.012072480273116849,0.03458595195291693,0.02920066812985668,0.3152578902415554,0.07969188338052231,3,gym
C002378,0.016900696649280997,0.011778015305018024,0.017824987332714013,0.019071005102736356,0.02812125453574864,0.016765180319708688,0.05936019285003537,0.8301786679047579,3,none
C002379,0.040067391817780115,0.22191327856376059,0.041536190161626456,0.046492623518755175,0.17808353430813298,0.04436899653232861,0.19311268804764778,0.23442529704996823,4,none
C002380,0.02911094869619458,0.02877787234060713,0.028470733431343445,0.5764776642111457,0.030030415619277738,0.03673407408846937,0.028054365826239228,0.2423439257867228,2,mobile
C002382,0.03642072977615012,0.0378194087564383,0.03870146184955212,0.0347146546775722,0.03768562129576397,0.5209536227927198,0.042571681839106604,0.2511328190126969,1,software
C002386,0.015702934776341288,0.010550575767328617,0.214226860826853,0.012739899949382329,0.012743388335164542,0.014564202438276656,0.015654400664938183,0.7038177372417154,4,none
C002388,0.012812187715240567,0.025122753881592037,0.013332433917780443,0.012657407511536906,0.012710139855832477,0.8449510365449269,0.012097423564190734,0.06631661700889989,0,software
C002389,0.01654853493311925,0.017279779075819183,0.019071006144093294,0.02578386488965201,0.017048129816169013,0.01324650288122644,0.017535601955597297,0.8734865803043235,4,none
C002394,0.012098787830394364,0.014030629924450193,0.014089824725002694,0.25005490501593725,0.03590939982182906,0.012717064012653163,0.16853512783771113,0.4925642608320222,4,none
C002395,0.3801848922199348,0.20135314613420963,0.014417293504752841,0.014198558407114512,0.1505809173428926,0.025998325579699152,0.13475895045395167,0.07850791635744478,1,cloud
C002397,0.05901480502428355,0.06272251763274526,0.41165543025382034,0.06153069296151063,0.06253355884705951,0.06189207573233462,0.06251517771554531,0.2181357418327008,1,insurance
C002398,0.2505600415527025,0.02152516807179136,0.021643559191139455,0.021454573650155174,0.02233411686139006,0.5334232957751313,0.02229894338458821,0.10676030151310195,2,software
C002399,0.01769162435902575,0.017761731055070527,0.018039854604077178,0.7920990423768732,0.023218008624131394,0.019109158248888036,0.02142059837478035,0.09065998235715345,1,mobile
C002401,0.03178146769596483,0.0315233732919435,0.03188386369047094,0.033870465127424164,0.12283482592510386,0.03312951975569418,0.5865870282282123,0.1283894562851862,1,streaming
C002402,0.08931659055629851,0.38131459147890273,0.07585155880687168,0.04889313345692957,0.051008588207350325,0.051262024513295715,0.050834994885926535,0.251518518094425,2,gym
C002404,0.012749487024568185,0.1011033319642085,0.01326110095790524,0.013651518217161339,0.02987525769862704,0.1599059224335972,0.0300698915944851,0.6393834901094475,4,none
C002405,0.010526990640882701,0.010212358659047613,0.720746360189726,0.08176183710948895,0.02351233757419053,0.012636351555774056,0.07936071610332326,0.06124304816756683,2,insurance
C002406,0.023187952387106713,0.03856823047173377,0.022678751701228177,0.09043858689370052,0.023813163058804585,0.6339064818775102,0.012192566046142769,0.1552142675637732,0,software
C002413,0.01768104086038288,0.02547622251068875,0.1427718606518695,0.017585706288263885,0.01154243860626594,0.01837466619222431,0.017839239585406258,0.7487288253048985,3,none
C002414,0.05670526780713186,0.057676636460706414,0.06035119667278312,0.0578620848781672,0.06183288997991761,0.06317101001267855,0.06961526419476802,0.5727856499938473,2,none
C002419,0.013816948160616994,0.013732573150212108,0.013222250719127776,0.5676702189230182,0.025217486606797596,0.013311318341096182,0.2546502380047718,0.09837896609435934,2,mobile
C002421,0.052198375066313654,0.012489440336333691,0.012346955547681239,0.012407650314720764,0.11668681878956835,0.06863210217792885,0.6869499570902893,0.038288700677164215,0,streaming
C002424,0.018879896282105423,0.021309452502159102,0.020156053380238688,0.020779860107168924,0.703855199394635,0.018980504281607052,0.08122627873586949,0.11481275531621615,3,music
C002426,0.046625774306237495,0.05198798227964804,0.04729767797496808,0.04953679042281116,0.1955546604256467,0.055358028080708055,0.4079011643298682,0.14573792218011217,2,streaming
C002428,0.02373234714247375,0.02388795634626559,0.021647696993039818,0.02307744747545205,0.11374302670447226,0.02594242988984492,0.6432868581686322,0.12468223727981938,3,streaming
C002429,0.011979693428279517,0.012272051288749702,0.3770298708898664,0.04004774042155012,0.3459636602509689,0.01286597889152266,0.13423234514678564,0.06560865968227703,2,insurance
C002430,0.024200432481684547,0.6302929079309524,0.023706242029233285,0.053672605844306345,0.017782050400782724,0.021413638668724894,0.01827263501010973,0.21065948763420603,1,gym
C002431,0.8063532491437755,0.017814461529116702,0.017640518132548293,0.019408504980868293,0.020110734680438894,0.017508564401897526,0.03054970286221148,0.07061426426914337,2,cloud
C002438,0.016794992450091587,0.016662539345481456,0.011321173219008013,0.4818322945960173,0.012538336597625389,0.014240037352105332,0.020851506344531968,0.42575912009513894,3,mobile
C002439,0.011398246261868247,0.01969734958101721,0.022722506061562404,0.018487513377094353,0.032750556436264025,0.021338019575785655,0.24568615064761626,0.6279196580587918,3,none
C002441,0.014025554695839904,0.045487122120761864,0.7213758452998713,0.013132967977462039,0.013638315809176637,0.10426808010449809,0.014125992337877938,0.07394612165451214,1,insurance
C002442,0.023444314875495698,0.30053394404633954,0.023311808600850432,0.08394397273127996,0.0234319054780181,0.40968430901898695,0.024172233953262977,0.11147751129576622,4,software
C002448,0.017273506280472917,0.017661410862711238,0.02549363637620559,0.08566152565345345,0.012972291019485462,0.018645844910218895,0.09725905995837747,0.725032724939075,4,none
C002449,0.03047208976151225,0.017112043450922317,0.017016947536946898,0.016283143827505932,0.016825119485230255,0.827900430579976,0.016561190313921885,0.05782903504398442,2,software
C002450,0.19782291241417854,0.036371959209553065,0.07487544515312429,0.04733100375743386,0.05023967651545481,0.048635191206453196,0.055902816215524294,0.48882099552827796,4,none
C002451,0.011487340206149436,0.014002018642978434,0.2632315310542904,0.1962798071931277,0.012519257000489533,0.4310163650101103,0.012963276089959596,0.05850040480289454,3,software
C002452,0.011192654244098349,0.05054283501640442,0.5554208313585561,0.2434086395899378,0.01181497264747603,0.052513161933098226,0.012687766584272137,0.06241913862615687,4,insurance
C002456,0.033013398729826296,0.025619599413000297,0.024808102024520752,0.18544253659804588,0.0271636445439635,0.4866536217399407,0.027049077097799298,0.19025001985290327,2,software
C002457,0.6765754617534623,0.02957682123829969,0.028710507924421435,0.02956553751234203,0.028612320382381644,0.028141909173478558,0.02930202469044352,0.14951541732517104,0,cloud
C002458,0.03422573706100894,0.03302723460889867,0.6130857839132502,0.03182446080710385,0.03358153228852055,0.03079683917246659,0.03387043774231589,0.1895879744064353,1,insurance
C002460,0.04849130307727704,0.04302083005166736,0.34252301811425,0.04548423224018809,0.046719290257154544,0.045597917474306325,0.047835972047206306,0.3803274367379503,1,none
C002461,0.050130926547347035,0.025162138620125975,0.20617051064158104,0.024901587988229286,0.05511244387377679,0.0291240458290278,0.06052829965069611,0.5488700468492159,2,none
C002462,0.02024368181354752,0.021541024572003437,0.02207565720852185,0.24384435524678538,0.022781296773733216,0.3865521277930211,0.02325422147645201,0.2597076351159354,0,software
C002463,0.13404264389954168,0.039560517852946474,0.018492527834194073,0.07406235418264019,0.041963346689825876,0.01717934751522965,0.04585699535699497,0.6288422666686271,3,none
C002474,0.008821468077025184,0.009005246101523357,0.010171905564834022,0.17850706617568707,0.10822453252849097,0.0093653012179508,0.6216991972250989,0.05420528310938988,0,streaming
C002476,0.034179432721919395,0.309475941494495,0.036234621323637306,0.03395974849785917,0.03802174902388236,0.036648764107152496,0.03426038619076613,0.4772193566402882,1,none
C002479,0.02978143487598037,0.03146264541087047,0.031036878226071776,0.2680019622338584,0.03348095345424404,0.040228141107799695,0.033247781063876145,0.5327602036272991,0,none
C002485,0.023627500401439634,0.37038347514652875,0.02382513640477389,0.0257298785845547,0.11050475494934481,0.02264923995407865,0.2652048138379695,0.15807520072131015,4,gym
C002488,0.013586786172241818,0.013646228506688179,0.01274854221916836,0.03574227069431093,0.06190008409248291,0.009200826560944857,0.04768386152030424,0.8054914002338587,3,none
C002490,0.016261099326175046,0.1841499207779744,0.4133725275722658,0.014778233119443717,0.016820819572845612,0.2070966675064777,0.09596487977180396,0.051555852353013853,1,insurance
C002491,0.4379162426068214,0.016793669891824695,0.01623910169191908,0.011925619686428295,0.03702312901194368,0.017968222734110924,0.08709902193431797,0.37503499244263405,2,cloud
C002492,0.02069717170533917,0.02062085353246228,0.020382033731796017,0.46493459375803475,0.020494735507751938,0.019457031197624118,0.2655104154713681,0.16790316509562359,0,mobile
C002493,0.028648734062427718,0.029201290406305813,0.08295723951132897,0.029133137918056197,0.03590153428831866,0.028358413053139048,0.047885332928686554,0.717914317831737,3,none
C002495,0.4482662762266503,0.009447287422600856,0.00893985696076814,0.3594720755092664,0.04681091769946148,0.009126724894665815,0.055832573537052066,0.06210428774953493,2,cloud
C002498,0.027596738207075314,0.03194969113758664,0.03155239824954388,0.29063293735979917,0.039514126652712214,0.033654662015690714,0.042220533776756844,0.5028789126008353,3,none
C002499,0.11648417340262199,0.016672224126219336,0.059688149647007444,0.5480597595856694,0.014929218113154254,0.15471043417570174,0.01438922528581785,0.07506681566380793,3,mobile
C002500,0.025699706135145252,0.022838101345046505,0.023448674013954382,0.022639306349804177,0.10801127969678492,0.055025440146849736,0.11412573387836772,0.6282117584340473,4,none
C002501,0.08696802492912734,0.04009332702838699,0.03825085140430358,0.039889022853016334,0.30309730005352453,0.036205436821489995,0.19227951638138802,0.26321652052876326,4,music
C002503,0.01604601582635691,0.017928398274312744,0.01415615829902619,0.01364936005566478,0.02142379596518089,0.24342704485428887,0.017058027162814154,0.6563111995623554,4,none
C002512,0.2626907842018934,0.09885545380047178,0.06608827982297326,0.021164954705699242,0.1695768047263756,0.019289786065861743,0.28760894062779485,0.0747249960489302,1,streaming
C002514,0.029544568669663505,0.029569131052056705,0.610107338180363,0.0408252372492172,0.029886670936415234,0.028584970745045516,0.03469430134129785,0.1967877818259409,4,insurance
C002516,0.011002163768243506,0.010576909140356996,0.010345246883110542,0.010387772566597016,0.013428235019054439,0.8792052127038781,0.013629557180196856,0.051424902738562386,2,software
C002519,0.04226958323662344,0.04370470804518741,0.04627496922236091,0.04319089588910516,0.04838857179507712,0.04466082339440673,0.04114468674768379,0.6903657616695553,3,none
C002522,0.01157446425312943,0.011843366737308628,0.011726922000615505,0.010811504630626806,0.160705533857461,0.7059295977889208,0.01611703865909171,0.0712915720728461,3,software
C002523,0.016792150938130492,0.13693759016811977,0.4135715382423113,0.013883242165840423,0.1991495040513216,0.13995674799321978,0.023433028666335586,0.05627619777472103,1,insurance
C002526,0.030526796132019345,0.011203560186323949,0.016816608985877418,0.31414255137524283,0.23779094195655315,0.23012328531163023,0.0199865503594976,0.13940970569285552,3,mobile
C002527,0.09930850087026162,0.00680627277938566,0.013177741263782922,0.011648800027437197,0.019815462248022803,0.014324640484637463,0.01756112566815863,0.8173574566583137,1,none
C002528,0.06259606388932087,0.11815922492568294,0.015925839840618294,0.2149637709991087,0.08181865290616676,0.023016972683115713,0.06462009141578536,0.4188993833402014,4,none
C002530,0.5078430165910445,0.012516531612705991,0.3476374770606706,0.011516653784753726,0.011779515394105343,0.036943783468205676,0.0119861320707067,0.059776890017807546,2,cloud
C002531,0.021107470868222712,0.021000857851722465,0.02139176537830593,0.5455227479632975,0.023473718242912923,0.026486111135934923,0.15497099153290073,0.1860463370267029,2,mobile
C002533,0.28810247873370476,0.03964415946138396,0.029521365956989856,0.02869325844064708,0.032113213348456834,0.031248815375079533,0.03966555566657256,0.5110111530171654,4,none
C002534,0.12842708744564743,0.3801977443696256,0.10565022038119458,0.00949710316290289,0.009335478679004479,0.00945373568752096,0.30512103895657716,0.05231759131752683,3,gym
C002539,0.04858800354287032,0.3242025258853061,0.051506773071222686,0.049280380964555476,0.05404000539674059,0.053458870589397106,0.05096830030680279,0.36795514024310494,1,none
C002541,0.027548380198181642,0.012596167700275065,0.13127911889973545,0.019348544060847673,0.020848172586412805,0.2612507937628744,0.020018077923003388,0.5071107448686696,1,none
C002542,0.020011992807897075,0.01889858203331378,0.01898397445678327,0.01834614982797999,0.023449667670547694,0.017980637946420727,0.80158715688918,0.08074183836787735,1,streaming
C002544,0.02412661341522509,0.023260216312891335,0.02235576681851279,0.2609355100296593,0.024302530688651944,0.5195121529613772,0.028440145971976263,0.09706706380170604,3,software
C002548,0.012963965242985086,0.10249037190042079,0.22805618601565167,0.012636698001968483,0.01257024151689469,0.556109863329398,0.013438567110618832,0.06173410688206244,0,software
C002550,0.01573666213250713,0.016386341724082366,0.07734411368035092,0.01481852884370281,0.01573785413114819,0.724031741619188,0.015985236990544972,0.1199595208784756,1,software
C002553,0.013592246530357194,0.013259341191727466,0.6322491785510997,0.012122177758925027,0.08530281332319573,0.013329712389696505,0.05781612926539009,0.17232840098960833,4,insurance
C002555,0.017386078811326318,0.33174917190869213,0.5149755407584565,0.016497672592835116,0.016327857353681925,0.016379832601201703,0.01621506760539648,0.07046877836840974,0,insurance
C002559,0.03634525894897992,0.03434061283277105,0.45101539989288414,0.0324498927642366,0.0346397354166435,0.033549296227313216,0.041243537090769056,0.33641626682640247,4,insurance
C002563,0.008698812561902065,0.004778080375220515,0.6556093356501,0.00816666181979467,0.01088959711098536,0.010461653367015447,0.038889057715638255,0.2625068013993436,3,insurance
C002564,0.17281876949915395,0.012985831264261267,0.014294275471368538,0.048547214503282615,0.010763765888293399,0.011879806554454144,0.006854127370870775,0.7218562094483154,3,none
C002566,0.020216605306748164,0.01929163488707458,0.02435755254331011,0.7901349746135792,0.013482205589489073,0.013016650279893498,0.015378378920517518,0.10412199785938785,4,mobile
C002567,0.30797050586457597,0.061890354696818514,0.05973590443418787,0.07736914731037281,0.10338609678970907,0.06257548272586404,0.05099039948491141,0.27608210869356037,4,cloud
C002569,0.015475417507434596,0.08801567356761376,0.12022388314668372,0.06890330792395769,0.046866364674031546,0.055798736263651526,0.15444303785716162,0.4502735790594655,4,none
C002571,0.714158110127842,0.02270782677126662,0.021056809811506125,0.02234498569322926,0.023418896877476593,0.0232648451093134,0.025633297903832196,0.14741522770553384,3,cloud
C002573,0.023821134430743587,0.060695655075932914,0.6441329791857929,0.01845109268579089,0.02337683012854192,0.02393033177103288,0.027222265899207204,0.17836971082295763,4,insurance
C002581,0.08914412882877695,0.012713127716978804,0.2566967127738011,0.011898656328080542,0.011671921032386085,0.0574674526230507,0.53037694837037,0.030031052326555858,0,streaming
C002585,0.008326028103325396,0.04569750345223739,0.03668221962386088,0.01891856192466885,0.01745638423221001,0.01852917976928122,0.012346010113280797,0.8420441127811356,1,none
C002587,0.01618001918147428,0.014603361604863991,0.013742563030527868,0.26098307457101755,0.3553516338204514,0.12173714283288659,0.08943103690263848,0.12797116805613987,2,music
C002590,0.018087387608517375,0.01631658337128516,0.1013907152378718,0.06558657410412243,0.015550395505180179,0.0032399095985405787,0.016675228784992,0.7631532057894905,4,none
C002594,0.013882478950309146,0.014235002431364137,0.013556114036057863,0.13707420544406673,0.579707332030496,0.007984771530721422,0.05204877059102414,0.18151132498596062,3,music
C002595,0.0319235028883149,0.03370525467568151,0.033520737568780413,0.528065102374328,0.03247531011314769,0.03200954930890059,0.03309375968188158,0.2752067833889653,0,mobile
C002599,0.028873964928311045,0.023589192582035068,0.02125150367137181,0.017567783926389628,0.02145140888368316,0.030402829669175103,0.021079542658428492,0.8357837736806057,3,none
C002606,0.10330861183187831,0.023543036717099813,0.05440731341695747,0.022501308065645022,0.5480413202734429,0.013231819221362602,0.014117606634022076,0.22084898383959176,1,music
C002608,0.041975699222828164,0.5713975160925762,0.017301058468049038,0.02713468616202594,0.021410941893066145,0.06302307678342653,0.02247478663396861,0.23528223474405935,3,gym
C002610,0.009283761265821193,0.3167362033622194,0.12030941471164214,0.4239512301165542,0.02061139145409792,0.008928209908472342,0.021311769978302173,0.07886801920289069,0,mobile
C002611,0.016103761513577817,0.07208905211594402,0.014111065526590295,0.09869795611356509,0.029321965173528145,0.016430926722634274,0.023405129033638755,0.7298401438005216,4,none
C002612,0.021312068265404098,0.021491342952338073,0.02069668151014334,0.6126223511851132,0.0574067414539092,0.022136223418132556,0.058454257858077535,0.18588033335688192,3,mobile
C002615,0.013923730300279748,0.013602907959098997,0.013066196689577491,0.014664530592661686,0.8083509561115528,0.01309557593505369,0.05038393613487223,0.07291216627690339,1,music
C002617,0.02740829598810556,0.02554282620077288,0.015843575303274474,0.018215945287971297,0.04626335696193028,0.016338234795587048,0.04980256679698719,0.8005851986653711,2,none
C002620,0.00594176639289962,0.010309949600404447,0.010478354962824928,0.010405978095489753,0.08477003993124119,0.2222744011805156,0.010216359957335754,0.6456031498792887,2,none
C002621,0.035217296281167584,0.055228213181900694,0.027638991122580087,0.16961988812281958,0.07128856482697707,0.026751433255440618,0.48822282490896096,0.12603278830015344,4,streaming
C002622,0.44078504702487725,0.06234098329882489,0.02506959406752852,0.024762060243769996,0.05110590885309031,0.024999202838942202,0.13972795838835758,0.23120924528460918,4,cloud
C002623,0.012564102866494183,0.01188723395385246,0.3575751522224734,0.3202237708820743,0.03888727222270791,0.04408291221838178,0.1664762535124099,0.04830330212160602,1,insurance
C002625,0.012845725531932962,0.6373588440636655,0.19707965534324118,0.015395885834040597,0.021669693458426537,0.012591152670170785,0.013593160495510605,0.08946588260301183,3,gym
C002626,0.012164776993072317,0.012363849532458343,0.5376646344110529,0.02100253921321927,0.02281578537530815,0.2941920019103061,0.02357804132813405,0.07621837123644891,1,insurance
C002627,0.011857135193058043,0.011751768990026265,0.01853945771495073,0.017599386444145073,0.22831634640106124,0.020031427873595138,0.12264001963575143,0.5692644577474121,3,none
C002628,0.0266671849440316,0.027813133603920334,0.02953059263954827,0.028551678074187924,0.16204282110315524,0.2886629606507927,0.17076809338607865,0.2659635355982853,1,software
C002629,0.2921891063461387,0.045410879350506334,0.03929464274287039,0.038139642195370874,0.03815319976047403,0.038154099283280084,0.05137545014410495,0.45728298017725466,4,none
C002634,0.025487341706429273,0.028977959003020796,0.03142443588532347,0.03015674361043577,0.13805074257385982,0.10196969278461196,0.03149995658159667,0.6124331278547223,1,none
C002635,0.07039225445797692,0.07547977201108952,0.08548652006040477,0.0764050747236485,0.08273175244529338,0.08064621487738474,0.09818943697821582,0.4306689744459864,4,none
C002636,0.013140810764948493,0.01329858871953422,0.02696410171169741,0.06618278806752087,0.012800217051775975,0.09453799062182353,0.012128640039102552,0.7609468630235969,1,none
C002637,0.010690542078837613,0.7045371210840367,0.010215117609051236,0.0760801115138819,0.010057936731965093,0.007129063508115093,0.01744612909306884,0.1638439783810436,0,gym
C002638,0.6174782623598172,0.026929559219501735,0.03552685950614189,0.02593069296694718,0.06795730721430332,0.02559241558031431,0.11213277551324471,0.08845212763972968,2,cloud
C002642,0.04011745829953055,0.19557649959427012,0.017329240921479916,0.34790440197548367,0.018462998410708045,0.24003348035298924,0.01867674325675177,0.12189917718878678,2,mobile
C002643,0.016559376834803116,0.01042652127572285,0.016172207126969148,0.016369778973224832,0.008022690636330921,0.016107539090808656,0.008400373771019272,0.9079415122911211,0,none
C002644,0.014477410744111198,0.03968197722905962,0.01509949066938048,0.009570259912845342,0.02164238511599586,0.012992973541365496,0.024243310619943635,0.8622921921672985,0,none
C002647,0.023136088819922036,0.024939213386673154,0.025793032115735286,0.7317323617863065,0.07559380611050824,0.019685729143981884,0.024255044223718127,0.07486472441315474,2,mobile
C002649,0.028451549785942224,0.026569839714769124,0.02705884321688129,0.026716902920302446,0.030972518779441273,0.614622671137377,0.03252791077539402,0.21307976366989262,1,software
C002650,0.03297936525986196,0.03383299536528092,0.03534626311449866,0.03466643277777276,0.035599051332401585,0.03750405391653364,0.23139608646971144,0.558675751763939,2,none
C002653,0.03491540431577565,0.03495260681672174,0.03428126017524093,0.03752342883234306,0.1773532584721717,0.35893111377091813,0.20650981983967037,0.11553310777715843,1,software
C002655,0.019805593688444173,0.019414034303237793,0.02228796154979192,0.019533385774621978,0.6799280758174,0.021008483666693733,0.15470876447848442,0.06331370072132601,3,music
C002656,0.014449285955966156,0.014417173970688469,0.01444177741237019,0.18477748663964694,0.014195002471283913,0.5558818909141683,0.01426849703198846,0.18756888560388757,0,software
C002657,0.01910213153073295,0.044171165976453604,0.018426567426241196,0.35541371734163163,0.14622516417440876,0.017781561498152337,0.13781042761930784,0.26106926443307177,1,mobile
C002660,0.010819583324279285,0.8686863419241619,0.007544281013941233,0.0478378374688488,0.004450745524063762,0.0074473008640654195,0.00468272116850999,0.048531188712129546,2,gym
C002663,0.023718511166515313,0.021609132323954117,0.021775393104982513,0.024819904061140145,0.06281569060170268,0.024428767120133792,0.533488628619835,0.2873439730017363,1,streaming
C002665,0.036682967821719044,0.10561001635409703,0.015079483738337863,0.01914875730820715,0.45800025792579224,0.0661185036913628,0.02068682028960174,0.2786731928708821,1,music
C002666,0.020781141245080844,0.013171098894450032,0.028441099334297143,0.021899467217358297,0.013002259252053085,0.030085776820918845,0.010983349862430518,0.8616358073734112,1,none
C002667,0.03831168274884121,0.5180286289823671,0.03735882265181528,0.03671939650017616,0.09259471396202199,0.03745121182983657,0.10727077260549724,0.1322647707194444,4,gym
C002668,0.2416761549170167,0.03337133434338495,0.03247693313723169,0.034942981130370525,0.06445072663008584,0.4212282615241176,0.03529130578986027,0.13656230252793247,2,software
C002671,0.011980227335584693,0.08657219338874994,0.01772907150808128,0.01942440302126028,0.014441825163518246,0.02047649691149355,0.015624383561708404,0.8137513991096037,0,none
C002677,0.6602539694144565,0.0299994530906557,0.023483220430948373,0.027485021405223065,0.04228091811706387,0.03662394154305311,0.04735338682278066,0.13252008917581864,4,cloud
C002678,0.01594389660352237,0.016576314150234736,0.01686904765724065,0.6540440710560823,0.008510282279497895,0.006983595690253945,0.008619563245508725,0.2724532293176595,2,mobile
C002680,0.15102360859477598,0.5903270806549454,0.10042877840314421,0.014846405202387756,0.016352123494790698,0.015154756423656223,0.014693646433783791,0.09717360079251587,1,gym
C002683,0.02227977483910593,0.02063821668915314,0.0354623016021674,0.026742632700871665,0.02172172718288472,0.027837530283069272,0.02732640756371755,0.8179914091390303,0,none
C002686,0.011265224622074523,0.45735970254205893,0.010339792535476528,0.1672799492373827,0.010709455906840502,0.2302134996459853,0.010501997471874781,0.10233037803830683,2,gym
C002687,0.3704417681295522,0.021755940125815873,0.021200934043504677,0.02291232656154464,0.021400808502629327,0.44001183944273015,0.021236613568062047,0.08103976962616095,2,software
C002688,0.020207333883990167,0.020475537303801434,0.02001895452018058,0.40525826789172104,0.10641796222436539,0.019652824351610965,0.33715431544039737,0.07081480438393306,0,mobile
C002689,0.010235957232589807,0.14107904668647644,0.01211970042559256,0.011497087068369348,0.5551066081807705,0.013283134280380277,0.15701731054373197,0.09966115558208909,4,music
C002692,0.057298688549852296,0.017520651451285982,0.02500094314243498,0.019957707671997553,0.019448562645534892,0.029975615908648598,0.01712799784144727,0.8136698327887986,2,none
C002694,0.010905909098019749,0.02252068581176022,0.010664146201464393,0.011752235074524196,0.010064914083675037,0.612834272584811,0.009691516119849926,0.31156632102589554,0,software
C002696,0.01818975720765185,0.6330537649059933,0.05542566308011757,0.1250577775544833,0.016735111222001622,0.015578807874134019,0.016155288948430303,0.11980382920718796,1,gym
C002697,0.019781320968813167,0.019686194311260174,0.1664383301558242,0.6738677686407211,0.02982394662660949,0.01888449256114437,0.02040830570308902,0.051109641032538435,0,mobile
C002698,0.035756124196543754,0.03627114351900383,0.4037674905370116,0.0383705551728961,0.039110741748779,0.03943609202193813,0.038502019399756116,0.36878583340407145,0,insurance
C002699,0.41977030705391183,0.013505687104408765,0.011465145978784397,0.2607218631943465,0.1380616992617543,0.020038003933239568,0.060842241603880264,0.07559505186967444,1,cloud
C002700,0.2083486728319669,0.03721080239932506,0.03578590090120624,0.033315045314534525,0.027270920284476814,0.252455595198199,0.0783508069959983,0.3272622560742931,4,none
C002703,0.034358259675837596,0.039939344571545965,0.08984644268905834,0.03724013953826294,0.036382393123639514,0.03522868251261374,0.037093127974790314,0.6899116099142516,3,none
C002705,0.532776487582535,0.02517488262223547,0.022192404366613697,0.02028962757879721,0.022799489129980654,0.02216178887635481,0.023807863377246177,0.330797456466237,3,cloud
C002707,0.5320859316715578,0.03816817835011359,0.03899221148441604,0.11740588712911279,0.0369558611336486,0.03682596573991481,0.04102963589275188,0.15853632859848438,1,cloud
C002714,0.1971676384078476,0.5458074040325048,0.011001158159111186,0.006841124729487311,0.06455600633583712,0.04676355889188272,0.0790096440003718,0.04885346544295746,1,gym
C002715,0.19086769847059315,0.4784327034075778,0.06310476547484387,0.04057475106605701,0.009975085640360228,0.009656982381351393,0.020521348231173724,0.18686666532804289,1,gym
C002719,0.26632616494998324,0.011822438486383938,0.014135988931293374,0.07761074349195077,0.31145174783808177,0.05968638620733596,0.14720847005809506,0.1117580600368759,4,music
C002720,0.02039766591944109,0.28656084965336687,0.3096357191892881,0.02056339712114088,0.019273807583659184,0.10608078447523187,0.01973848227450018,0.2177492937833718,1,insurance
C002721,0.020936583757625145,0.03615696336818469,0.035293103871347514,0.03430829748412371,0.24116382986799367,0.03539390661724881,0.41399867429736603,0.18274864073611036,3,streaming
C002725,0.015641276655957725,0.43903520358456183,0.015360776802446312,0.12125740438250965,0.125945394964823,0.015020922240055024,0.04576142046341739,0.22197760090622914,0,gym
C002729,0.2734339479619617,0.023401197804512282,0.01996421299244226,0.021310473685212664,0.018815967456042717,0.020136064255604564,0.02388894739517921,0.5990491884490445,3,none
C002731,0.04539930466998216,0.051712644848521616,0.04585714022416211,0.21113841712378456,0.01314064418042915,0.04823991770908234,0.012203899954811002,0.572308031289227,0,none
C002733,0.013274814435730704,0.016100533628365075,0.013259658140474074,0.2636788396574259,0.17215664283715035,0.46079528713014445,0.013066018071950528,0.04766820609875883,2,software
C002734,0.08517411913954762,0.012686471905374506,0.012517569589294307,0.013671786731182474,0.3028689791089329,0.4456024962349123,0.039109437184252624,0.08836914010650325,1,software
C002736,0.04607318659328616,0.04773001239645469,0.04970692405075106,0.04830418860123843,0.05243591910271242,0.22588739661080293,0.06366220001918645,0.4662001726255678,4,none
C002737,0.01258937729981036,0.01325070628606033,0.5032912929639135,0.004805159025197001,0.3143856369489893,0.01372386456709776,0.04443139857316083,0.09352256433577087,0,insurance
C002738,0.1154292395917271,0.63340484216527,0.009804262141062519,0.021473949383464776,0.1117318589284573,0.015112091420453364,0.009773749523785583,0.08327000684577926,2,gym
C002739,0.11991338804883,0.014422286540034902,0.013601470733397597,0.014176868205664583,0.6408309207125894,0.022884075593578034,0.016892285296491588,0.15727870486941392,1,music
C002740,0.03538643583866517,0.5947505777576326,0.027501293213669585,0.03311541298982153,0.028195019825132436,0.03608841326537557,0.02842899492254192,0.21653385218716117,3,gym
C002742,0.22319661577831404,0.027387861705320572,0.026393967994879773,0.18229216036612256,0.07359919046057795,0.195949132084026,0.15211627633374197,0.11906479527701719,4,cloud
C002746,0.03514895852574939,0.03599920165758066,0.033378735847734646,0.024357381223346214,0.029970932740118708,0.03374197777772757,0.42989958066615486,0.3775032315615879,3,streaming
C002747,0.6858192827749847,0.03657536166257827,0.03314150555118621,0.03185131000095466,0.033505775980388064,0.03396032465876372,0.0321048560896871,0.11304158328145716,1,cloud
C002749,0.03238165867170857,0.03438510054520674,0.0337183518690328,0.6231244333451433,0.033521406355319645,0.032977790945056096,0.03493422629486086,0.17495703197367193,0,mobile
C002751,0.017963647291929202,0.016516834954151825,0.016128187153223023,0.18230252698069066,0.017722982909986442,0.019653256569530753,0.019573562138748054,0.7101390020017401,1,none
C002753,0.024465735949096207,0.025362967309588008,0.024536824474566007,0.3752520435223774,0.027101434434023186,0.34197683365242193,0.027073237685671873,0.15423092297225544,2,mobile
C002755,0.014355101562865302,0.16922171866872038,0.013353991306366938,0.6429006469811559,0.022667026690253507,0.013807500075344849,0.028309822743854067,0.09538419197143908,3,mobile
C002757,0.005903126494855573,0.12259502902293185,0.012705017748544026,0.5139705477549753,0.21364950875912958,0.013066196411955071,0.01283413359558336,0.10527644021202522,2,mobile
C002758,0.046552747566139877,0.042542172532145886,0.046282778056522506,0.047069000935645144,0.05057370331364314,0.049077758301237034,0.046535954309921135,0.6713658849847453,0,none
C002760,0.01815520121859649,0.023439219965418954,0.023075995247424083,0.022838543476860693,0.11548411801925845,0.59080309450409,0.12722698693944512,0.07897684062890618,0,software
C002762,0.23076060022173278,0.017788842077555083,0.317649313281831,0.018154673723533406,0.03373579295738318,0.016732672200390857,0.24352248422635198,0.1216556213112218,0,insurance
C002764,0.022340541416451733,0.02470784592939088,0.08166686718008134,0.02010895721233361,0.30461571930240794,0.41349685177699796,0.0511985442469043,0.08186467293543222,1,software
C002767,0.01000903840925489,0.010108670414945514,0.6305248020367384,0.010533490883784444,0.03665486361603564,0.010220905198283165,0.24453071326276712,0.04741751617819085,1,insurance
C002768,0.02493320775893826,0.02575546377283945,0.027327185555952264,0.029543612481560365,0.029148174552015918,0.028959328027190735,0.0753762890416479,0.758956738809855,1,none
C002769,0.09872482985023667,0.02177412007797104,0.6838108595869402,0.009186365827362491,0.020697463145064154,0.019599231903063313,0.021176482664686427,0.12503064694467567,4,insurance
C002771,0.3351044210380323,0.013147010532588451,0.361170718017071,0.009504852004043713,0.012149607001421078,0.20479618390296767,0.012356480880247595,0.05177072662362817,3,insurance
C002772,0.020173616287808734,0.40464324596037493,0.018945099006404332,0.019992298335040192,0.12939724577009604,0.019721949801182907,0.21282863733365737,0.1742979075054355,4,gym
C002773,0.009987449245442136,0.010129527587298983,0.1191325022547636,0.42443354781318016,0.2623865177961813,0.018445585346554084,0.09910148039299452,0.05638338956358526,0,mobile
C002775,0.023222551893493426,0.48720594073662804,0.12756375061242167,0.02131123636387485,0.02213151611515862,0.03041269559155715,0.028152162126065028,0.26000014656080117,4,gym
C002779,0.5072360143839563,0.018198878669887765,0.01769147982299092,0.016024574019868645,0.0632716424834054,0.0980544738735034,0.22040985674110936,0.05911308000527826,0,cloud
C002780,0.01624590984185499,0.8389659500739552,0.014136456427706475,0.013667557004729875,0.013400803117117945,0.014120433128118389,0.015164047916337662,0.07429884249017948,4,gym
C002786,0.029438777476974078,0.6515086949641838,0.029822989730552654,0.028241926086239225,0.028609284982690362,0.02802881626685284,0.029531592852554987,0.17481791763995191,0,gym
C002788,0.1900849214755463,0.027918322183822335,0.029118472898491135,0.033933976907173855,0.3906245583538306,0.03408532283051311,0.1387154152403017,0.155519010110321,4,music
C002793,0.03612207294173967,0.03540395100132981,0.03499533792998771,0.03429292104108053,0.2979285339230655,0.1891102967366434,0.1289553156594395,0.24319157076671385,4,music
C002794,0.04002761593796785,0.04036556514448886,0.0718970252119139,0.03961354187185273,0.04019434019866236,0.5783874388241607,0.04067608274007008,0.14883839007088348,0,software
C002795,0.1901827386413507,0.027716615382471166,0.02921772218251607,0.026986966404006944,0.027758589764137052,0.057004069329401545,0.027499951409011677,0.6136333468871049,3,none
C002796,0.016502643921431717,0.015920331566085886,0.015542113516581267,0.01709629500715141,0.6710964252256408,0.015228458784700607,0.05676801134869709,0.19184572062971114,2,music
C002798,0.0985196233591654,0.03160708683269979,0.39193921318391056,0.06396465202912346,0.11138926590754411,0.03171200034167987,0.12820412441826395,0.14266403392761293,2,insurance
C002800,0.05326050701719723,0.01208562267391171,0.10723501507908358,0.017547023161418464,0.011195332913399973,0.011862029721465182,0.010541757209021682,0.7762727122245021,3,none
C002801,0.03810115068043679,0.1349639085189151,0.08077790207697104,0.06192962588671028,0.17588999106843312,0.22721624188991563,0.06289089182467325,0.2182302880539448,2,software
C002802,0.015672104658021668,0.01213632967823887,0.037570992211435096,0.47975588098662114,0.023294012848640716,0.013906616624567238,0.3445677671281814,0.07309629586429393,2,mobile
C002804,0.16055492254074394,0.03675218491747059,0.3449088427810807,0.039434420494385954,0.037050244317674855,0.03166817137693456,0.03612939325957922,0.31350182031213025,0,insurance
C002805,0.021164250449910164,0.013861836477985539,0.014878476908985801,0.011949787523114708,0.028478742103002264,0.014470445634557667,0.0303674659829479,0.8648289949194958,1,none
C002808,0.01755037246377371,0.07091078812864347,0.015020468442193582,0.014777385641712793,0.05688596969121553,0.016524696060491558,0.05613486672751869,0.7521954528444507,1,none
C002809,0.0380582882661933,0.03899223278081318,0.03765941370770831,0.5206829904558139,0.03949010539707402,0.10947021232428997,0.03998574905677528,0.175661008011332,3,mobile
C002810,0.016719761294073227,0.0177689165135318,0.017345905512749775,0.297782426411695,0.03316726981102949,0.05459049120346861,0.4325276168611534,0.13009761239229867,1,streaming
C002812,0.02416551963256399,0.019362734708322026,0.1842897077869375,0.01550459661147082,0.017395604473724208,0.6500323423928782,0.01974241284251143,0.06950708155159187,4,software
C002813,0.01895757244112054,0.011412138147266918,0.011461091020075502,0.8284070600928382,0.012436606760351599,0.011205626724378252,0.02813235617161468,0.07798754864235449,3,mobile
C002814,0.027912097979488133,0.055531954048696215,0.026424839531756457,0.025521095993711447,0.60962773509988,0.0319549470200788,0.05997425227310567,0.16305307805328326,2,music
C002816,0.061702562443146,0.0634070950025831,0.20494889773364067,0.06340792148964747,0.17966398034610215,0.20755449875606785,0.09756801642652527,0.12174702780228756,0,software
C002817,0.022295215899347166,0.49608606540344463,0.021648518335120985,0.02144063950821565,0.24094593953815868,0.020203280829205826,0.03729919667974007,0.14008114380676692,0,gym
C002820,0.24400819925265246,0.025014957952948256,0.02484585002360306,0.022375872459943172,0.023718976319943595,0.5391251602202344,0.02569999859230806,0.09521098517836707,4,software
C002821,0.22608840226571747,0.01672492667965426,0.026279813048965324,0.30617647469970083,0.026869445620510475,0.29558343103022566,0.03154667092974864,0.07073083572547732,3,mobile
C002822,0.5995584429128886,0.01877401399170201,0.03270481880479564,0.030837421547582226,0.031907643177839035,0.03185664510242422,0.030772121865598193,0.22358889259717002,3,cloud
C002826,0.016269804265831148,0.01575908295732909,0.014863183201981524,0.35178577265953126,0.14105992426770728,0.1936753930482666,0.16846896589845778,0.09811787370089528,2,mobile
C002829,0.054370931693087765,0.017497700065821836,0.016811662194250898,0.5164306058129646,0.016683538377190707,0.28142507041407755,0.016895061215812503,0.079885430226794,0,mobile
C002834,0.01529122666358713,0.0167186125511778,0.015883519487299803,0.015600456940854858,0.33801224914865846,0.015190875877555899,0.461041588187388,0.12226147114347807,4,streaming
C002836,0.025463391770578027,0.017753199491615846,0.47230791312852716,0.017122430449913056,0.0621431465697522,0.01990843002225948,0.3196351026052164,0.06566638596213785,4,insurance
C002838,0.009958201458499448,0.014358569592088723,0.013629348891753199,0.015260463567953774,0.049003001396372405,0.6215312099300989,0.08460569968644363,0.19165350547678978,2,software
C002839,0.03168659335406566,0.031587211526462905,0.31738795448369195,0.030615395713581656,0.03037223459396131,0.02591843993614333,0.16559327294733261,0.36683889744476056,4,none
C002840,0.028722465460619354,0.16223528575750004,0.025425430650184353,0.025076475241998682,0.04072941481815406,0.05781545370723427,0.04345239604490231,0.6165430783194069,2,none
C002842,0.059378534295812926,0.05898348890863561,0.05955656990357622,0.05869696533006043,0.10958395835183185,0.326111205712324,0.11084277415757937,0.21684650334017957,2,software
C002843,0.22804080829126416,0.07847221539384093,0.024730393248930845,0.055058638417438424,0.020118025007163726,0.3004245012336886,0.07654103083917238,0.216614387568501,3,software
C002844,0.06806474819575103,0.022214980318868028,0.02175208929050393,0.02144304451854253,0.586849584948939,0.023834896526968095,0.0965196494219793,0.159321006778448,2,music
C002846,0.06277622757744367,0.06242728983071421,0.06516360348105851,0.06270856251181099,0.06560993234650506,0.06731110261921612,0.0651756696630593,0.5488276119701921,2,none
C002847,0.02441641025501464,0.025025924842202705,0.024205137122092525,0.03136257356284246,0.08893446062652592,0.06694658693832944,0.07237360688467728,0.6667352997683149,2,none
C002849,0.054173964898397306,0.0536800550815952,0.4423020538171916,0.05239973981513185,0.019853687699371514,0.15884851348993084,0.021348975743571728,0.19739300945481,2,insurance
C002851,0.05338335471236293,0.056863646696830625,0.0638928782242077,0.05451133708146211,0.07705010376988902,0.05947630804025963,0.08860926269951158,0.5462131087754765,4,none
C002852,0.009399959075733714,0.019973567020315733,0.31474984327923805,0.3670377274174065,0.02179321234632521,0.13007683957487454,0.022309313369348147,0.11465953791675804,0,mobile
C002853,0.02604944642485977,0.025628153417142304,0.2294190729066944,0.47808128845578235,0.01177730516638869,0.024261528694663196,0.024053038695062336,0.180730166239407,4,mobile
C002855,0.06120117996736517,0.7290205471741122,0.01437493693084299,0.05286396131938714,0.013210183943922253,0.013271242117005267,0.013964965298523504,0.10209298324884147,0,gym
C002856,0.019344201391358534,0.019112772142586505,0.027471485111082362,0.02013996002412857,0.2023969600102356,0.22443259028961926,0.40792519807283595,0.07917683295815317,1,streaming
C002859,0.24829491209876473,0.513158641162746,0.011221199362070087,0.01142091715782995,0.030358660805165034,0.057525317385448,0.05473826223047782,0.07328208979749842,1,gym
C002861,0.01982985917079465,0.018737619250191347,0.016169285317692673,0.015749809975241648,0.01536379996779156,0.015232252022608894,0.014511923170476723,0.8844054511252025,3,none
C002862,0.02336643363717029,0.2926458096890326,0.04582334948890325,0.02242312460844054,0.3134652769199035,0.022117834002274787,0.13263049128192383,0.14752768037235126,4,music
C002863,0.040914443257008416,0.044062822054498685,0.08788215198749844,0.04323537622664145,0.045737285276514716,0.044742394133450866,0.04163725958969275,0.6517882674746948,3,none
C002866,0.024741176283295314,0.4898226872273621,0.060176623310007754,0.028164311547081138,0.21067371262944318,0.023942659278782703,0.06739598685948003,0.0950828428645478,3,gym
C002869,0.009323303359532438,0.042757580312617935,0.008585133584820152,0.172954853207888,0.09853357048637164,0.009802411328292465,0.1507264833911875,0.5073166643292899,2,none
C002870,0.6786081324876352,0.024107613962030653,0.02471909317742569,0.024310667482472736,0.025351951151136413,0.02438313669090716,0.13586093812748296,0.06265846692090923,1,cloud
C002871,0.01196463589664595,0.008083966883594336,0.7085246912000269,0.12022068326663908,0.008948372574483606,0.08615809832141343,0.009189499340563262,0.046910052516633355,1,insurance
C002876,0.021088120688082735,0.017617503887936623,0.4782001832531598,0.016211509729796812,0.018299075308434692,0.01676998977938627,0.016795059865926106,0.41501855748727706,2,insurance
C002877,0.013513636908803191,0.2641340702849201,0.013473799602483492,0.4158629839557131,0.18818775603701735,0.01298613915845468,0.04997591923823219,0.04186569481437592,0,mobile
C002879,0.0913363056900885,0.013370235871660804,0.07684445955541344,0.013550353200330455,0.03465033880470557,0.1544370084444852,0.5013551965069242,0.11445610192639188,0,streaming
C002880,0.0950793246025136,0.031224868221839827,0.031037186929346962,0.031233627655985856,0.03293826607939569,0.032557885067826586,0.032260139984619574,0.7136687014584718,2,none
C002883,0.020244742565765986,0.07008841010473932,0.19145597614504867,0.3157064993340662,0.09232694091249129,0.021973478521141232,0.09015524219028996,0.19804871022645743,2,mobile
C002884,0.019673117999507557,0.059758149297038834,0.07467618006282978,0.01217725322468017,0.16322025556503555,0.5582108920348976,0.0594033089130694,0.052880842902941094,4,software
C002885,0.038854857192108294,0.07835018956480172,0.5410018126211821,0.03933424069265502,0.04012055273584375,0.0510313465030139,0.04154214814085556,0.1697648525495397,3,insurance
C002889,0.015775153800330004,0.016621335242539968,0.01601041617534748,0.08925567839579314,0.5920835995447791,0.19023713167346668,0.02825643833916001,0.05176024682858365,3,music
C002890,0.0638135266376836,0.010650716741249563,0.011114413645144523,0.13751689138672918,0.004301226750136291,0.6483821169760842,0.005233174571188793,0.11898793329178384,0,software
C002891,0.15238077937690925,0.10571118442342782,0.6103520295972923,0.016154163227887656,0.016286123892735517,0.016386348367870996,0.016331439579611334,0.06639793153426504,0,insurance
C002892,0.012336670260093692,0.069531742304519,0.014424222846610118,0.01534302743984505,0.017132650675993226,0.00815876150223957,0.0475189131525391,0.8155540118181603,3,none
C002894,0.06312141068655361,0.058457498472023174,0.06096256411323587,0.06183680522570599,0.06511365704768438,0.0638506857048436,0.05990574067499639,0.5667516380749569,0,none
C002895,0.5116142484537328,0.017404976877413943,0.01738486509323079,0.01619300843231939,0.017682371638608425,0.06466858440509138,0.020608697349011766,0.3344432477505914,4,cloud
C002896,0.026295249427300466,0.5145191494992093,0.02573317435354473,0.028323709139466274,0.11273118470130218,0.02456248296610067,0.04492262440273073,0.22291242551034565,4,gym
C002898,0.018061926241205156,0.3461507174292915,0.016159823898938108,0.25757627221694446,0.00864940172984359,0.08103615596687279,0.011141272615114299,0.26122442990179023,4,gym
C002899,0.041489848939603426,0.043066877076105736,0.07003934863315422,0.043877570350103784,0.046342174067738634,0.046644725483317745,0.05694627257008941,0.6515931828798871,3,none
C002900,0.03196570856101821,0.033186280783986846,0.05586869765208658,0.03259180797373047,0.03372981566039886,0.647920193462886,0.03428848483526224,0.13044901107063064,2,software
C002902,0.025702446356993015,0.024925938013507322,0.6425774400029294,0.02439342785834849,0.15397477968274945,0.024237662634590804,0.02556981720590415,0.07861848824497744,0,insurance
C002903,0.11177796084894484,0.03683490861293768,0.29081566248678525,0.028851137115053795,0.03478727510937568,0.13388475361103377,0.038144786909263255,0.32490351530660566,4,none
C002907,0.022308435504408818,0.021878094243594617,0.02053146972412272,0.0223683921828035,0.06744620220821987,0.03874769632861097,0.13792822453898237,0.6687914852692571,2,none
C002908,0.010922254469879478,0.3397118769312555,0.1107466090198246,0.012438850587883521,0.36874428481859206,0.030299574567197975,0.06674687472503711,0.06038967488032972,0,music
C002909,0.0502250160608477,0.0457320572988735,0.03448689733044326,0.044776457324815985,0.04807142173173618,0.04760177305386497,0.06046642909367873,0.6686399481057397,4,none
C002910,0.015797743742356447,0.014809731060933157,0.015178370849225143,0.014136853516263391,0.028086060520782934,0.014259959299121536,0.4466466379222929,0.4510846430890245,0,none
C002912,0.011302115172715704,0.06826471102419995,0.6578023827396478,0.010309281253902134,0.010458403249719346,0.16292266577886325,0.010322180178311937,0.06861826060263997,1,insurance
C002913,0.06025571383450741,0.1502438237113937,0.023081333322029676,0.12430590038915282,0.023811624524158817,0.020575691124493978,0.025486010115134627,0.572239902979129,3,none
C002916,0.0248971818266052,0.03947865137627795,0.25561303618231856,0.042469774574519316,0.04087705920036888,0.3272692915239356,0.19607845613779487,0.0733165491781796,2,software
C002918,0.0630917715113963,0.038589483723034126,0.038788377654783726,0.05049116603970427,0.12661601801835431,0.04289222964706915,0.508148959307899,0.13138199409775908,2,streaming
C002919,0.012693017252051821,0.023227921705595306,0.01683448565224637,0.01562920389925094,0.01576200243444104,0.011972618338044035,0.027766011113752986,0.8761147396046175,0,none
C002920,0.022260140112655438,0.1650525296710211,0.014768544705950615,0.013184699902585702,0.6314139753698632,0.015784426997471443,0.06381166991787872,0.0737240133225737,1,music
C002924,0.01253366421248566,0.011504607275427743,0.6786142632708305,0.010394311442547644,0.010190843483265837,0.2092514452070466,0.024303664057334612,0.04320720105106133,4,insurance
C002926,0.009430087469283999,0.021852876281956937,0.012940756431563175,0.012794306931672321,0.016545176344242737,0.022078852054926372,0.008285093385887891,0.8960728511004665,0,none
C002927,0.007141247252703187,0.5657490651160918,0.006988893713720517,0.0076720226698906826,0.2700093685942361,0.00702613928398346,0.07963761364026921,0.05577564972910506,0,gym
C002928,0.03302164167607224,0.03367227627388648,0.03015299898658054,0.02942039197823205,0.030808315704455386,0.44515252898296426,0.03304014717654724,0.36473169922126186,3,software
C002931,0.17404437220161845,0.12277895955532522,0.43911930641912816,0.07621923212474568,0.04521778586720915,0.010529256859831913,0.04448990289355379,0.08760118407858768,0,insurance
C002932,0.035278281814840724,0.03608126700907825,0.0355399202331065,0.5529308316387324,0.0352932833420733,0.03512124769440968,0.03530349819945185,0.23445167006830733,0,mobile
C002934,0.0127027412963074,0.029810205832079585,0.027959215056462778,0.03431228293572375,0.007613844267062842,0.013172816674216695,0.01127161267504024,0.8631572812631066,4,none
C002935,0.008590773027989992,0.008479213507927899,0.5642072564783664,0.008991910953626229,0.2789388563678121,0.040128861689488066,0.04544627825427031,0.04521684972051899,4,insurance
C002940,0.013103227278068775,0.01533384993515995,0.011296637408004535,0.42936426547503825,0.33619061122793326,0.00789837914080751,0.12613834374212937,0.06067468579285836,0,mobile
C002941,0.02002183610323993,0.20373775273294037,0.022798690519111292,0.018863507573205616,0.029360807134628783,0.4852733046935612,0.16938686572752798,0.050557235515784796,3,software
C002942,0.05983030141221025,0.011354636389920104,0.011208805540692167,0.35531460598157255,0.13675850454978872,0.20760755378124737,0.15032580951773183,0.06759978282683698,1,mobile
C002943,0.06516733943532443,0.07001342238884549,0.07417275744493915,0.0698068526599371,0.09786130602507477,0.0745180250628084,0.10312505121266968,0.44533524577040107,3,none
C002948,0.07759335501058168,0.024582243982195946,0.022678167763031394,0.34002351104432194,0.05441194306481113,0.038045505971187055,0.3362800398805931,0.1063852332832778,3,mobile
C002953,0.01752014804142582,0.6993819957893855,0.01694658230928031,0.06079988511222492,0.007230979592864076,0.01708002455086148,0.007945118959708654,0.17309526564424924,0,gym
C002955,0.0533895550514351,0.053559389529170005,0.05574226192800552,0.0547445161148291,0.17862747024187858,0.05921329727294754,0.18389613637910818,0.360827373482626,2,none
C002957,0.01650177382749475,0.015614826375361254,0.2780420619464656,0.01648136505142604,0.03660585297221575,0.016078781480443522,0.3656109926518077,0.2550643456947855,1,streaming
C002958,0.22370068630431036,0.013730411113772698,0.013434098645751211,0.013537763413173046,0.016093456076576758,0.6325339337363245,0.016418446841753115,0.07055120386833831,2,software
C002964,0.019664026872227,0.70370010111425,0.022470124756637292,0.026221743466348563,0.021374683728933384,0.0216323606389204,0.023802091057656398,0.16113486836502705,4,gym
C002966,0.021620248523604085,0.023055425918082413,0.1757739682690679,0.024224520939208766,0.10470417210957343,0.21399478943752478,0.32386735904553404,0.11275951575740456,4,streaming
C002967,0.03954167660254984,0.01367126687309586,0.013313378452694064,0.013953417291654585,0.24973015374887056,0.01376730332461886,0.6036652094894639,0.05235759421705234,4,streaming
C002970,0.019885892805701057,0.01932855196723913,0.07032378999914653,0.6243495610079631,0.020467174213972344,0.018629752839689387,0.1359283418374452,0.09108693532884324,1,mobile
C002971,0.015347278344347912,0.01953633189871634,0.019645120002179696,0.06716551025225258,0.01689147275712195,0.09408232453223733,0.018626939200125134,0.748705023013019,1,none
C002973,0.06458485439455762,0.19647027927646052,0.012713528115823198,0.07803861648550496,0.007795796062821112,0.004208905427551492,0.00822293526752806,0.6279650849697531,2,none
C002975,0.01984057812804496,0.1388303877657789,0.018780869998577733,0.01892122577958056,0.3710450226369457,0.019458001278446324,0.2866531605982672,0.12647075381435852,0,music
C002977,0.03119372949392045,0.029689117049297935,0.028462387332779948,0.10401908492335382,0.48260683072105837,0.09827490804178997,0.05787436664079623,0.16787957579700327,0,music
C002987,0.47111780357795274,0.01550347160133473,0.30586075900690146,0.10803441960139457,0.014263183010972767,0.014675090535935745,0.015619864276733843,0.054925408388774154,4,cloud
C002988,0.03321831336272775,0.03229826836749945,0.03806460159901655,0.03416959040612363,0.29540914527444184,0.1339468369216067,0.28812995165242594,0.1447632924161582,0,music
C002989,0.026774356203191095,0.02682885356327951,0.016506147491846503,0.08509921456702747,0.02140593903313108,0.015512092123916807,0.023126833245581527,0.784746563772026,2,none
C002990,0.0826462810215876,0.04868842860891896,0.045193416069993914,0.41371719262127454,0.044319644835606714,0.038532907594707955,0.04713916818793372,0.2797629610599766,0,mobile
C002994,0.01613464496372696,0.019041293508591788,0.019789793817513383,0.020078200199386036,0.021533854279409882,0.6966904015490583,0.024031213227262628,0.18270059845505093,4,software
C002996,0.06391904577294595,0.06225636121089629,0.160158287897249,0.06440246219756114,0.06956552606617399,0.06941738143613722,0.30818557267356617,0.20209536274547021,1,streaming
C002998,0.36085379645797505,0.03370910828766205,0.03252050564006797,0.03756088087497582,0.14778495115112433,0.054564460028146425,0.11984290789885207,0.2131633896611963,4,cloud
C002999,0.0655322964987482,0.06346801743522035,0.06240160530449207,0.059137611939255576,0.06986923660696347,0.057973405735627856,0.03359467510500686,0.5880231513746856,4,none
C003001,0.03333357654060445,0.1414062481031349,0.3698831360089584,0.28764061094169324,0.03577199321882612,0.026448241376435692,0.013539853532917163,0.09197634027743004,4,insurance
C003004,0.014139144577322644,0.016028620225910915,0.08663087311430798,0.017308218221436657,0.009192873130489443,0.018393767260211545,0.012565722883900062,0.8257407805864208,3,none
C003006,0.060996376238805494,0.25871244191530895,0.06313562005831772,0.09218609958609747,0.0667425501483262,0.06636078760588345,0.07400806437878568,0.317858060068475,3,none
C003007,0.01785590224744851,0.19633662959277737,0.04700792321617231,0.017010176815864173,0.0157148264657969,0.016356711758356533,0.016677822697230463,0.6730400072063538,4,none
C003008,0.5770195695751302,0.017379413130756013,0.01746346717023866,0.03038691289716467,0.17391964437394863,0.016567781702479772,0.10092087866683874,0.06634233248344329,4,cloud
C003009,0.6116403280045302,0.02045165785694123,0.019682324390027692,0.013583953553749143,0.020882342165529942,0.01797604815518653,0.02113863253945803,0.27464471333457724,4,cloud
C003010,0.04220423335944809,0.04382259856977845,0.04590523791248036,0.043814448290810715,0.04964931319528551,0.04599708712739996,0.04180646845476123,0.6868006130900357,3,none
C003011,0.014492870166891159,0.014869099975362187,0.5306015468392157,0.0696114552640974,0.1913208817983785,0.016443685435059103,0.11816593140278298,0.04449452911821296,3,insurance
C003015,0.019718294039808397,0.02216102366108,0.020044960906200143,0.02119861396353001,0.19590461833416556,0.02726160035298391,0.5688641381181712,0.1248467506240609,4,streaming
C003017,0.029270778578705477,0.042749256619376966,0.04529572287451553,0.24597511000645159,0.04309994284370429,0.04285059580184945,0.04139193615735522,0.5093666571180415,2,none
C003020,0.13808568059992565,0.019934643074411586,0.12380407565336671,0.32443338207301803,0.01823063680300266,0.2936877425950118,0.020094291913767867,0.0617295472874957,4,mobile
C003023,0.09554144773403439,0.024771385852025922,0.014772785805663113,0.4989846128883661,0.02160998349052559,0.021210405263191623,0.021123986896690955,0.30198539206950237,2,mobile
C003024,0.01678949972597268,0.019437503168439625,0.019703935615262014,0.2466330891678845,0.3787739330685481,0.16501113884794472,0.0784685978126098,0.0751823025933385,4,music
C003025,0.014076002110644704,0.01492110579426318,0.7079983918158312,0.01217981800278772,0.016101038704714292,0.14382744957851673,0.0161675487730228,0.07472864522021946,1,insurance
C003026,0.026490920851793227,0.07596294957159136,0.46138708193141464,0.03095628390687835,0.02580045441494163,0.19677759407413642,0.028544700052062364,0.154080015197182,4,insurance
C003031,0.05130019984921597,0.01915418922658695,0.01893558555673913,0.020262153250609673,0.07977017845377905,0.019444154435884077,0.020208565765471646,0.7709249734617136,4,none
C003034,0.008275229522697712,0.014764260522920646,0.5692458479981559,0.015373715666206041,0.20397591605478066,0.013243100134109877,0.0939417406855485,0.08118018941558068,4,insurance
C003035,0.02301009290049027,0.026603398416407846,0.0220164866250691,0.024989513308673727,0.025853320350292662,0.67022356078859,0.026158569599670847,0.18114505801080555,0,software
C003037,0.16832101913605388,0.01733922979231375,0.01882336785760318,0.3620629938664114,0.01577153801388318,0.3111873346659634,0.01657213342890032,0.08992238323887088,4,mobile
C003038,0.09605007942065803,0.01554647071207321,0.008291292540578723,0.014716660019863624,0.031110465435041357,0.061253074149930004,0.1812593718831961,0.591772585838659,2,none
C003041,0.014826412699732859,0.014992846194675965,0.018281095595503317,0.014057656544305186,0.025583415458378455,0.07617809699954524,0.010338868654084768,0.8257416078537743,0,none
C003044,0.014292589428814595,0.00674759434030627,0.009147866546372719,0.021413826380646993,0.015140224992766507,0.015272030662914108,0.01750555853398978,0.9004803091141889,2,none
C003046,0.05765940146047628,0.057317979841907216,0.06002760095577528,0.05744501427281716,0.05985977142060522,0.06120421458691987,0.05825972876277407,0.5882262886987248,2,none
C003049,0.040019096086792084,0.0853654746706789,0.028077747021693147,0.14628454492967413,0.23497831787450932,0.028005188617069167,0.3612796528183507,0.07598997798123258,2,streaming
C003051,0.017278280537777902,0.015491341367681828,0.01595514448308289,0.10394926278168845,0.5292184599289534,0.015150661343539467,0.0160100948309505,0.2869467547263254,0,music
C003054,0.07752034702473981,0.07689729371632802,0.07928594184599419,0.08101830743403578,0.08480535773291767,0.08403838694388237,0.0813700283509816,0.4350643369511205,0,none
C003058,0.016430905766021964,0.3710358199105114,0.01647953070778986,0.017337435185037116,0.08241324115180579,0.016660077621758352,0.3462212572940681,0.13342173236300747,2,gym
C003060,0.4092283186810849,0.12570093200239127,0.042028672468494614,0.06421925368554808,0.04092716005505015,0.16560302281987604,0.021875269377094483,0.13041737091046052,1,cloud
C003062,0.009506662534568994,0.008891743515437107,0.003254980429403077,0.7212151756472314,0.024543780696019705,0.008198781304504174,0.16335077142087012,0.06103810445196537,4,mobile
C003065,0.012494081718732326,0.02607663298800799,0.012648273733361807,0.01600840180786346,0.6957298024148812,0.08044178230373414,0.0835809314828188,0.07302009355060018,3,music
C003066,0.022094938533979282,0.02325771105117047,0.04529201837015673,0.21766417136974237,0.3409519058880921,0.22785251396583098,0.03023650862366651,0.0926502321973616,4,music
C003067,0.027472526050682983,0.02544855266134286,0.02571248107141625,0.12803739314447776,0.033278144566059105,0.5662978511542847,0.04979352464860652,0.14395952670312978,1,software
C003071,0.13037270136240764,0.544450993943388,0.014632750977073134,0.015291587750501366,0.11423514684181381,0.015013773908561904,0.12137495899318113,0.044628086223073044,3,gym
C003072,0.010334583586060148,0.008575775040244104,0.04161806212508721,0.00875925474330551,0.01805844019140314,0.013387058190304321,0.01718089955619757,0.882085926567398,1,none
C003073,0.06850427769492422,0.06818076880551338,0.07103561982673672,0.07075562333388734,0.07711263733514442,0.07437024454495604,0.07294394343555129,0.4970968850232865,1,none
C003075,0.018806702706933562,0.019251684177295135,0.21132805187569004,0.018354292623271647,0.44643913451832945,0.08861719243661301,0.12365011468870574,0.07355282697316143,3,music
C003076,0.01099117291076335,0.006178861460457705,0.010882280300305375,0.7242031156403971,0.012071399462057377,0.05909922029234128,0.012016358268914965,0.1645575916647628,2,mobile
C003079,0.014592020286490776,0.35299090139431105,0.38335313973877105,0.0143875083599539,0.029594273748987186,0.1374238608285891,0.01376446947499907,0.053893826167897924,3,insurance
C003083,0.03451824760227556,0.03357310421849831,0.08415433759162745,0.15757759797241147,0.037434310049884095,0.46123986419441787,0.042306272505275154,0.14919626586561008,4,software
C003084,0.11429032575890505,0.020031630203739124,0.019599953308573365,0.20761858349395113,0.08904524746662949,0.3174783845677849,0.07203922403920349,0.15989665116121354,1,software
C003085,0.1489551377894631,0.017894316872941227,0.01812028115940554,0.2972871146050365,0.2699934982811622,0.03410692460163778,0.10063413807417829,0.11300858861617541,0,mobile
C003086,0.027004538640857258,0.02780272597437245,0.2032179332046998,0.026262850310993423,0.540975343191564,0.027908548683257168,0.07844850169851525,0.06837955829574066,0,music
C003095,0.3398723730755926,0.04413703887955534,0.04329740467459618,0.041891446625137815,0.043030637218136006,0.04129697040644012,0.021130634228673062,0.42534349489186896,4,none
C003096,0.009069225751527002,0.008961615199477921,0.008660942143340018,0.21293553944063975,0.024499713814180167,0.009069978745857223,0.667131335800923,0.05967164910405504,3,streaming
C003098,0.05276103838208175,0.05478110010418075,0.07692314277652808,0.05149151866715268,0.05653313632767751,0.05660180273197474,0.0537282951525556,0.5971799658578489,1,none
C003099,0.04093133420478311,0.041677205873557534,0.04294586431475809,0.09599751032834491,0.13515529280879846,0.20077313666064833,0.2010796639483356,0.24143999186077397,1,none
C003100,0.006671112766420186,0.012330093265604733,0.026924454579950248,0.05076615858714407,0.051323223513098294,0.012439716220097652,0.20449892293835786,0.635046318129327,3,none
C003106,0.01350249156624911,0.014028483458985634,0.7357399572385626,0.014965693645723702,0.013179806161512164,0.013050680582605487,0.038990179195052925,0.15654270815130836,0,insurance
C003108,0.010895709610949595,0.20815615862806164,0.010496623234362436,0.146792128273193,0.3692210689585418,0.1659270555433925,0.0494080735128102,0.0391031822386889,2,music
C003110,0.04005392253189765,0.03874937127871461,0.35892087656231575,0.03980495252506416,0.04467015042084287,0.044571512284434095,0.04610387151512476,0.38712534288160605,1,none
C003112,0.01677344315768798,0.5690444318107705,0.01597786039531005,0.13748794362993844,0.13804043578697914,0.037071645225971867,0.03881090524402488,0.0467933347493171,0,gym
C003113,0.023724998352361946,0.01250900871047391,0.013356507815098942,0.01378900236844072,0.02480336523337695,0.0181332535010975,0.016380784287432962,0.8773030797317172,2,none
C003114,0.0353478964767818,0.024611352331719287,0.03521313213545288,0.03394819666846223,0.04135798870249732,0.02359697746047091,0.035456778838048236,0.7704676773865673,0,none
C003116,0.021499995463260813,0.021714794739073964,0.02268461936165271,0.024886971893070986,0.054407289512175314,0.02480640591773796,0.04883125564055381,0.7811686674724745,1,none
C003118,0.017422379158621867,0.017328112573727482,0.01726401504013492,0.016977544064756152,0.017720301333842225,0.798517028827846,0.017927334783233204,0.0968432842178382,0,software
C003119,0.04080850779813623,0.0378740060323456,0.03866056303028405,0.0381478337226927,0.035239978732270666,0.5557660119448409,0.03614614087261084,0.21735695786681902,1,software
C003122,0.015460769132462159,0.018216453952343795,0.019307251832253465,0.7802249548508969,0.01678975204450491,0.01730328977816947,0.01730585685913529,0.11539167155023398,4,mobile
C003124,0.01875328271095339,0.02108769717676994,0.018551143654197456,0.07436393793295958,0.01960231431088953,0.12064990096083089,0.01966245897173108,0.707329264281668,3,none
C003126,0.013409258886727653,0.025936532320493665,0.02401877342764734,0.777232305551194,0.02456085457515394,0.023623560020178097,0.023501218762338315,0.08771749645626696,1,mobile
C003127,0.04091170849387362,0.041030936969973245,0.04167274678803279,0.5001341325416452,0.04604100380298275,0.05083006725759873,0.045778240369822004,0.23360116377607174,1,mobile
C003129,0.032959145560841986,0.025129504143226875,0.5661976592698618,0.023617257570942164,0.137958370471038,0.022132416054772484,0.026375778522560296,0.16562986840675642,3,insurance
C003132,0.022946378845930804,0.021479443051185158,0.021803381721799735,0.02089194935709831,0.04057850610365584,0.024514530713866407,0.6321084462654629,0.21567736394100087,1,streaming
C003138,0.34640837825168314,0.016507106220778528,0.015058927142470337,0.01890861170240731,0.01635677173509973,0.4876141289513958,0.016506796676345192,0.08263927931981997,3,software
C003139,0.012363260531799092,0.013813260118445386,0.010553515235866937,0.010041204765408242,0.08766743276220049,0.1252430937136556,0.6671476608895125,0.07317057198311178,4,streaming
C003140,0.6714887312462167,0.015027634580403668,0.009282854277478802,0.010186205655703974,0.040156525651890575,0.13783722004137913,0.03905361828614124,0.07696721026078596,3,cloud
C003143,0.030889674316016538,0.027632176068951117,0.02747243096247677,0.6863998377005316,0.03158512062074761,0.028416182140117322,0.03065928695577231,0.1369452912353868,2,mobile
C003144,0.030618323052796246,0.11903045763226797,0.15570031170451243,0.00974754834547008,0.020162771840912835,0.025767262294884467,0.011992805468079036,0.6269805196610769,2,none
C003145,0.032139691655279384,0.015828654510238488,0.015650129428396442,0.0771753745450149,0.05339551027964302,0.022591865161306002,0.013722319562297792,0.7694964548578239,2,none
C003146,0.023595061029102214,0.023210465083159257,0.022127931983180846,0.02195316499669029,0.12948869030483542,0.011214060364275415,0.3334236546479335,0.4349869715908231,2,none
C003147,0.06711983020438723,0.04806046299487782,0.43850640790040163,0.1047214321252101,0.048692122604410804,0.04917636107376327,0.04924956468512571,0.19447381841182337,2,insurance
C003148,0.007265046985213816,0.01078169178876969,0.01060970857387301,0.015341347937369782,0.009483634301547453,0.012411501569251951,0.009505454653073031,0.9246016141909013,1,none
C003149,0.419804625108321,0.016471904171171028,0.01063593451148627,0.01584141927905665,0.01631961314965136,0.3929919390545374,0.01586181571201618,0.11207274901376015,2,cloud
C003150,0.5029459608082013,0.06123358967168721,0.024084555027824618,0.024507726797526712,0.03757821551828718,0.023008079672595497,0.23403369518468756,0.09260817731918991,3,cloud
C003152,0.012420069332295346,0.09172363543631659,0.012070205994515346,0.011713146850422709,0.01031481820920504,0.0059918926977222346,0.05233315542094962,0.8034330760585731,3,none
C003153,0.015139410531252725,0.06848949689423608,0.4725321393273698,0.03007506050763336,0.11579093055274933,0.025999199866620124,0.10526272446297885,0.1667110378571597,1,insurance
C003154,0.036716551236183066,0.38196266158171627,0.023306042016620235,0.023207292415593207,0.1727544345590383,0.05021670066808242,0.21190261393445295,0.09993370358831355,0,gym
C003155,0.11732228405892411,0.034460191480968044,0.03540431350084243,0.043242578583633694,0.0391697053248279,0.04286160994792226,0.04090974075099906,0.6466295763518825,2,none
C003157,0.012560834174408892,0.014929525711615762,0.008528188374445593,0.013338806037904697,0.021643368851706715,0.00860028486180169,0.02125532202605769,0.8991436699620589,0,none
C003160,0.012142776531965766,0.5270428175384696,0.005447474532218669,0.010234986372830792,0.07254889297991593,0.07697657311849701,0.2286792122299762,0.06692726669612606,2,gym
C003162,0.014490572017456998,0.013732111343054723,0.777035030367143,0.09286459452026449,0.013904791185119263,0.013693686463099534,0.013452087122790776,0.060827126981071115,2,insurance
C003163,0.5016067671862887,0.021716931632633475,0.18135652817247802,0.02284968476229919,0.051050868527651866,0.020252940579212862,0.021944969106480652,0.17922131003295516,4,cloud
C003164,0.04373553250978625,0.024600626962144496,0.024439458864215162,0.02609478441999865,0.296509140100402,0.023292364578509528,0.45595363009719836,0.1053744624677456,0,streaming
C003167,0.01813778943200447,0.017165520935517556,0.016204013085373826,0.7277138817446263,0.017761191375925446,0.011789631880426532,0.10582511796449973,0.0854028535816262,4,mobile
C003176,0.016233058465833526,0.017492225524150248,0.016805830354161857,0.7824231459030635,0.019767141497698704,0.01945210498602585,0.029418110109201732,0.09840838315986455,3,mobile
C003178,0.008361833691870773,0.007767927453751066,0.10422706574965171,0.007932701524308894,0.629673600432359,0.07525400948812695,0.11094109567468688,0.055841765985244665,2,music
C003180,0.060791599853654815,0.012823462986187341,0.7847687580417633,0.0136903330403551,0.012491365896183024,0.012288987087316622,0.012980274367130706,0.09016521872740908,4,insurance
C003184,0.49614776954672657,0.014969448510938621,0.013489684347347326,0.005775553307281455,0.043503654400371926,0.016796219876964627,0.2626970336330929,0.1466206363772766,4,cloud
C003185,0.1028099279669968,0.01650335547151724,0.016726988545193597,0.014713922397455408,0.046788262120513645,0.014044354716017024,0.04232934857302939,0.7460838402092769,1,none
C003186,0.030669827319509315,0.027688059334465564,0.030124536012410583,0.029930837801412973,0.03304333096244907,0.03176700023240139,0.03006015507992582,0.7867162532574253,0,none
C003188,0.019566431474940613,0.019126265504450547,0.018449494172980432,0.017643816496809663,0.6493923873032953,0.07014188722523772,0.10644929857222335,0.09923041925006239,1,music
C003189,0.016014778767045233,0.015678374846770135,0.015939310042566497,0.01701262148505155,0.36649082453427534,0.016057992005043233,0.06264334077186007,0.49016275754738786,2,none
C003191,0.014499246327228333,0.32484319323774064,0.01450940153892149,0.01438358143609227,0.042076613068459695,0.013591940553527625,0.5135482349592925,0.0625477888787374,3,streaming
C003194,0.021141378279834984,0.7457375711026203,0.048412082791701436,0.01857072332285632,0.0252077772411268,0.0169309284851622,0.016577016000812038,0.10742252277588596,2,gym
C003196,0.08287277310221078,0.11483509388796002,0.011249402265279798,0.007548461768960766,0.028767400276737024,0.009731609249335388,0.6295853118119573,0.11540994763755896,4,streaming
C003197,0.016419450876990243,0.015322137368690085,0.39139030334482994,0.014153975263384879,0.05521783912285208,0.01264192180333324,0.42129882277187347,0.07355554944804608,1,streaming
C003198,0.010975502540604445,0.024895251773770756,0.4944617049999046,0.2927179696099539,0.04818678747013833,0.010900206749078292,0.04955954289829029,0.0683030339582594,4,insurance
C003201,0.04374923176107797,0.04161130554093212,0.04442919198859862,0.04317464742830314,0.046534552350228214,0.045756530783230276,0.04347283521481447,0.6912717049328152,0,none
C003202,0.03277517117113146,0.031165897286976836,0.03121894281195653,0.035313781157795016,0.5071958364627946,0.03240474607666735,0.059610888474182944,0.2703147365584953,2,music
C003203,0.012931518575288889,0.012797108393666497,0.01250535720144371,0.01430819880642848,0.8113820856397759,0.014959588680696252,0.0434094939424033,0.07770664876029709,4,music
C003205,0.015761693723386594,0.4922683444923436,0.22029143948944044,0.019747505533673566,0.030301118599208983,0.01697720007235346,0.11277815655283666,0.09187454153675675,4,gym
C003206,0.5048963438986258,0.02208460429215255,0.021523466792371423,0.0749751738714641,0.0215575319739024,0.10826036154422045,0.022540607031312675,0.22416191059595061,1,cloud
C003210,0.012012089831914364,0.5223539747164871,0.24763250509937143,0.011904838557845215,0.04400520411551491,0.011800596968510617,0.10033872969365487,0.04995206101670143,0,gym
C003211,0.03105237728923934,0.03414513695320634,0.03330000760500472,0.04039804759633159,0.5853340163218539,0.033021766295275416,0.06601260171827918,0.1767360462208094,3,music
C003214,0.01649693483582883,0.3275040463392088,0.015364163805339497,0.015013762951812375,0.2590579360128996,0.18256775732242297,0.0958488599665667,0.08814653876592113,2,gym
C003216,0.01088006634954708,0.5341103786824462,0.01002754245921462,0.0104592551763304,0.008803050534954194,0.02890658264967942,0.3520253287821305,0.044787795365697644,1,gym
C003217,0.4680952897032118,0.34100491575764236,0.018768548532796248,0.019727563184306466,0.019129722206605537,0.019254885662500696,0.02199202861034798,0.09202704634258893,4,cloud
C003218,0.016977304534862958,0.01731861533932788,0.6609730215044018,0.016519335829353714,0.10215585701533463,0.01645346334532598,0.017006215677953542,0.1525961867534395,0,insurance
C003220,0.10711536390858566,0.010191385374243316,0.010316125561925764,0.06979888916106605,0.007916039618880709,0.07501466795640069,0.008666464978568055,0.7109810634403299,4,none
C003223,0.15720344171256803,0.05130426701330536,0.05529960826376129,0.05310083627364992,0.05824090835721233,0.21262380674254716,0.06037003721634582,0.3518570944206101,1,none
C003228,0.016732021589531368,0.34985609694578257,0.4463180984004329,0.016095379389898384,0.016276539321332786,0.016365986625872395,0.01648753745995088,0.12186834026719881,2,insurance
C003229,0.02049623410271912,0.02123563501942023,0.022168591707931052,0.021159769204264132,0.24775453607632394,0.02676093574456648,0.2660703212240746,0.3743539769207005,2,none
C003231,0.013572387056647978,0.16207423034112625,0.10576400407674537,0.18721215879413353,0.01879665569606306,0.0061556658967354145,0.020707412252693236,0.4857174858858553,0,none
C003232,0.22067511796504244,0.020788377012454746,0.5529278350229138,0.018438656048312015,0.02022515325509694,0.020103820926984928,0.021971052028254993,0.12486998774094023,4,insurance
C003233,0.029722394876536974,0.029990642834747755,0.621701042616243,0.028135014667330805,0.029226099131888533,0.05568198218446848,0.029560384432770422,0.17598243925601395,0,insurance
C003234,0.017478932178712218,0.01824504559282132,0.018910661365963897,0.029035864477163692,0.6205359277154534,0.017801832949932282,0.10782539531071836,0.17016634040923473,1,music
C003238,0.030466336485178755,0.012851545430185263,0.04917506290526483,0.24767789257205797,0.10077697838074229,0.14663280424666889,0.12902609212912036,0.28339328785078166,3,none
C003240,0.029011657172714554,0.024744282231478752,0.022751959160878694,0.027363180533619032,0.38920858754740884,0.022869351236324734,0.11862625466891355,0.36542472744866183,3,music
C003242,0.015622790569008841,0.008421645736916138,0.0161054363250674,0.08156757596737578,0.08555371339465818,0.014884341092452692,0.046352760745606514,0.7314917361689145,0,none
C003243,0.03703957012204454,0.2466232660779928,0.03663828550869026,0.301042872094098,0.036771488616006376,0.18146763145849454,0.03847413285854223,0.12194275326413118,1,mobile
C003244,0.013659157210283563,0.012642888006246605,0.02626370433199305,0.014628571928640755,0.7250467243838342,0.015512363150999646,0.11173888345251345,0.08050770753548868,2,music
C003246,0.022711548848441863,0.023726811521601086,0.022550423138361267,0.030643260925971742,0.012605732420887684,0.5799844419378019,0.012210029753183041,0.29556775145375147,3,software
C003247,0.03670691378001595,0.03655227384364113,0.1304171699300001,0.034720787698820046,0.0365274635118364,0.09404390272253793,0.08017591124032741,0.550855577272821,1,none
C003248,0.019889196517381337,0.011830752115275213,0.3114380118609643,0.017202747636053825,0.019198023477102297,0.45382925217438885,0.022269726101798733,0.1443422901170355,4,software
C003249,0.6159467725938408,0.014010004042000616,0.012909023812056247,0.007848347182045318,0.027859155527720565,0.014405291289573071,0.2146889547303057,0.09233245082245775,0,cloud
C003250,0.018841454604194008,0.018414680970265572,0.16864906855359682,0.13886546315465007,0.08643888379088405,0.018092697662026064,0.4847688155087202,0.06592893575566325,1,streaming
C003252,0.09887975558426391,0.03372436150719765,0.6102855963342155,0.03227460214470483,0.03248189035513689,0.032083372025498,0.033418999846521906,0.12685142220246123,0,insurance
C003254,0.028486625173743736,0.02651169139426629,0.026544808455727133,0.7379633435764643,0.025519854738873204,0.02628711030626691,0.02870667858290686,0.0999798877717517,4,mobile
C003256,0.0313261216028083,0.2179398647592085,0.053855208844535166,0.019438323176156787,0.48677331393521683,0.016718729487667658,0.06292772354967555,0.1110207146447311,0,music
C003257,0.03139014859090955,0.015693792013983618,0.032563466911401606,0.025972293135871447,0.0312764684943861,0.02997921973619274,0.031573092475210354,0.8015515186420445,4,none
C003259,0.05266559501390014,0.03318262075810757,0.03347892895818824,0.03561090305082492,0.19717427645676272,0.053152223473061616,0.4265659358794266,0.16816951640972821,4,streaming
C003260,0.059108427324171764,0.060025904595620974,0.06518105032664616,0.0687657651864829,0.06406018288198945,0.06533812685524823,0.08371836438600827,0.5338021784438323,2,none
C003261,0.14271873224460052,0.013557353029129379,0.025934134116958992,0.02857063021295465,0.013378355127149154,0.0419433711929014,0.020757292840470523,0.7131401312358354,2,none
C003266,0.03368830478401646,0.009737013079809308,0.1897788639482848,0.009724321046732284,0.04459076370995174,0.009590432192510915,0.6381463110708414,0.06474399016785319,0,streaming
C003268,0.02561815685590093,0.018090108931872788,0.015566410022274749,0.01657095174941673,0.010422094427536562,0.1349276421242619,0.026763265684288585,0.7520413702044477,4,none
C003270,0.04203117289388869,0.04139634614802337,0.044134330069398625,0.2379482739640122,0.04465037646521666,0.04818920563032847,0.04398319736097668,0.4976670974681553,0,none
C003278,0.025604940073930084,0.024063110158409024,0.013697054865208851,0.02316180028791164,0.021638576977973525,0.021121048729840223,0.021928606200436303,0.8487848627062904,3,none
C003280,0.03780122094000588,0.03719183861907817,0.03753273126664085,0.03884935749945341,0.04069159707237588,0.2970238785157449,0.0418477889007865,0.4690615871859144,2,none
C003281,0.016389736091566926,0.0648505809468923,0.019115353872598842,0.01585839519059606,0.04101338723620267,0.18769026031332975,0.03966585607091617,0.6154164302778973,1,none
C003282,0.023429957999330345,0.022372213777906724,0.02287328998673388,0.02882559996013117,0.026057735028641827,0.03326341622659272,0.020675947367734662,0.8225018396529287,2,none
C003283,0.02022162329072877,0.538540023924841,0.02003930574700679,0.021572122285053962,0.1294906172031208,0.07030446387515812,0.039294429410588666,0.160537414263502,2,gym
C003285,0.07026838926538312,0.3613343927718268,0.02444995300264037,0.01861606467893248,0.08407938494726326,0.2608839899646833,0.07948175992842973,0.10088606544084087,3,gym
C003290,0.019550230084653304,0.1445488155529705,0.007895769114648746,0.019314394888292716,0.026592144694624217,0.01333946539266375,0.018612114789770935,0.7501470654823759,1,none
C003294,0.010143334766851607,0.009588659507821189,0.008701136976900876,0.12289735824171766,0.6097893006092733,0.025736111064040224,0.15962462599278615,0.053519472840609074,3,music
C003295,0.32634125269714165,0.015526917719231394,0.501539377889665,0.015949529850570163,0.016369945377378334,0.014042652249689595,0.017133756965308167,0.0930965672510157,1,insurance
C003299,0.020109402697400337,0.019362273915972412,0.03151641376036483,0.01767963044984615,0.32830794161723353,0.1909190126295533,0.044120949981621214,0.34798437494800816,4,none
C003301,0.018765512674468313,0.02097194229637573,0.02107317850274469,0.10631180666092022,0.019323094256693443,0.6890808285463064,0.021811266563380706,0.10266237049911056,4,software
C003302,0.009732010117730526,0.06157570575808893,0.6662708982817563,0.011002201036349895,0.036451170335222514,0.00920619749650815,0.09632176780471578,0.1094400491696278,4,insurance
C003303,0.0375062396150992,0.03457659483516184,0.04411343068326372,0.03497559077689606,0.03876026102221658,0.036397538321350946,0.03934263461978747,0.7343277101262241,4,none
C003305,0.012764718836798954,0.013595357026302515,0.007075192910593691,0.14905405396584506,0.024249612713113013,0.01176986164373477,0.0059794584061255655,0.7755117444974864,3,none
C003306,0.016829332456168956,0.0916224204167091,0.06319948899726606,0.037698305483768416,0.031156530013634335,0.44099416030728966,0.08513851974721873,0.23336124257794488,3,software
C003308,0.034910491733081576,0.038205103102732174,0.12910571033273738,0.03978988586797554,0.0417260845218647,0.03714760738809103,0.5261128014744252,0.1530023155790924,4,streaming
C003310,0.030067563074508898,0.017319195163175507,0.016213574768735292,0.015645246123563918,0.05208849576039334,0.03462541700067401,0.011221494796650019,0.822819013312299,1,none
C003311,0.02746901586316245,0.02546020120671666,0.025582985569095905,0.024566228906916274,0.728930579566859,0.022889495143026784,0.030337841964148862,0.11476365178007406,4,music
C003312,0.016526232821205945,0.015967581515621342,0.011772364158353572,0.016942472779727116,0.13903478210604997,0.012054240235386116,0.22330329451342956,0.5643990318702264,4,none
C003313,0.04394542161119122,0.045752124020942156,0.050062153830379486,0.04620939161526645,0.08790038300765009,0.23603924097475887,0.0889302395092488,0.4011610454305629,1,none
C003315,0.04208493920744908,0.2381011756134932,0.05100413044396728,0.049671730225422345,0.051439807562130305,0.05523329481022332,0.05293721570087549,0.4595277064364389,3,none
C003319,0.2715551195243088,0.16363946041340818,0.00899142064203029,0.009102851352604078,0.08988063027084213,0.010308512731766781,0.4046426566739102,0.04187934839112958,4,streaming
C003322,0.7352405567525125,0.015322014955801662,0.01443304798101605,0.01486982025614502,0.015363971345368094,0.015116839340507525,0.05732610629311306,0.13232764307553613,0,cloud
C003325,0.03682390770919162,0.038299279274286835,0.03691905790866573,0.1274206238089079,0.037517095322670266,0.038854083364060925,0.03609980380630111,0.6480661488059156,3,none
C003326,0.03799319364805358,0.162189414871666,0.03707828223853524,0.04341970234940071,0.1136753002705416,0.04083785610314347,0.14502136288118456,0.4197848876374749,3,none
C003327,0.2209751942404953,0.01490554718090914,0.014108207803998365,0.5785654097747904,0.05547096382411755,0.032731893963424005,0.013441352175896256,0.06980143103636906,4,mobile
C003330,0.12503340741645308,0.03741598123509275,0.27089342312560055,0.04427952932418462,0.03807878516120975,0.037031641831973716,0.037888052784036695,0.40937917912144883,0,none
C003332,0.008743156730998042,0.009237208006597664,0.008714596686980436,0.7599770045342418,0.09953480115919747,0.007948662607691658,0.05067747792183852,0.055167092352454504,4,mobile
C003333,0.010773437903902354,0.3190763747600113,0.010229619815459315,0.009094625175616511,0.0188384520888339,0.009624051084641467,0.5278889148476532,0.09447452432388197,1,streaming
C003334,0.0072838079606251036,0.03937175954489898,0.021304975423329514,0.2340706607645212,0.09233012306408733,0.09382885572995445,0.33695056757388464,0.17485924993869884,3,streaming
C003338,0.02986958326918994,0.029902681159010354,0.1389802791504917,0.03295395553893901,0.21308210306271153,0.02960229064778569,0.19371553569149325,0.33189357148037857,1,none
C003339,0.1787416204120594,0.47619655474630496,0.06484001974210918,0.029002571530934045,0.03154822424153772,0.10719896921587402,0.03199204313641628,0.08047999697476443,3,gym
C003340,0.019811069886585774,0.010699536953686471,0.009806030795986275,0.013109312259570322,0.3198178461077512,0.010435064346487295,0.06085522575179214,0.5554659138981405,3,none
C003342,0.015371792329059653,0.5793583571321299,0.01375119978937084,0.263385863269638,0.013199279616599967,0.013542005824075571,0.014617110479060579,0.08677439156006561,4,gym
C003343,0.3216827405204131,0.13659074673320645,0.048819978876335775,0.047498804065134584,0.04866452236566145,0.049487735960762766,0.048709869192246784,0.29854560228623894,2,cloud
C003345,0.025519405462455756,0.02362906108197413,0.023226281222222606,0.019855570471267323,0.02478577334013477,0.0037717617731865757,0.025766102807392496,0.8534460438413665,4,none
C003346,0.08358051875768074,0.7032243368988489,0.024713894675109798,0.022320329129702873,0.02281921726113017,0.023284118555130618,0.025998414043299767,0.09405917067909708,1,gym
C003347,0.009577369750711388,0.009043221500084273,0.00843855255063398,0.08656704319129445,0.031170192336922954,0.01678364888884884,0.022454278147860506,0.8159656936336436,0,none
C003348,0.05652199819157271,0.016132462307044463,0.022346574408245865,0.008365726125846214,0.06191882996537296,0.05327473160404972,0.6909259199008402,0.09051375749702797,1,streaming
C003349,0.020375388295525078,0.6758711694354541,0.024714902673185563,0.02368563821174681,0.039237083252747045,0.021554598123868313,0.041818590076318274,0.15274262993115487,2,gym
C003352,0.03792841026185108,0.02936066409787027,0.03067747055384438,0.02823299742125663,0.03275210736016383,0.032267232501326175,0.03396482398885297,0.7748162938148347,4,none
C003354,0.2094546519338322,0.045103862084838645,0.05794713728761787,0.04524464193668473,0.04571550860712659,0.045436579903304686,0.04465609511998424,0.5064415231266111,2,none
C003355,0.05232172637747437,0.3426014756821803,0.019162074775772375,0.0185832015267046,0.30005547775106595,0.01855081345108734,0.09936023429074231,0.14936499614497264,0,gym
C003356,0.02211602737686884,0.02223889201535823,0.02070095755773834,0.22467091854065224,0.02059770981307751,0.5365742778578025,0.020220149183946164,0.13288106765455612,0,software
C003357,0.009099268813249649,0.013687845303851181,0.04252552831524848,0.014748927031982913,0.013846568273824699,0.014084844937144436,0.01336533546019322,0.8786416818645054,1,none
C003359,0.02339095723687499,0.009348848938957965,0.010954092397938113,0.020329447557084095,0.05904701024695764,0.022068419103409904,0.06914588728519347,0.7857153372335839,2,none
C003361,0.029594101249153994,0.54085392769635,0.027388379216602345,0.23161925354103483,0.03190549826972906,0.02714769124849932,0.03778251379512901,0.07370863498350147,4,gym
C003362,0.010645696619336628,0.17454426413941476,0.011873509399319198,0.03869554797689191,0.03434822935467384,0.05265504341476381,0.009484836339564862,0.6677528727560349,0,none
C003364,0.02902284006630731,0.4331544681041932,0.01734985073773741,0.07993463076451582,0.15175553533357078,0.018146920800942566,0.19262007839102274,0.07801567580171015,4,gym
C003365,0.21957699955437496,0.40780192087997147,0.01415142062898748,0.014547081549114042,0.1010164055636893,0.14583862394240277,0.027835310440298064,0.06923223744116197,0,gym
C003371,0.02152824102238054,0.06444107150839176,0.022605221678224714,0.486635793616345,0.06377287987886474,0.09103757417971842,0.15872593343794095,0.09125328467813384,0,mobile
C003372,0.03108583343166091,0.02958701727456929,0.16185688206827709,0.03389071955558997,0.013287030038325844,0.03062977678108477,0.018855187256310087,0.680807553594182,0,none
C003373,0.07316014194729409,0.029204097308584927,0.11572901231775415,0.03575377956320966,0.027262198323916343,0.12904853375058917,0.027943430051199338,0.5618988067374523,3,none
C003374,0.04181520124376105,0.041813518624935,0.04401368838726208,0.3853951156833497,0.04605817641003482,0.04664997048437432,0.05065230004659482,0.3436020291196882,1,mobile
C003375,0.011901194029229525,0.10850636691599905,0.1207852176433537,0.07749666590810253,0.01216588862281787,0.6142701563826274,0.017143719280029168,0.03773079121784092,3,software
C003376,0.09756159621488474,0.0645458538794496,0.014491187880043142,0.08155304621832338,0.2213257219591952,0.1099653340592415,0.21911981126192476,0.19143744852693778,2,music
C003378,0.10077091345414459,0.11425772071766105,0.6874146167764427,0.009346440719452941,0.009487972072890802,0.017794800970259764,0.009276174052594795,0.05165136123655334,0,insurance
C003381,0.01609420107069395,0.01635652286602708,0.12996766144776553,0.5514865359425232,0.019627874119995073,0.014426314673098429,0.018215312848221157,0.2338255770316756,3,mobile
C003382,0.039497571192612234,0.01992290319626374,0.04551707415725836,0.03963496426607818,0.04207449131189743,0.04004741581914441,0.038268224254085006,0.7350373558026606,3,none
C003383,0.01433626028920984,0.017102630852309317,0.012490746436522827,0.014162583428983874,0.8240844903270119,0.012359697812668777,0.006306065915863477,0.0991575249374299,0,music
C003385,0.014421886837564174,0.7738234285118337,0.013607975588766013,0.013377583031929043,0.013921735321759589,0.01395101247611609,0.014977859783509686,0.14191851844852166,3,gym
C003386,0.03224420386189335,0.03330769294382155,0.0402541405327825,0.5840112578297743,0.033819206115243125,0.03290927956333614,0.037871186027126455,0.2055830331260225,1,mobile
C003387,0.04228135155645202,0.042934164058555845,0.04280774663344659,0.04202343340820719,0.02954530862053968,0.028984737460905737,0.046106487412160585,0.7253167708497325,2,none
C003388,0.25105428245695033,0.09595798223015936,0.023481853785230947,0.02076956968598545,0.4132351043003365,0.022649768598701818,0.09782965999803446,0.07502177894460106,1,music
C003392,0.01607400764543071,0.017582825455945545,0.018585732647435117,0.017138857361990223,0.3836357659995231,0.3773387287347779,0.09567287234003523,0.07397120981486219,4,music
C003393,0.05209926955375317,0.026052727008495632,0.026922846509563086,0.02673442639286524,0.06564535137792413,0.6758345619479815,0.02737455990908141,0.09933625730033566,0,software
C003396,0.030869312960199277,0.03478151198988232,0.032786353316900024,0.033142570879390515,0.03334203417504262,0.4027534292107048,0.22879636529819253,0.20352842216968794,0,software
C003398,0.020879122960236474,0.10785455745679723,0.02013428404980752,0.02252796936972928,0.03434873980015161,0.6511193733307802,0.019044276209518235,0.1240916768229795,2,software
C003399,0.0637727397905254,0.009254627337022711,0.02893290299927538,0.008319932041114165,0.3548707452088812,0.4516343875116271,0.008231565613001642,0.07498309949855231,0,software
C003400,0.2754578751327917,0.025064007123031827,0.024275361197271753,0.02455886908538448,0.34153607987884904,0.02468956113000896,0.0981552605368584,0.1862629859158038,2,music
C003401,0.047077545009959844,0.3692591731080046,0.046350747449139126,0.04607201306566933,0.04631675190514902,0.045630088244570904,0.04541467108210556,0.3538790101354016,0,gym
C003403,0.01276292122160844,0.019402171457390465,0.018005475244493124,0.5995376779886937,0.016872138749924607,0.17149935581416204,0.01839488238904018,0.1435253771346875,4,mobile
C003404,0.028404926764528767,0.02768548021455735,0.5093701818270214,0.025119002521602696,0.09309112779051867,0.02732182110614635,0.1763730213351291,0.11263443844049562,4,insurance
C003405,0.02741861453519212,0.027630366353829657,0.15231190526759286,0.02643738881730143,0.46349020116748263,0.02725953405719396,0.09196814224669865,0.18348384755470867,1,music
C003406,0.20735903138802347,0.01447937402915863,0.013627659073602829,0.18844593749336144,0.12847095307505618,0.017028063514620873,0.28608450187128315,0.14450447955489346,0,streaming
C003408,0.02867611319536427,0.028938887276165885,0.44352970354989696,0.19849801373566597,0.03073041839980918,0.02950807433471138,0.03226767851901798,0.20785111098936834,0,insurance
C003409,0.014327003966415024,0.011018668928378654,0.010535038421303575,0.10457253864666716,0.19796868529808087,0.007328313607604255,0.6119391686860042,0.04231058244554632,1,streaming
C003412,0.020914772193674592,0.023231083017507433,0.2751338799359204,0.02216206115082476,0.09207984135736355,0.04440111679830785,0.3424979289482675,0.17957931659813386,3,streaming
C003414,0.013749522062243419,0.20881596946864217,0.013583316414034452,0.013529735954907193,0.011608521852541421,0.24106227919413326,0.4439231522562012,0.05372750279729698,1,streaming
C003419,0.01902617133111716,0.6066608794544736,0.017336294049837747,0.020660014580035684,0.07623366603229434,0.018035453936765325,0.07090459055233699,0.17114293006313921,3,gym
C003420,0.011169126944849526,0.2058012306859902,0.5137301541027847,0.012160041726214384,0.10542637332123944,0.005220746591001351,0.07385036790527591,0.07264195872264455,0,insurance
C003421,0.039933692039860635,0.04950470614094328,0.04316816464684377,0.04062665294906881,0.04495846445036111,0.04196868555028942,0.038395019194577454,0.7014446150280556,3,none
C003422,0.0075944597433613295,0.008927215761912804,0.008160121975738963,0.00811331141286638,0.18408804636607956,0.006630839296821421,0.1844829619286243,0.5920030435145952,0,none
C003423,0.026314867560900176,0.029576330786634523,0.032481823519516784,0.028370875239645092,0.011809393203379025,0.027608896058270514,0.01589106606450889,0.8279467475671451,1,none
C003428,0.0228181069975687,0.02444289485213479,0.035187385712905986,0.023196223432936605,0.02450459247164706,0.5702737175305932,0.02526248266469533,0.27431459633751826,1,software
C003430,0.010817060416143505,0.28996045704264517,0.0724981441186874,0.008882588966617713,0.011153582459262783,0.5525108922256972,0.009211508229190729,0.04496576654175553,0,software
C003431,0.04433369021800038,0.22791522183161914,0.03802148402259051,0.3463057691702142,0.05589577083715421,0.013435618464462784,0.14689808107547225,0.12719436438048656,2,mobile
C003435,0.5129244796759367,0.025908543245896823,0.1589635334276541,0.13013500884557394,0.024481775336603666,0.02464718676429284,0.024586531935406324,0.0983529407686357,2,cloud
C003437,0.0174658571586886,0.01701348063189454,0.015932124521874362,0.40695756363354374,0.3531432857858321,0.061329912735376885,0.03366458391582913,0.09449319161696061,2,mobile
C003446,0.05953360989475194,0.5409819759878873,0.052316548789478896,0.04835948224142127,0.042812627702181055,0.050820640638596815,0.05055431105000094,0.15462080369568174,0,gym
C003447,0.009879992884813319,0.01088209027238495,0.011089036799600546,0.010295780074601945,0.6448654856278868,0.014014171768564664,0.20568810832605916,0.09328533424608862,1,music
C003448,0.010844006464184468,0.014210093334297619,0.09735057611937928,0.07580900738721112,0.007601464421842817,0.012591371884867999,0.0077178554118225015,0.7738756249763943,0,none
C003449,0.03262359945167607,0.4598046178778963,0.17447285270996826,0.04541092521542826,0.03546415345136974,0.03519783166355,0.03800003314963335,0.1790259864804781,4,gym
C003453,0.03366366125729851,0.03611521657090855,0.037827452378312955,0.0382860941982066,0.039038885220126524,0.32066963797843473,0.040532246860803464,0.45386680553590864,1,none
C003455,0.020981920339644296,0.020607215819483625,0.020451532570274614,0.713461174453401,0.026604466944181518,0.02157388002186799,0.02561155612629385,0.15070825372485316,2,mobile
C003456,0.03188036850088019,0.3492908932832255,0.018575864367003796,0.01812571738659611,0.06866420166886339,0.01714633445282416,0.4246409025125594,0.07167571782804748,0,streaming
C003457,0.021972570805825386,0.23649658720911065,0.06909292130481764,0.019763219806554537,0.02072061286408896,0.01799810413735739,0.04055004835425122,0.5734059355179941,0,none
C003460,0.036027022737059,0.037244184490124885,0.039323608127145186,0.03835602506890206,0.2811005047886331,0.04148867665296942,0.041965171367129475,0.4844948067680369,1,none
C003462,0.0173767642552993,0.011750095238793121,0.053012603317496625,0.07053475750152582,0.01443430060022255,0.011583595097184601,0.012400963846107858,0.8089069201433701,2,none
C003466,0.03657798349664733,0.00950011035788641,0.00891454946936885,0.13340845409093496,0.00811168429780818,0.007837248241330285,0.007966589294425527,0.7876833807515984,1,none
C003468,0.22559953683266804,0.22304051523739948,0.012416992599081909,0.011252460514412466,0.06760642540813765,0.012041954069263765,0.37033041996647637,0.07771169537256023,4,streaming
C003469,0.015279503206352301,0.01496492105756485,0.013794898015250048,0.020511541867800947,0.018100637814037413,0.026074977718771295,0.011163427415145078,0.880110092905078,4,none
C003470,0.4837515937934774,0.09210305084857034,0.03470506214603069,0.03519559147682111,0.036109356374745945,0.036466488089631294,0.03639434348035626,0.245274513790367,2,cloud
C003472,0.025132731470254847,0.1346174183237482,0.024645100515440947,0.023242542402142064,0.4868678800639127,0.024998970776971663,0.19737043679143854,0.08312491965609112,3,music
C003473,0.01651729653345398,0.016716117458932582,0.19504547162825256,0.016872614390339928,0.09499235876123674,0.01638973332860368,0.525613889198908,0.11785251870027258,4,streaming
C003474,0.0818197223660187,0.06423320795380687,0.024896696673678168,0.02044773671715473,0.09019183757511065,0.020946932236465293,0.43131297504808025,0.2661508914296854,4,streaming
C003475,0.02658912946451108,0.0156271324349886,0.023969312991300153,0.6224708745193166,0.027316401361553194,0.036641325092303105,0.030599439075250284,0.21678638506077705,4,mobile
C003478,0.07241378017593449,0.021300384848670265,0.1079538071508036,0.017279430751438077,0.37623354008223014,0.017362382299419724,0.3092757550310164,0.0781809196604872,4,music
C003479,0.013203273383093609,0.2691640910106,0.5213438462165305,0.01173238227905296,0.014936546404767253,0.09268073608560773,0.01710952278268592,0.05982960183766199,4,insurance
C003481,0.4113207109626442,0.013832469295634742,0.311990503879054,0.014463059384588238,0.013865808026815451,0.11071059622076955,0.014611570291018727,0.10920528193947504,1,cloud
C003482,0.042011158771392464,0.014202253511243252,0.01921778763932843,0.014343498966749217,0.29943218932546384,0.4432997524044304,0.07900815322042883,0.08848520616096356,3,software
C003484,0.38501742260928395,0.014299337476512672,0.34681943555450534,0.014265653794492034,0.014517467903585905,0.09492894072292014,0.014507916119256677,0.1156438258194432,1,cloud
C003487,0.02378473473396418,0.16455672609377164,0.015031953208169878,0.12784532278193594,0.4917815787542723,0.01826277027629046,0.10167636281176082,0.05706055133983486,3,music
C003488,0.02616014935448188,0.026424031107980875,0.217796174981473,0.03270637243952583,0.02907999371314377,0.017249047844792836,0.028818996670219657,0.6217652338883821,3,none
C003489,0.019051107100449473,0.02097255303618526,0.019149631070921092,0.02253941435765139,0.5471528632275579,0.023112647052673255,0.19866297090652071,0.1493588132480409,3,music
C003490,0.030128790299779894,0.030963082144114765,0.5764022531849005,0.03215974770251572,0.013291950123688119,0.029280452486893607,0.0457588754341989,0.2420148486239085,4,insurance
C003491,0.010674242545867609,0.010999890246511252,0.031896643844995555,0.13022547563908618,0.07353955484932614,0.054359773873072934,0.07384183729305775,0.6144625817080825,4,none
C003492,0.023179731106197893,0.024789734714389007,0.024581032864589885,0.02435293086357529,0.04280160741013336,0.5033882187462753,0.03931596151906118,0.31759078277577807,0,software
C003493,0.04259742772538011,0.20438960021021801,0.04806620710575836,0.04656729039367332,0.04785334431977893,0.05043648637543219,0.05772552296051553,0.5023641209092435,4,none
C003494,0.01611403063130435,0.01539778288122009,0.5749733710161802,0.015045384041491826,0.028737440982458173,0.016114754014879103,0.266350789877818,0.06726644655464821,2,insurance
C003496,0.020266387661150027,0.03654726054273688,0.06621445995657765,0.041775391221000595,0.03595241650997538,0.03392104271893194,0.45850034597848294,0.30682269541114454,4,streaming
C003497,0.04920865212504112,0.05104791385799385,0.05211794795886111,0.05009094968336337,0.050959396691049805,0.28184454420430116,0.051816296375346536,0.412914299104043,2,none
C003498,0.027659606069559667,0.029481744785752592,0.02797060601273344,0.02860088154057467,0.07275683445036309,0.054684133742002136,0.271106305187436,0.48773988821157843,3,none
C003504,0.040557967699431,0.14569278469657748,0.039628216863850166,0.04021797969039853,0.041683956130819357,0.04145353363389141,0.04219969373442626,0.6085658675506058,2,none
C003506,0.03449872677300578,0.033281491029251174,0.03258823765128009,0.32682962613787053,0.16037344183831462,0.1610571622451484,0.09040124346353776,0.16097007086159165,2,mobile
C003507,0.021246211110881753,0.02102960105083184,0.0198387351845404,0.06520448768377783,0.01961060907221606,0.6739127440068414,0.021498135158673985,0.1576594767322366,4,software
C003508,0.14990094558369305,0.018044333631852406,0.01782722270114836,0.019952253958702384,0.027768255545394405,0.4897906522241383,0.10871257451162511,0.16800376184344593,1,software
C003510,0.47847115297037546,0.020822196490531065,0.019718724388030837,0.018350361148491576,0.09002987017828912,0.019123825047807096,0.26331114550670476,0.09017272426977001,4,cloud
C003514,0.008366197667666048,0.009236576920546758,0.21089605292755123,0.00884522513423306,0.15072339561698256,0.00841465162335624,0.29845188888560314,0.305066011224061,2,none
C003515,0.18056133762318174,0.011261222519395903,0.02514773760645759,0.024870647752019782,0.2129812022078959,0.0254462101310094,0.2998045566252574,0.2199270855347823,2,streaming
C003516,0.08184414275189039,0.02240395319755279,0.02163159384563518,0.023689830524940086,0.10514240663976246,0.07941105049273453,0.545265275053598,0.12061174749388652,0,streaming
C003517,0.009070749839875911,0.009496962572473448,0.009853649115323153,0.18471777624596292,0.5182253092572237,0.16862385101734031,0.04339877960417737,0.05661292234762323,0,music
C003518,0.01706934608870404,0.2798789866377548,0.017313243399083474,0.5151548482987558,0.018627044261840704,0.016074177324445056,0.027475588373242568,0.10840676561617349,0,mobile
C003520,0.01877861444170779,0.018631302394811488,0.06424856015390748,0.017807353124537018,0.09850787526386316,0.017541446448648912,0.03225854795274564,0.7322263002197784,3,none
C003521,0.03208240405054861,0.0263538222864313,0.02592543942857727,0.07634157435855646,0.14049596306042564,0.5004263282193934,0.0957665559586876,0.10260791263737969,0,software
C003522,0.5376873129075788,0.03249214772730616,0.1111223700889425,0.03135669684187275,0.03168550154295103,0.031658779336559,0.0315257348313229,0.1924714567234669,2,cloud
C003526,0.05357339844095775,0.023309296422143196,0.02242493841532971,0.040994216673117756,0.5264263382885335,0.02368027823356815,0.13973138397528267,0.16986014955106726,2,music
C003528,0.018157680920739026,0.7494487789241105,0.017897710831983726,0.016889384118131134,0.06371518508119056,0.017185666456284724,0.016635906188762983,0.1000696874787973,1,gym
C003529,0.008988849049996238,0.01880566714089395,0.008691138670833909,0.09835187894330716,0.008668862563369567,0.008689342052611107,0.00805385510412827,0.8397504064748598,3,none
C003531,0.5415577340101058,0.025362991492300754,0.021535907976269888,0.10704204461655362,0.022479192317774663,0.0222224540454592,0.022064979669129205,0.23773469587240675,2,cloud
C003532,0.16292293338249483,0.40724429339154267,0.011700539574610458,0.21663622759683965,0.018166120719200356,0.018384664500665067,0.020475379693087346,0.1444698411415596,4,gym
C003534,0.4134613440264049,0.015651499429646273,0.05582046585372059,0.2929431497435053,0.0669363713940309,0.013944137932958987,0.014097059654339165,0.12714597196539393,3,cloud
C003537,0.019465040947172812,0.6992517115783556,0.01711184588511786,0.01754167811748017,0.11582564992967839,0.018176604170672905,0.018245281687846546,0.09438218768367583,2,gym
C003540,0.14045695022672966,0.020328198789718626,0.02024655931112634,0.02097893373304043,0.021590931621673713,0.3294263669140982,0.021836001821498432,0.4251360575821146,2,none
C003542,0.01598847770870414,0.016510199332701113,0.016106823446754872,0.40875722923373037,0.1896488030326901,0.19584697348363123,0.07104283173566642,0.08609866202612176,2,mobile
C003543,0.024277566304930887,0.02321644556377247,0.02230753802341182,0.48286536932448487,0.024949808596784882,0.21109268162646722,0.030278623916995522,0.18101196664315233,4,mobile
C003544,0.27217104105309714,0.01263651772910272,0.01119239902966789,0.6107606069716777,0.011057932239884688,0.010588293927545026,0.010736626487533804,0.06085658256149107,1,mobile
C003546,0.28594894997027465,0.019782541384299496,0.36274997507789314,0.019314531643940095,0.021181157405826136,0.022415128381975895,0.2021560783098702,0.06645163782592037,3,insurance
C003549,0.055012722164668584,0.0559459327552682,0.05404349267072239,0.05537915415191404,0.06288209809050373,0.05617020384130805,0.06898085456453684,0.5915855417610781,4,none
C003550,0.057716076198303594,0.05884696551121242,0.05721187346223547,0.040630665601174926,0.1619430371845162,0.24458673218065508,0.1194644184539777,0.25960023140792454,3,none
C003553,0.04037127294345069,0.0405493254524813,0.21762683296670876,0.04509823123746588,0.4119866438525657,0.09441628175303718,0.039316879601673294,0.11063453219261718,3,music
C003558,0.019831856686154593,0.7587200919421191,0.02187681206106675,0.01919108222750996,0.018498068890719907,0.02022993404860113,0.018425956711959336,0.12322619743186917,2,gym
C003559,0.02462403002632617,0.02663641002862679,0.7003626238393827,0.025613155026572937,0.028945871743285237,0.027643166000299625,0.02836293038580063,0.13781181294970582,0,insurance
C003562,0.03544862502242896,0.5357285929841737,0.03406033445715449,0.03364245545896788,0.055834175544628675,0.01067056015228545,0.03621847751651737,0.25839677886384343,3,gym
C003563,0.013446414707198802,0.4363053754405745,0.012615920218235308,0.1741414314525872,0.049473160859289544,0.21486542913552598,0.04984753071828818,0.04930473746830047,0,gym
C003567,0.01724343554157339,0.5966703363527573,0.0192040121913654,0.2235931499231491,0.017906481987705905,0.018905026338157566,0.021474630939071832,0.08500292672621941,4,gym
C003569,0.01352761028101869,0.029328067464700597,0.027474849729567298,0.05580210951497914,0.23210407594183902,0.02963825537680335,0.4252330143445141,0.18689201734657787,3,streaming
C003570,0.015152634304821527,0.015155925950372438,0.014418395583658546,0.02898457722568114,0.12220666807801547,0.017284022388480955,0.6841695810532751,0.10262819541569486,3,streaming
C003573,0.016925107076551545,0.017435289187233416,0.22523943835995092,0.0167226949606938,0.01669872775979342,0.6156876373520185,0.019491046888382182,0.0718000584153761,4,software
C003576,0.007218179161935559,0.007447308816288944,0.8986094778177884,0.007786150507109782,0.007218085383954469,0.006880705985967489,0.006879303336469838,0.05796078899048556,3,insurance
C003577,0.013579683973615735,0.015929669826089215,0.0160042530299776,0.017781497274620008,0.12406883963633855,0.0731225526474694,0.653655278537605,0.08585822507428462,4,streaming
C003579,0.6353360663850687,0.01997946923816985,0.04880533107969445,0.019170348382015527,0.01882595471704538,0.14827858992456575,0.021263814410497173,0.08834042586294305,3,cloud
C003580,0.010514680436933016,0.008364956518123013,0.03659334663207392,0.029773418930858022,0.010245179344083439,0.01178426240947647,0.00943164694720388,0.8832925087812483,0,none
C003585,0.012461932688891725,0.010246407701602414,0.0358497865643572,0.010369400148923028,0.0329235538501759,0.02631677848613689,0.032652539997210836,0.839179600562702,3,none
C003586,0.019316317560839513,0.01855319967611518,0.04131378229895377,0.014842864988251627,0.08416650809500714,0.012574170224716115,0.05387617816402508,0.7553569789920915,4,none
C003590,0.059922603142741726,0.027403052171581566,0.02583516650543581,0.4017597500085164,0.1356914766029621,0.02664578288153923,0.14663645691168245,0.17610571177554077,3,mobile
C003591,0.013514796252468663,0.026202006363011763,0.010442897570971004,0.015363661454632522,0.02545450919721454,0.023760824511752134,0.024421265027662967,0.8608400396222864,1,none
C003593,0.055416545963646424,0.05403003371176482,0.055562216807317835,0.05824304809962864,0.06109482090963303,0.059461883112856995,0.057735657032647006,0.5984557943625053,0,none
C003594,0.01810849472013379,0.016856685962996384,0.01709144516762826,0.02098896074961763,0.02348029097711693,0.008328011204101614,0.39991253274336636,0.495233578475039,0,none
C003595,0.025796959526711148,0.028406624069436504,0.02063586544164604,0.23359507520663225,0.028994178731253394,0.029894519345222928,0.02846037097843315,0.6042164067006646,1,none
C003596,0.015247847842350361,0.24448027331896183,0.01922380162008776,0.015363274319048627,0.034155805829085506,0.5591037713959512,0.01658318309199252,0.09584204258252217,0,software
C003597,0.019133778002354537,0.019366700784171763,0.018643926226411117,0.5647918959146094,0.1698181984126666,0.05343923014833625,0.047609890495568345,0.10719638001588193,3,mobile
C003598,0.040218989406058905,0.038132836433218936,0.039112008444308094,0.03753317871382982,0.5781069501752543,0.03949803913915768,0.10968227330346372,0.11771572438470862,1,music
C003599,0.02525357264381882,0.5867717048935834,0.02620238843529305,0.025047401991486237,0.025814912401022003,0.016476231054854816,0.02575614501051071,0.26867764356943097,3,gym
C003600,0.014360292260537956,0.015362010085241455,0.016144161830082996,0.737363659372948,0.01601105141791826,0.04187851386247497,0.01629015993855931,0.142590151232237,0,mobile
C003607,0.06692952130589619,0.06616451828787925,0.06572817894011075,0.06789873606710087,0.0347281520513552,0.3101363405043538,0.045175294940414494,0.3432392579028894,0,none
C003609,0.030063546785588542,0.018800680542012053,0.03284922699942998,0.027637766141783707,0.05099809816761653,0.028346517645798944,0.05548067508177014,0.755823488636,4,none
C003612,0.011287960787332636,0.01173771769619766,0.011254330091332237,0.25075413902590193,0.020960533845482153,0.016558979896517334,0.5982331848541529,0.07921315380308311,1,streaming
C003613,0.03579627446905859,0.0344136314810754,0.03655351309097945,0.04809330883875666,0.03852381135805881,0.03653074110408777,0.03676316254804981,0.7333255571099335,0,none
C003614,0.046442786802578975,0.050517594598884705,0.12837588226243324,0.13103737539879126,0.05298939987362622,0.053022272156489414,0.054601939947555786,0.4830127489596404,3,none
C003617,0.1065158503125031,0.027600769299471112,0.03503073248200453,0.0337302554667324,0.44873898756660086,0.05050036996857031,0.05454428164516416,0.24333875325895352,4,music
C003619,0.011364969554205014,0.010908559607708476,0.010054679342366701,0.7689816230525707,0.09500918806522143,0.024083353197686175,0.030490590271968026,0.04910703690827349,3,mobile
C003621,0.029592878064212798,0.030464005182725393,0.03011591601659824,0.5614718644955008,0.030312850448084704,0.09157806847118051,0.030674898324719924,0.19578951899697766,2,mobile
C003623,0.014281081080641144,0.014855006007291763,0.007058859968831076,0.014258523473064853,0.02461185726392554,0.062142272676022264,0.06516239113508826,0.7976300083951351,0,none
C003624,0.03992900426692418,0.04379001611107755,0.04031824019286626,0.0382319191174456,0.022661866819460138,0.015123064080757687,0.02445676854007932,0.7754891208713892,3,none
C003626,0.016297787948761636,0.01635727174853694,0.754725469331208,0.018103389380380752,0.017262759614501997,0.07706392161190033,0.017758491320879304,0.08243090904383105,1,insurance
C003629,0.0341590028863125,0.031642393492770746,0.013545761354803728,0.061495460379578995,0.03371779181392153,0.030818069156659574,0.03790296793392832,0.7567185529820246,4,none
C003631,0.021068201968620394,0.46427835359198055,0.020448859068933532,0.13049937027274255,0.08931918290732496,0.04135637779353226,0.14795101998714089,0.08507863440972491,4,gym
C003634,0.007017379599122785,0.008385879255355225,0.07020007416664459,0.1965308152932439,0.011805696148476956,0.6190892626286968,0.03449698198083446,0.052473910927625364,0,software
C003635,0.09503848511584567,0.1890450885967412,0.035517121029429825,0.015668555193092116,0.016491852329418095,0.013103321511503944,0.015786527366214026,0.6193490488577551,1,none
C003636,0.018390786305258394,0.025422271326439677,0.024278363511442493,0.14395028428975415,0.04183008615028371,0.033835338397538606,0.04364934784705628,0.6686435221722267,4,none
C003638,0.52009767808831,0.013263013060109949,0.012515349373222226,0.012527573795443208,0.013279388239776705,0.33695847163140824,0.013263421876219615,0.07809510393551013,1,cloud
C003639,0.045079219816150116,0.011143316354337376,0.008998903339695049,0.06559618328837813,0.025186920641350925,0.012997117340406943,0.02910743838687007,0.8018909008328113,1,none
C003640,0.013486976396963413,0.189077914494405,0.012937057971555546,0.013341364214879433,0.2784024694992133,0.18511305467684147,0.24231082181034236,0.06533034093579952,0,music
C003642,0.03714350095787231,0.032086903708403204,0.033714520039250365,0.0303134924084106,0.036862611823403744,0.032905242134549983,0.03557404279409839,0.7613996861340113,4,none
C003647,0.005901000778439828,0.0249629668646537,0.20451246323588945,0.005316782691692203,0.015523395172072114,0.027414988896484572,0.009780587678270286,0.7065878146824977,0,none
C003648,0.16106056167527155,0.01762718964937772,0.016292123085543727,0.07434939308968432,0.21849153205467103,0.011438187460846438,0.38422611418810104,0.11651489879650424,3,streaming
C003649,0.019231874656436884,0.015503526596813947,0.052891742560339725,0.015065841928249344,0.7879053548931416,0.015267015943864147,0.025266637203035913,0.06886800621811827,2,music
C003652,0.02635527449076663,0.02415951131923246,0.025832562517978684,0.02615918340521761,0.02701324150322156,0.536532001880876,0.02653138994922862,0.3074168349334784,1,software
C003653,0.031041630765578677,0.15317484366571193,0.0336234224507139,0.28416802867648155,0.03300683211865592,0.034275832289423935,0.03409905367383623,0.39661035635959785,2,none
C003654,0.02362831164374766,0.024483152369418615,0.3969606549260576,0.11048980563091218,0.03845168339572963,0.15266702872847648,0.07751766369523155,0.17580169961042624,3,insurance
C003658,0.010380503672765039,0.02339454077824492,0.02183034986053038,0.01039137666201704,0.007105197157570774,0.012846646234090112,0.006928076203495626,0.9071233094312863,1,none
C003659,0.07239475497768619,0.009628160093675332,0.4654853710936051,0.012453697446404252,0.04847996435368484,0.299791662815182,0.03611575119427471,0.05565063802548762,2,insurance
C003660,0.14030187786485554,0.01621526539122387,0.016443664651766443,0.6340686881820343,0.05562567760631035,0.016223214921415992,0.056019139836386525,0.06510247154600692,0,mobile
C003661,0.009231521232884277,0.009513498810402109,0.008501645336532337,0.01013718128337552,0.09585143658224352,0.038153272325888485,0.7549607739774795,0.07365067045119433,3,streaming
C003662,0.3094396217231541,0.014731611890067175,0.014489512767415193,0.030004807248114707,0.014255972148415053,0.014353199347273051,0.013763842086323246,0.5889614327892376,2,none
C003663,0.1020996251725036,0.3160920217506715,0.034101159169681844,0.031018452879560156,0.09123267120478035,0.025933497079174802,0.1981664706846662,0.20135610205896154,1,gym
C003664,0.013785560534491714,0.012591133251631421,0.011829502191805896,0.011360456873560056,0.415644749939858,0.43960621883575757,0.015579737825358087,0.07960264054753725,4,software
C003666,0.08339649086637199,0.44562676540063795,0.009459496548782718,0.010286783481827266,0.010242325587640676,0.009932069852802112,0.3623610026915096,0.06869506557042754,3,gym
C003667,0.18039990863338004,0.5344749661283701,0.02293218968593201,0.022703263311714766,0.024838400125249946,0.023473666101839534,0.023567589551280528,0.167610016462233,2,gym
C003669,0.37237724066929906,0.01630977288165509,0.016877141967266557,0.015962211005316616,0.08272052165473323,0.29944839828642933,0.11038262979044193,0.08592208374485821,3,cloud
C003672,0.037216077225499924,0.03123039149080424,0.051161554877285915,0.03255947804857834,0.07159338364779824,0.03217667679285366,0.06127149422036884,0.6827909436968108,0,none
C003676,0.010517853665387275,0.01286387569651198,0.008530085023314189,0.16566796648904147,0.009954997807285714,0.06332066414143898,0.008483540320167838,0.7206610168568526,4,none
C003677,0.010915529103562787,0.01065190389618008,0.049073295227602766,0.145990736966363,0.09718159614203355,0.009274715927864191,0.6202896957234412,0.056622527012952395,4,streaming
C003684,0.01868805312951009,0.019273065763464055,0.27824879957124315,0.06349534743407556,0.07164667450911971,0.022661943348480974,0.42905397812129037,0.096932138122816,2,streaming
C003687,0.021711227319808242,0.021590039214348312,0.02050674930078584,0.3111319440915189,0.07354068681644738,0.33221094936605855,0.03144411605876432,0.1878642878322685,0,software
C003689,0.017908054825632055,0.01797285062247971,0.04041450079671085,0.01814514439851784,0.11693055199813324,0.016913883812335582,0.01644743863727351,0.7552675749089173,4,none
C003690,0.038961065203788676,0.49468830858436275,0.013407319288942612,0.015694529498439448,0.04785955527089756,0.08611974512836043,0.20329746657551778,0.09997201044969081,4,gym
C003693,0.013765795406436314,0.014109990411736054,0.014213508556953535,0.013253200497065671,0.03646988534729205,0.023574481094244246,0.042181109308482845,0.8424320293777894,1,none
C003696,0.017999361489437038,0.5421700053512363,0.021498254931636852,0.2965673402486947,0.020522293643228225,0.019725401571761364,0.021448921358632606,0.06006842140537299,4,gym
C003697,0.04315289545387953,0.04242092949150853,0.041108114869252074,0.04795097338826712,0.16645027692904235,0.04627953609770032,0.3711038831303456,0.2415333906400045,3,streaming
C003698,0.021138297691314617,0.02234512501433198,0.020536251297268143,0.02410752836775775,0.0982734576038693,0.3241023484949437,0.4051883144780365,0.08430867705247806,3,streaming
C003699,0.22294787478613298,0.12290710283148716,0.5466966343320729,0.011897195465944584,0.010688304935707469,0.010143367584869363,0.010404646966175981,0.06431487309760966,0,insurance
C003700,0.008612884927401206,0.009988516054727656,0.008263769307137299,0.007856575957739021,0.053130686495218606,0.8271372991407867,0.054537313599816686,0.030472954517172957,4,software
C003708,0.04883673733816227,0.06896437465200728,0.06858818361683498,0.030534791546383798,0.02397075250902387,0.02353466956637439,0.03663788552092487,0.6989326052502884,0,none
C003710,0.31158633574206374,0.04394782685871477,0.04569198706793092,0.04852132659640138,0.04664298362273928,0.044882513464270676,0.0437876311646504,0.41493939548322883,0,none
C003715,0.08938523152492794,0.007742499512542026,0.691807829252626,0.010433530295759656,0.01048610936602178,0.05428408233758205,0.010464727607751662,0.12539599010278893,2,insurance
C003716,0.06474495915610215,0.02047997975027895,0.02560096321895269,0.01790362044767477,0.014625510081812948,0.01495451638144768,0.057878636898326466,0.7838118140654043,4,none
C003717,0.22005635201168444,0.018175430837812714,0.11342817884063931,0.39768666031325756,0.047660138196528826,0.014441360664584008,0.056514688757326376,0.13203719037816672,1,mobile
C003718,0.09254658775106976,0.014672115340097557,0.015106550888369144,0.015000656821909854,0.6571068461669345,0.017562693178262152,0.10409336859678113,0.08391118125657594,0,music
C003719,0.2462144540783392,0.021450938168363277,0.4403904729102628,0.02233959834680957,0.010252472465777557,0.02046489103175184,0.010005617778969854,0.22888155521972592,0,insurance
C003722,0.058611242299343384,0.06932097929197659,0.0657361888078895,0.05804381699042259,0.06218709724624164,0.050357095445118266,0.01817040902174457,0.6175731708972634,2,none
C003723,0.3549485019223513,0.02525222721708701,0.025735762602294696,0.024285256340522338,0.021591911413125518,0.12128897153329166,0.02583362473094445,0.40106374424038305,0,none
C003727,0.12698601644068516,0.01314147236066631,0.061788977283579946,0.311801232337818,0.012842943053850343,0.38775138978731327,0.013280731862861175,0.07240723687322588,1,software
C003728,0.12929215306634423,0.021221948004014453,0.01990617015736995,0.022139889953627784,0.4750841659410481,0.03967754243010112,0.08071156220009068,0.21196656824740373,3,music
C003733,0.015482428156049392,0.016823004108882298,0.011950741565164263,0.012245171739158435,0.04622436946501575,0.008389234761473106,0.04707875692141915,0.8418062932828376,4,none
C003734,0.3847258380303005,0.014210223121150993,0.12673409917469847,0.013278537276288888,0.2867122448063729,0.016581003421918317,0.08678656603458682,0.07097148813468304,2,cloud
C003736,0.23547479585220787,0.015739209120979376,0.015041615655561363,0.5844087806860568,0.062316006658504425,0.01565707274812315,0.01588281410542879,0.055479705173138126,2,mobile
C003738,0.013394061114883275,0.01397618790786944,0.013074775353553048,0.14564776406373933,0.13383597425430546,0.01297771899228185,0.49413272916658335,0.1729607891467843,2,streaming
C003739,0.045903415343346854,0.017080431493496587,0.04213656453198512,0.014447864503220435,0.04001196814860989,0.2123292728921413,0.03996534169190566,0.5881251413952941,3,none
C003740,0.6728005136276443,0.013489590089034664,0.0142011095947151,0.013248947316070818,0.02387690758310974,0.011598702411139585,0.05403572742076031,0.19674850195752552,3,cloud
C003741,0.014133016232748406,0.018766700402700582,0.328725284990933,0.018657369382596295,0.01218785326815041,0.019357240353742033,0.0117929043059496,0.5763796310631797,0,none
C003743,0.01363946039346584,0.6835052145497362,0.05226993402639636,0.049036999155816594,0.013429566481401261,0.013176593244422857,0.01507355448939763,0.15986867765936325,4,gym
C003745,0.01978393438236877,0.03161376453373022,0.017212430703232834,0.017598751164140242,0.01679351460261832,0.02484640114340171,0.016319932836136457,0.8558312706343714,0,none
C003746,0.02775578200545182,0.017983330950370406,0.4350240650303753,0.018974918322928736,0.07683290655166986,0.06015818380333031,0.28499083661784985,0.07827997671802375,0,insurance
C003748,0.014682222281508976,0.017560557695218474,0.4506599662708022,0.3368515038786575,0.026303566555468977,0.017112472018060064,0.07698256244698146,0.05984714885330245,4,insurance
C003750,0.01545434176251945,0.01984856556508341,0.020634333155131697,0.15126154824788487,0.021189104916851012,0.01564071184218297,0.021357839475392538,0.7346135550349541,2,none
C003751,0.3915388539739073,0.14194703046894652,0.22276142323071096,0.016224802278694613,0.01507286140596028,0.0902972450838116,0.016075110325485944,0.10608267323248277,4,cloud
C003753,0.015964544348439642,0.2744060141199543,0.319164277715836,0.015155356698938742,0.01600864116632141,0.016103836842367915,0.017026745109863857,0.3261705839982781,3,none
C003754,0.019386413519805957,0.020555013576925605,0.020144701626899585,0.01993703089740671,0.3681609723649102,0.2736680702519243,0.11597535243894153,0.1621724453231861,2,music
C003756,0.5935485220925762,0.020415400229931942,0.01995945577720622,0.01831629452487464,0.02031160708799891,0.01973187883402095,0.041500361712764944,0.26621647974062623,4,cloud
C003764,0.16120156588422146,0.06955323647859206,0.04873885905926012,0.05261011441742562,0.04864118993442819,0.04794050714132634,0.051099065901142715,0.5202154611836035,3,none
C003765,0.010863546896386357,0.002213866789749804,0.06809665520274363,0.2393187070259875,0.10827306036895344,0.009682217740922955,0.4139222429190782,0.14762970305617806,2,streaming
C003766,0.039290061055056315,0.026702294161056545,0.02671809552962085,0.21606837858114886,0.030740912079681215,0.026993734552129986,0.03096460998673279,0.6025219140545734,3,none
C003770,0.149479338245679,0.01359628779419938,0.672363561702197,0.01575080413786985,0.012967212005106372,0.013005671723769931,0.012845189568185355,0.10999193482299316,3,insurance
C003773,0.024614414049493837,0.025409477891057086,0.2218512393699358,0.022783712743752314,0.027369096815215335,0.5018391937122294,0.038174305337724285,0.13795856008059196,3,software
C003774,0.03635545037294905,0.034629762173854876,0.024149972192357063,0.509248332348343,0.03418947807285096,0.021628358220271968,0.16696283599223682,0.1728358106271363,4,mobile
C003775,0.0461108663854483,0.01530419522905013,0.01699028307583449,0.012040772657004598,0.05638936511161651,0.015670628702618677,0.05845398550072002,0.7790399033377072,1,none
C003776,0.009748741834635094,0.007743628393927207,0.6380832789690116,0.008812757626727376,0.007509490325399911,0.262472904149832,0.007149975914293389,0.05847922278617351,1,insurance
C003778,0.32033399360464565,0.012900584081880903,0.004222567250893823,0.013768595376785988,0.013283871828303337,0.012878731639992176,0.013041682091802204,0.6095699741256959,4,none
C003779,0.004755272009398661,0.0535666201429823,0.01048395485481235,0.01106265802682042,0.12367376202946424,0.010137533076975022,0.18643274348677036,0.5998874563727766,0,none
C003781,0.5005015923533551,0.036149004293573074,0.03465110703764771,0.034698260410118795,0.03537738339143684,0.0361072830156411,0.038715533328349705,0.28379983616987764,3,cloud
C003784,0.02835425143763432,0.5147579191111753,0.026732404510773237,0.08253419884309218,0.050386761918058756,0.12499267318339814,0.05204410486424352,0.12019768613162445,3,gym
C003785,0.020527870499055623,0.019405816337350418,0.6421349373984592,0.019914566208134185,0.022844385984412494,0.17028964265343685,0.02638768356937382,0.07849509734977737,0,insurance
C003786,0.010044795386186968,0.010536385740148544,0.2898428195334245,0.020260535767574833,0.5108082352154019,0.0079707150309169,0.009700239154422082,0.14083627417192435,3,music
C003788,0.009744174018912454,0.014492351230781967,0.08844903421224447,0.013677307180210433,0.22841421216703778,0.4079408625777987,0.1540275885855792,0.08325447002743497,0,software
C003789,0.023507634961219395,0.02501723565944,0.02401034851643076,0.028372365065204744,0.046011174159279994,0.02383108190611472,0.06256952634330247,0.7666806333890079,4,none
C003790,0.01908537915848078,0.019512326288777762,0.019345433951793112,0.15753254796585794,0.014655754070783612,0.5021795392067222,0.012826190650688699,0.25486282870689586,4,software
C003791,0.02718201661351973,0.1296057568683141,0.02648897774386256,0.025399604674074813,0.10021430277575996,0.028751222607021377,0.031807986713067914,0.6305501320043796,4,none
C003792,0.019754367862631957,0.01873294370896499,0.1310000848842631,0.02100787429877864,0.1065363358519584,0.019094886416208844,0.6031121446418889,0.08076136233530515,2,streaming
C003793,0.011657601461907386,0.04585068912125618,0.21113223194344782,0.009974317329532047,0.04444379654765366,0.011084485804730851,0.5716656209220219,0.09419125686945021,2,streaming
C003799,0.010801713970536307,0.6407708534333925,0.010709087007222342,0.03094706295803363,0.04970643677672968,0.011809217829612908,0.18773464533726575,0.057520982687207005,1,gym
C003801,0.02345022480194895,0.022594023978422507,0.024760729922186968,0.3575265614759675,0.19075892188504157,0.03253690110568532,0.1348875279797116,0.2134851088510355,2,mobile
C003802,0.012200206725295006,0.01317991865566863,0.09379884621566117,0.012443498215049347,0.06160102837775188,0.012923942173494341,0.6928217521668736,0.10103080747020601,1,streaming
C003805,0.06780192567532202,0.02048263257407877,0.0183561743204716,0.02236003779509381,0.06538094164149306,0.6116828638690296,0.07055801617368819,0.12337740795082289,4,software
C003806,0.009291560149888627,0.12199946357297897,0.017392044740919217,0.03163342060873976,0.12480845904128371,0.10283887956691794,0.21970566365952032,0.3723305086597514,2,none
C003807,0.01115451881392156,0.011869142705845128,0.01183343202674837,0.14636034832140815,0.37803920551656783,0.045989123214605986,0.269853429211121,0.12490080018978195,1,music
C003808,0.05418908661599233,0.0529542795032708,0.056200072829533446,0.056201573522233345,0.05876664637554882,0.05714681829671067,0.058620200818766816,0.6059213220379438,0,none
C003809,0.032044187666006335,0.03144014441513171,0.02845143890643678,0.027521089495817355,0.1384166430139008,0.05088132140859508,0.42782175836834563,0.2634234167257662,4,streaming
C003811,0.01971656381356752,0.39739640486097605,0.01610576410859875,0.01556230493504612,0.06979570347871616,0.11704825226272993,0.27172395694705787,0.09265104959330768,0,gym
C003812,0.0194084862168764,0.01753860085253061,0.016996848162525197,0.016707974720272557,0.17591212239369464,0.026550306672124126,0.48398418087566847,0.242901480106308,2,streaming
C003813,0.01752693157014025,0.01562257178788448,0.014754832740748597,0.037600996076828694,0.09622328860575416,0.6217227498061471,0.09646434536013321,0.10008428405236357,4,software
C003814,0.03936990843497023,0.039247966117143845,0.052813300416078415,0.042293899078523475,0.27560088414763867,0.03752411623969393,0.2557364295741428,0.2574134959918086,3,music
C003816,0.03298595641493193,0.023570398061311455,0.13212614391743518,0.022375420856506498,0.021339540299324562,0.6374028949566451,0.025735293650045163,0.10446435184380004,4,software
C003817,0.7248338207610177,0.01615257352919401,0.018100000218768713,0.01557523238936177,0.019490730550599925,0.08850423923676537,0.018800828747777484,0.0985425745665152,2,cloud
C003818,0.03065347615274855,0.06651826820224829,0.024124466139339114,0.028489315664503273,0.07909129196391929,0.01981654614831053,0.6434736582534163,0.10783297747551458,4,streaming
C003821,0.018537588552955744,0.019682538847965256,0.3445867304819299,0.25260499369952605,0.028943478776524027,0.1818521166363253,0.026257593278701145,0.1275349597260726,1,insurance
C003822,0.02206589969857231,0.021660105442316162,0.022196578163950806,0.41778988594219074,0.02817113591968965,0.33643883027164223,0.02791461356544158,0.12376295099619652,2,mobile
C003823,0.020443179207833312,0.01884775932589692,0.05923452370355631,0.02274292534625002,0.02058175752602304,0.019763578789482816,0.019139687429043675,0.819246588671914,2,none
C003824,0.053752720300741214,0.022232158507432632,0.02075373510905011,0.02229478434978296,0.6585900086692233,0.02026938210973848,0.08200362138952513,0.12010358956450623,0,music
C003826,0.047589680905041114,0.046335353789710085,0.04535284320131301,0.41684353001061275,0.047111237874564386,0.045774969762174864,0.04624679412014567,0.3047455903364381,2,mobile
C003831,0.021963216379352925,0.01957876708458204,0.01791654714469585,0.02936672444404818,0.0485485517327643,0.026004387940591504,0.012035655626163676,0.8245861496478015,4,none
C003838,0.00958790561408984,0.00876441280657549,0.009291536362808252,0.035596690699048805,0.8278070031092111,0.012397095911144101,0.05451842139019275,0.0420369341069298,3,music
C003843,0.6129655079022024,0.019254468079115516,0.01902752209202078,0.021488258887735777,0.13396277226751935,0.01964915429823735,0.0713781322680898,0.10227418420507899,1,cloud
C003846,0.01997511884569895,0.01820123316106671,0.01804815611427607,0.17621893396414906,0.17609250272468707,0.029041261702965948,0.4239856705422961,0.13843712294486016,0,streaming
C003848,0.04862900978878666,0.4553503999401989,0.04754536204562539,0.19515512246620614,0.0261762139055238,0.046741386066933795,0.025711611485377876,0.1546908943013474,1,gym
C003850,0.01574313798508335,0.46275013759345435,0.37251160671009453,0.014487389425005742,0.015455673737731546,0.015648105312393586,0.016628595463952456,0.08677535377228454,4,gym
C003852,0.027677021272449726,0.03038179001299566,0.031093085814825783,0.029693545955764504,0.028364159017081118,0.6496398340037267,0.03172407098255349,0.17142649294060316,4,software
C003854,0.2153338403057018,0.021604993634729057,0.021612015999905816,0.020890491763043383,0.08619208939969938,0.02260127642106783,0.5230768754911627,0.08868841698469014,0,streaming
C003856,0.01673792874837291,0.8242567353969268,0.013808146682989634,0.0130670239507987,0.01443962596089723,0.013735097102471481,0.014613300491973083,0.08934214166557022,3,gym
C003858,0.022121577457292273,0.022636887673898376,0.022054805483145125,0.29984407356823856,0.12031381545730177,0.33087110970976297,0.04290979759266041,0.1392479330577005,2,software
C003860,0.10954202817515003,0.010608129647266396,0.024521176874156222,0.009893807392336562,0.009763029673095256,0.040601982068586916,0.022969359197209025,0.7721004869721995,0,none
C003862,0.04024703415056173,0.02831912466517537,0.01446224173195755,0.02985786571059732,0.0302540570040036,0.029948114476078258,0.6194273381458023,0.20748422411582385,4,streaming
C003869,0.02917363894409937,0.027827327479468436,0.02766480931201216,0.05238753039155841,0.027360673925314362,0.5517479344244746,0.10342119440150344,0.18041689112156928,2,software
C003870,0.015105676683753589,0.08788790756808933,0.014655479269464566,0.01636925749669829,0.01648718662364255,0.005703087553310989,0.016557497084045,0.8272339077209958,0,none
C003872,0.02693494383131937,0.024965956456017117,0.024863542055538278,0.023745151047611726,0.02740160460694012,0.10651903178024794,0.025679019858522487,0.739890750363803,1,none
C003873,0.01246342069458447,0.013159695435316846,0.01251614754018909,0.8207987782773161,0.013507612937159014,0.012411573798475857,0.013915797895490988,0.10122697342146757,3,mobile
C003877,0.02021755829027312,0.021031066873734197,0.02136765292633654,0.022587783063087785,0.14758707852715777,0.5519428055980885,0.1309813232850756,0.08428473143624651,1,software
C003880,0.013782623795569215,0.01707110662011708,0.033348548460949506,0.10140983405582145,0.05940469333548406,0.07575614698871747,0.03302429733541613,0.6662027494079251,1,none
C003881,0.013897548846113047,0.46463794770540245,0.014142646083538109,0.013804364116825285,0.02214324660670953,0.05989491862909117,0.3661789127510926,0.045300415261227765,0,gym
C003886,0.021760435244928267,0.09196950148247213,0.019677347041757887,0.6994463500072396,0.01240840847652473,0.019445411784026527,0.010956339576084625,0.12433620638696616,4,mobile
C003887,0.021242589904076667,0.7428346409726483,0.020120313597705494,0.02061961834815775,0.021578174632740168,0.021399375282488167,0.021971454699365164,0.13023383256281826,3,gym
C003888,0.5137674732283806,0.027830933313256652,0.026288237623077075,0.02461497205010036,0.0663968532013231,0.009346333375419718,0.13309259432701365,0.19866260288142887,3,cloud
C003889,0.7481974577547514,0.026896528480997568,0.027003959481037995,0.027218145355390216,0.031124731018409353,0.028101478691023273,0.027665575688841357,0.08379212352954873,2,cloud
C003891,0.049082519955103834,0.04969503697815868,0.05191040727419098,0.04732147899748801,0.02873238001345529,0.04718589734307782,0.020535917442678922,0.7055363619958465,1,none
C003892,0.10088638138961509,0.27118553628321024,0.21174145588031498,0.03843513836351033,0.10161386848006213,0.036877107565399365,0.1077914018356205,0.13146911020226731,0,gym
C003894,0.029948877735923102,0.3243864329668699,0.02924042621463574,0.027243310942766486,0.028489181054817944,0.3756393096182893,0.028883802217670042,0.15616865924902748,2,software
C003898,0.15216215865004745,0.01779006332676749,0.4669803476484814,0.016513296388243105,0.20019655979536288,0.016168499603472677,0.03346830871062031,0.09672076587700464,1,insurance
C003901,0.5221762398640806,0.13194141963571773,0.029298035700716124,0.03538903453986526,0.0628514813643938,0.0298605692410022,0.06074872325711134,0.12773449639711296,3,cloud
C003907,0.027193470288006942,0.012365103274270987,0.018037034114035178,0.5837148234720754,0.016984976116794892,0.030496930926462933,0.0995121526715298,0.21169550913682403,4,mobile
C003908,0.32472100584407965,0.03142975259958189,0.030874431165856364,0.029932478148349956,0.03014843380671277,0.06534988397443374,0.03247683534915959,0.45506717911182615,0,none
C003910,0.018489992633304725,0.01888825425416208,0.018803770383899437,0.20472906766109494,0.02486002764438918,0.563701014946175,0.02581661183405591,0.12471126064291889,3,software
C003912,0.1412291905599004,0.031524667982739826,0.022514047191535984,0.025979893502050218,0.02650699869364677,0.22647101952848103,0.10248742134444541,0.4232867611972002,1,none
C003918,0.0063575923489375685,0.012356726448570719,0.009050154716927088,0.014607681010701142,0.11292986274817932,0.0076410124987582985,0.032493594122719564,0.8045633761052063,0,none
C003919,0.022865516556533398,0.12532645884133436,0.022441465165775783,0.02134101499484313,0.022476139559730927,0.5590060201967377,0.023096419863958405,0.2034469648210863,1,software
C003920,0.06402076178943479,0.06470681622775779,0.062439892477295755,0.06297306724382988,0.07680819501108038,0.06899516788790067,0.0831453378278571,0.5169107615348436,4,none
C003921,0.02945162896565531,0.24159025691231512,0.030813995484820687,0.015767773591389932,0.013683979804740598,0.015343487202113183,0.011344438352245755,0.6420044396867194,0,none
C003924,0.02406685167657175,0.020168798262808985,0.020284254494982824,0.0622356545576607,0.14767963356819536,0.02248424693652585,0.29162726316915644,0.41145329733409813,2,none
C003925,0.019902775927201938,0.020448966497942457,0.2282640247950362,0.019818080392237952,0.2577168451394975,0.28879744126662016,0.09894714674696678,0.06610471923449694,3,software
C003926,0.02941523368619215,0.030886142312916982,0.03137631475555176,0.03031613532959116,0.07919117269005523,0.03239904654413578,0.654989217138744,0.11142673754281306,1,streaming
C003928,0.07438519103270547,0.007727451131162879,0.5404942427644128,0.007216409130389822,0.06102058124012254,0.24771555398313236,0.03386793893611678,0.02757263178195722,3,insurance
C003929,0.012353718683733333,0.010693312535749991,0.0056227771203988105,0.13387870142294572,0.011451143467047713,0.021981871596198126,0.7720856830541565,0.03193279211976981,2,streaming
C003930,0.034967365494664546,0.023042693058321725,0.0217358532725276,0.17597022648374036,0.02692709456517331,0.023125709109261726,0.038431074521617904,0.6557999834946928,4,none
C003931,0.020340583159412895,0.011250889661344929,0.009774340824322308,0.010103681803563499,0.7372808265585737,0.009582442564976569,0.17028120786595533,0.03138602756185078,0,music
C003933,0.035104685906646727,0.035972088335279706,0.03518498321468945,0.03455808345854548,0.010015404962233736,0.7135931432074065,0.01374289161283724,0.12182871930236114,2,software
C003935,0.3688109580672802,0.029097035020502027,0.028476999631162545,0.030191913618429385,0.34684464623419986,0.028776583526272853,0.09077852388733255,0.07702334001482064,4,cloud
C003936,0.1028278213872668,0.06630254334052273,0.25630829701244284,0.3491363760467904,0.013004728602526255,0.10102448407290772,0.011831143046547303,0.09956460649099602,3,mobile
C003938,0.12983929058497187,0.01467906220462457,0.08849096918485834,0.0135153551797959,0.22895123719003296,0.0169552180346536,0.4366609646099584,0.07090790301110442,4,streaming
C003939,0.033906776350910876,0.03198879069901782,0.03393605115996641,0.033984237546536136,0.03591205174076993,0.0351129712480724,0.2696249761965591,0.5255341450581672,0,none
C003941,0.015022014212334959,0.8032795724495521,0.01576349154935382,0.0186669766537872,0.015436513650772941,0.016274343222856168,0.016839553603599643,0.09871753465774322,3,gym
C003942,0.017309524343370415,0.016851614786386384,0.015371409299568501,0.01846753773003507,0.2122037228926346,0.015234320131963486,0.27205167642119416,0.4325101943948474,1,none
C003944,0.015148470535072345,0.016716935083500445,0.35240739701658985,0.01709844083707541,0.031076247936474274,0.43525948610087084,0.06990089945147446,0.06239212303894241,4,software
C003946,0.6501242774247495,0.012004967475465455,0.17119153395642134,0.010353268824545205,0.010985303372193536,0.008475762964344753,0.08454270742890208,0.052322178553378125,2,cloud
C003947,0.013034651524257486,0.11618223126455145,0.0127112065288036,0.6644074125402188,0.05236652572556398,0.036424367478731165,0.034454753253366915,0.0704188516845065,0,mobile
C003949,0.032024886888519115,0.030947616129478033,0.031630044716288296,0.07267693573114975,0.03319086098623711,0.3572706616556902,0.034311733969178325,0.40794725992345926,1,none
C003959,0.02013363704449582,0.42670286784098754,0.36472436520541235,0.019909287209491384,0.018196805449659362,0.01935496038761627,0.03709367757924849,0.09388439928308882,3,gym
C003961,0.2604336324222643,0.08478713039462088,0.43501573579486164,0.022782092853049954,0.023906997117188907,0.02269498373083092,0.02250119892869476,0.12787822875848864,0,insurance
C003963,0.020396377626205407,0.02345060808906049,0.02400222984625813,0.02246735769522141,0.09077622934139033,0.45212158761284293,0.05430986149608169,0.3124757482929396,3,software
C003964,0.02202565870080939,0.027132392503596277,0.021302778863514317,0.023762026897778822,0.31165970616681127,0.2809532218620556,0.1840724014134809,0.12909181359195332,3,music
C003965,0.02559091273191809,0.31003253199719255,0.3501802162561613,0.02548438960935702,0.05703330452077422,0.025204746131783834,0.10767245707265213,0.09880144168016088,3,insurance
C003966,0.8025741330751446,0.014387750519242359,0.013917056658250607,0.013740600087142167,0.014171939957515478,0.04409427115772857,0.014295578603466266,0.08281866994150991,0,cloud
C003967,0.02448651454211203,0.13522289337130106,0.5019044238634169,0.012721376218754011,0.009514710080644913,0.23888679799312285,0.009727970335839928,0.0675353135948084,0,insurance
C003970,0.013891071038126646,0.014015766799449178,0.011152854284202679,0.015107157777102531,0.2772307656356845,0.40249631674893827,0.19666474812083598,0.06944131959566024,2,software
C003976,0.13400671473188783,0.0062000374565798185,0.008881251662826457,0.01806091553103973,0.03862207104076425,0.015817118333839236,0.012441550452773996,0.7659703407902887,1,none
C003978,0.025151393870251663,0.030446231436002634,0.01760562101008218,0.011953911615270714,0.5532613699194024,0.01729403638381833,0.23051110230531463,0.11377633345985737,3,music
C003980,0.040472181056225943,0.04505247578968357,0.021550861011972625,0.023377345826648993,0.2306266237178703,0.023230356658304863,0.43191700457756776,0.18377315136172592,2,streaming
C003981,0.31828635344954986,0.01703725664523062,0.01536389369039325,0.07834041197875231,0.01849796036392702,0.44827454974128833,0.01929140131322306,0.08490817281763563,3,software
C003982,0.019594325014559422,0.02048249498720706,0.02021859131391236,0.6175227597613008,0.11395743576423403,0.09974209378798128,0.043942234773940145,0.06454006459686491,2,mobile
C003985,0.01633762546299089,0.07101329389735468,0.015351427498271878,0.09164944218944426,0.2098108009062955,0.014486162600480272,0.5048118400134006,0.07653940743176187,3,streaming
C003986,0.01956955004299884,0.772351012443039,0.020917453805876292,0.02084739919234091,0.020406190495557842,0.020288567699410186,0.021173531683062033,0.10444629463771485,0,gym
C003987,0.11566098570286153,0.015064165060268886,0.07573071112474647,0.011973557577255718,0.011427458751766663,0.010378644807799504,0.011370187064354734,0.7483942899109465,4,none
C003988,0.03217642955877805,0.034295161329809774,0.03506082411000987,0.17583727787149606,0.15601456556350746,0.04281023982608241,0.272336228055602,0.2514692736847144,4,streaming
C003990,0.03370759428184549,0.0494961645223526,0.05039675583791736,0.03974527628112928,0.4657616049962177,0.040965897206563934,0.11299854614249608,0.20692816073147766,4,music
C003991,0.07050656126234219,0.08593678297998752,0.0692778424141878,0.07038731754189168,0.0749755536703823,0.07419696599210682,0.07108110751329219,0.48363786862580943,3,none
C003992,0.034776231723027184,0.03650974867695862,0.037616165560999046,0.035356520163606436,0.08541588700061778,0.0376209718043411,0.6354462760028159,0.09725819906763397,2,streaming
C003993,0.01805593793339809,0.01007256184821468,0.11082152343194217,0.01677010032289243,0.019323482068361632,0.7293907722398993,0.016623051526478493,0.07894257062881314,4,software
C003994,0.04628838066134658,0.04497183495579406,0.04290996366318754,0.07464663503843584,0.06496668625134847,0.07836123897501751,0.05568703586470606,0.592168224590164,4,none
C003995,0.060584808563768,0.2753235063498997,0.018631512749386046,0.01820744592691841,0.01620027640691895,0.18694289161190777,0.09493355780208462,0.3291760005891165,0,none
C003999,0.7725903521010236,0.02319253176287995,0.02220932302583146,0.021383564781944885,0.02228986850237169,0.023392420994251498,0.021147619991227558,0.0937943188404694,1,cloud
