client_id,p_cloud,p_gym,p_insurance,p_mobile,p_music,p_software,p_streaming,p_none,fold,predicted_next_recurring_merchant
C000001,0.027821034605390014,0.03684170198674565,0.1262100060165609,0.30508038359398637,0.07629877281527925,0.02578035736772972,0.2550077456012933,0.14695999801301488,0,mobile
C000005,0.03518979462936203,0.2108397615875509,0.03485201566497664,0.4587313299610766,0.036039204321317284,0.03418731927391837,0.03815537003118408,0.152005204530614,3,mobile
C000007,0.5074563938371847,0.019927290331489052,0.018252817517141254,0.017150389220398157,0.018269482940704386,0.033903727135677894,0.019177704725636437,0.36586219429176825,3,cloud
C000009,0.0668445269999465,0.01277678975997119,0.012008503038572158,0.010746949455208096,0.00938578813176167,0.49393336499801177,0.3540468254749617,0.04025725214156684,4,software
C000012,0.017275260940269224,0.01726132264519216,0.017255736903738095,0.01627150997883404,0.01615322831602298,0.8439584235819932,0.01831897216168113,0.05350554547226914,4,software
C000014,0.46482189758843523,0.020276425803007328,0.019412531894880375,0.01899371138907474,0.01939055066008552,0.35361216130502415,0.019632833690123447,0.0838598876693691,2,cloud
C000015,0.02081701316752496,0.021767656718000596,0.252526288007581,0.02119145610682517,0.02256624660448755,0.022983053466080473,0.023179881271487353,0.6149684046580128,3,none
C000016,0.02528132817409865,0.24287132115620338,0.5782860098615833,0.02435535606267674,0.024861928135524274,0.024615764731397094,0.02567348788952683,0.054054803988989666,0,insurance
C000017,0.02819867251389533,0.02513109043877336,0.010781602258758217,0.33127045872700805,0.053902344915361056,0.027638810218891953,0.3775562458937425,0.14552077503356944,0,streaming
C000021,0.04823610987354278,0.048786750882274785,0.047262061362405086,0.19059308193064123,0.049434837369097887,0.24277740465838665,0.2539596055463049,0.1189501483773467,4,streaming
C000022,0.027134879497176863,0.026768913100731026,0.026030214570599133,0.023914362226312085,0.029580809726541847,0.48176716909221085,0.27387942651974795,0.11092422526668023,1,software
C000024,0.020027247796534565,0.7058624972174865,0.019396097380758277,0.019042353020513537,0.1314025387294825,0.023151260630327228,0.04222848361507611,0.03888952160982126,4,gym
C000025,0.7813638607842583,0.019719849795160952,0.021290420191344788,0.007426422430670845,0.016180048421008796,0.005602531829742352,0.022892651521873197,0.12552421502594063,1,cloud
C000026,0.010735905566065292,0.6325623498442856,0.05408980380625529,0.10971175334852562,0.009631579721634068,0.1314024785899985,0.009852119031240496,0.04201401009199511,3,gym
C000027,0.007993280353102396,0.027411132836456773,0.007336381878517427,0.25232175497481524,0.5998436686233628,0.0549197898596515,0.024707941558839902,0.025466049915254002,0,music
C000028,0.24328936261626935,0.3065237455631506,0.01321843817070693,0.01230800417591798,0.020435329882725815,0.27539630776792157,0.014928478104231823,0.11390033371907587,3,gym
C000029,0.08663692292350524,0.01617697194899937,0.015510531830643475,0.052862334004301674,0.5540408562291252,0.13168002203180387,0.049834527684457244,0.09325783334716381,0,music
C000030,0.23794231152066733,0.038672225704081686,0.15219257153546942,0.037715560773333705,0.1033461016217359,0.04193509876242354,0.04436454467281265,0.3438315854094758,1,none
C000033,0.05920969314672034,0.015149011137141968,0.013755173994786483,0.014144069485621136,0.1197531511649014,0.057793689995174105,0.40482287771710046,0.31537233335855414,3,streaming
C000035,0.05747162443873184,0.21165568934337958,0.05664544995980611,0.29132195431443286,0.06613515955564973,0.05957541789454723,0.06020897242165414,0.19698573207179845,2,mobile
C000038,0.03180606188716624,0.030376802562107834,0.03084527746486848,0.02949035401856106,0.030438824510087045,0.6758692448382153,0.030912655940961292,0.1402607787780328,0,software
C000039,0.04185583104842739,0.043621917918610364,0.045287018669290774,0.04304792323269077,0.04778507890941465,0.04453563979295811,0.04238372079011854,0.6914828696384894,3,none
C000040,0.578186979944157,0.2666023361808841,0.011293032914198411,0.01689195593282991,0.01772217268518427,0.01764175980386151,0.017302779099794233,0.07435898343909061,2,cloud
C000041,0.0072834142249717185,0.007864136480561064,0.8797649054302037,0.007316784176105376,0.060937779655084276,0.00743228450082564,0.006993580517332885,0.022407115014915265,4,insurance
C000043,0.007211721802544185,0.0068527380320175585,0.010267383295140002,0.006798286425812626,0.03545901326141092,0.020793240635918354,0.02795534222065696,0.8846622743264994,2,none
C000044,0.034512563814428375,0.03638329716589398,0.038011823307206094,0.037638992201376495,0.15201834774252626,0.040731990352122015,0.10771845341263028,0.5529845320038165,1,none
C000047,0.021425645368915364,0.49864968842488727,0.020414826445003514,0.017973382546881727,0.2058842482920507,0.026418592200848277,0.08442384352623437,0.12480977319517873,4,gym
C000053,0.016884857675091704,0.6047670530378544,0.03894859666517573,0.03788728626046875,0.039472419090431664,0.03889779848286872,0.038477069962006935,0.18466491882610225,2,gym
C000055,0.06280455445076386,0.06405632010798565,0.0630082696689795,0.06285936085558491,0.06392460838491293,0.3032636299644758,0.07005204449241921,0.3100312120748781,0,none
C000060,0.029402615310220294,0.03068119507462428,0.7281275352458212,0.030025838730491458,0.03131873108218244,0.03140194649860527,0.03419450939860662,0.08484762865944845,1,insurance
C000062,0.0630332189763811,0.009972803895424947,0.009305162777310876,0.04573815068548204,0.01030509087140926,0.00669047560582956,0.010005248244801486,0.8449498489433607,4,none
C000063,0.032700682292297084,0.03103744530862903,0.6655871386242187,0.030452565872406218,0.033002406753480255,0.031451018164051464,0.032020119632790944,0.14374862335212615,2,insurance
C000064,0.02570875499073893,0.026240127497625075,0.11648976672259395,0.04692686582615404,0.02543419701945126,0.6116940258812993,0.026969768905927,0.12053649315621051,0,software
C000066,0.15788918639697058,0.05869601162559095,0.05950511905124613,0.06002702256038083,0.20368968355758646,0.06246346529483266,0.20727401370134324,0.1904554978120491,0,streaming
C000069,0.02973942539794544,0.015700820895481037,0.09398330767961612,0.05208373625163296,0.020247388444268842,0.015693115816643483,0.04251860507780806,0.730033600436604,4,none
C000072,0.014639930025287823,0.014409515091659053,0.013894950172145298,0.2578406406730588,0.028947515593868583,0.5469475683423309,0.07598637311149199,0.047333506990157447,2,software
C000073,0.010181744606061511,0.01094789471860792,0.016886109188075066,0.010558253765980007,0.21621144830513198,0.012708888943757886,0.05988599935441655,0.6626196611179691,2,none
C000077,0.21520743846038565,0.0103616199772337,0.01283871377567322,0.03399886402401328,0.011409673105771687,0.010270643879554604,0.011004585421158694,0.6949084613562093,4,none
C000078,0.01409543718987608,0.015073822517433931,0.40240258156420144,0.013526866837614785,0.39423859471559963,0.013647325243372865,0.10151512057314968,0.045500251358751555,3,insurance
C000079,0.01263864416161955,0.536113825004947,0.010457304946698392,0.16491244511956182,0.012451323334211716,0.2046012557337717,0.009192939990453569,0.04963226170873627,2,gym
C000080,0.04376533302682113,0.02012273008231347,0.020007425725463438,0.01698586907345871,0.009921912168517672,0.03536065684241143,0.020075172473505258,0.8337609006075088,4,none
C000084,0.019205668567451203,0.02049197020644931,0.0793488648037425,0.041482507912639084,0.02106378098058972,0.020963748296445726,0.02104687121582133,0.7763965880168611,2,none
C000085,0.02411825408510265,0.022019288639388318,0.7699228473324717,0.02037948688393275,0.02206083558272587,0.020729814947680638,0.021632934686752186,0.09913653784194583,1,insurance
C000088,0.14533795107061281,0.04647707186461475,0.6591466666376533,0.01915487523195928,0.019532517238198578,0.019508398012715273,0.022806259173053428,0.06803626077119257,4,insurance
C000093,0.053545773900557946,0.00821324588924847,0.05269808095962358,0.007093085304305613,0.014916042301032178,0.0100404367160036,0.01257618928456069,0.840917145644668,3,none
C000094,0.7178446728172914,0.03075593593978765,0.04560580869706728,0.02817829147569754,0.021261310463178442,0.02810866930681354,0.021501827316125426,0.10674348398403889,3,cloud
C000095,0.040887508790785045,0.008932442094770371,0.008624108498405976,0.7409665039201405,0.045955359045436156,0.06318551062250426,0.060519024166775875,0.03092954286118183,0,mobile
C000100,0.02746694205379719,0.654731872624178,0.11158233336888332,0.02780421846086844,0.027951538629042177,0.027829527932771225,0.027150836787948027,0.09548273014251153,0,gym
C000101,0.01452045360040815,0.020874162993778478,0.01523412181127386,0.015754228368605613,0.02199279496099068,0.01594683287160711,0.02258227998249183,0.8730951254108443,2,none
C000102,0.03818427197971405,0.4928182973155204,0.03575805500573672,0.0352892108234849,0.036003035632102484,0.2302251424634923,0.0353627796978688,0.09635920708208025,1,gym
C000103,0.023365739288512814,0.02378446817672275,0.34112820535741595,0.1637250981746179,0.27327664032229515,0.09442519483999225,0.03737955325288897,0.04291510058755427,3,insurance
C000104,0.019917162216009025,0.02031506972017594,0.29215629540559684,0.01900940138801816,0.49667108842945973,0.019839868206097958,0.04502219887819757,0.08706891575644482,2,music
C000105,0.007239732152026172,0.14942390342484585,0.03870496956194863,0.007205215839384707,0.026541000784102115,0.007215525294403988,0.7414577409963806,0.022211911946907987,2,streaming
C000106,0.029363008542337147,0.024890962363918523,0.02430194739824676,0.02908610515223829,0.09908215381138935,0.02319594118451848,0.6827052498518242,0.08737463169552723,4,streaming
C000109,0.4819239528713707,0.015810804889394528,0.016106721900339967,0.015006407965930332,0.01567469860570633,0.4005279056938055,0.016635915310938863,0.03831359276251383,1,cloud
C000110,0.01318812501035728,0.19435597402065952,0.3942448508339088,0.20030969088276096,0.04720922460542097,0.012840757633612808,0.037730380206301345,0.10012099680697834,2,insurance
C000111,0.026698900248475505,0.028371067310038578,0.47533753670784007,0.02730971725420392,0.02797099614910251,0.027695003807867456,0.25760314090030756,0.12901363762216436,3,insurance
C000113,0.03881092380116975,0.03834177546414512,0.038011694999151135,0.5559179916399581,0.06080368769880788,0.07175143389806647,0.04189973340334463,0.15446275909535687,0,mobile
C000115,0.14373968742059803,0.038780307814676444,0.03834770650360282,0.035971675749301144,0.10531146709056427,0.45346431084520644,0.09040720732913374,0.09397763724691716,1,software
C000116,0.12403913122731124,0.010784645706698098,0.7339589847271557,0.010107075746690035,0.021523415488046732,0.01077103022168742,0.05089309467254857,0.03792262220986222,1,insurance
C000117,0.023007277738435965,0.6954187711951676,0.022296904096807957,0.020994704835627945,0.022467511214272106,0.02179973391785919,0.02234616785476697,0.17166892914706214,2,gym
C000119,0.17455526906633823,0.018500549335258267,0.01780523621561237,0.016902859884475374,0.09039608418088035,0.018755427523719843,0.6012120562326451,0.061872517561070525,4,streaming
C000120,0.022106317401422115,0.7455354710446201,0.021226671775833827,0.020874963360738602,0.021663618053878734,0.021281624669553204,0.06443929308134622,0.0828720406126071,2,gym
C000122,0.6271118060995301,0.02980866008962875,0.028391813768590596,0.04805278981752494,0.0290021883865392,0.028768183889237887,0.02839225599730012,0.18047230195164843,2,cloud
C000127,0.018575247645746314,0.07528866917594976,0.021774238705944245,0.020720342041326157,0.021233248501674337,0.028242819242269367,0.009338024408860793,0.8048274102782291,2,none
C000128,0.040972707364728675,0.04295566776611241,0.044119346569035656,0.04637943417047284,0.4804142360039647,0.04244862560957612,0.11265477506987179,0.19005520744623783,1,music
C000129,0.1606799462658304,0.016109720143473095,0.014736607548032774,0.014481841928016631,0.01369656495485892,0.7198005765413376,0.021797939898544463,0.03869680271990607,3,software
C000130,0.03317056616466949,0.032029870125664536,0.0401697221698628,0.040850753418233014,0.03421652524868148,0.034044966402736604,0.032763225556928295,0.7527543709132238,3,none
C000132,0.012838093015755595,0.015427054692223358,0.012346984104491959,0.34426290785922586,0.1847833235988706,0.33966034328589745,0.05788435002008182,0.03279694342345339,3,mobile
C000134,0.1781891206323723,0.013728288227115693,0.3660679709118889,0.01606316674848048,0.10682531801369469,0.013065709668526765,0.2554591563431028,0.05060126945481847,4,insurance
C000135,0.1560090586429306,0.017127062004407494,0.01655360557531903,0.020605557307710316,0.006950033600826673,0.016749823602703186,0.00967131793460613,0.7563335413314966,1,none
C000136,0.008565384652416285,0.0196682281822627,0.12290619434853768,0.022257381324310176,0.08668983018704583,0.02564494713319738,0.0810556582707122,0.6332123759015176,3,none
C000137,0.09676663801684411,0.03214171581734654,0.032049271779076086,0.03238248828942849,0.1346612712881231,0.03360327406909189,0.4148111426387576,0.22358419810133212,1,streaming
C000140,0.05375112736639567,0.12875912886516,0.056715515615039944,0.05261875657444008,0.05331350380954888,0.28483536128765113,0.1665343315054467,0.20347227497631754,2,software
C000142,0.11756620197024323,0.008813662368669905,0.009361147604853272,0.582417723416313,0.030185637709737954,0.009245402487594966,0.1962017589008987,0.04620846554168892,3,mobile
C000144,0.02741491902298427,0.029919932040436983,0.029180245875443267,0.028360252542813907,0.028961028711217314,0.6791431279737055,0.028642100695907627,0.14837839313749107,3,software
C000148,0.0795447897233807,0.09629310321452053,0.012273082404507661,0.11034782473231636,0.056205063532510535,0.01171848380591995,0.6047514290194662,0.02886622356737813,3,streaming
C000149,0.034844990783262836,0.03587541499671465,0.0341154294367849,0.03755512978627876,0.12960883834849798,0.03896289781393697,0.5571306172639736,0.1319066815705503,3,streaming
C000150,0.030663823243967443,0.029550428077332488,0.027816762288435624,0.030107553506136232,0.08464708568768509,0.5794045437910587,0.08863401938767507,0.12917578401770952,4,software
C000152,0.6668087368058009,0.026363719782456174,0.02489857389009779,0.023838196808456537,0.08276074599561685,0.02428284871305755,0.02699820175646216,0.12404897624805213,3,cloud
C000153,0.019400605289139516,0.021136576431236814,0.021560899059355293,0.7679947109727803,0.01873195966440245,0.019423188349521378,0.018942192261336692,0.11280986797222764,0,mobile
C000155,0.013546369867915808,0.014435414838435483,0.016161220059491707,0.015513861183206417,0.020224584431708235,0.011862880757984525,0.01978565392345839,0.8884700149377994,3,none
C000157,0.0553054158713064,0.05257367154257234,0.05492368397083265,0.05571269770076649,0.058953816778418475,0.05768765218858812,0.0557988339754788,0.6090442279720367,0,none
C000159,0.015016720757944569,0.014929442277915792,0.6504689212448379,0.033141611712336504,0.09480931716646326,0.013663025241559115,0.09808621995274247,0.07988474164620034,0,insurance
C000160,0.04893894489000652,0.048385304718498494,0.05160362403866045,0.05009192306651438,0.0557463278709671,0.05418383198303375,0.056759113105523534,0.6342909303267958,1,none
C000162,0.06407408206336718,0.024709246973112123,0.06778403728122172,0.027334784764950076,0.07194638663675579,0.18164358336590197,0.35554196944218064,0.2069659094725104,3,streaming
C000164,0.1726446871750799,0.01683066996558271,0.3591491265359966,0.016923819372762147,0.29171374181000514,0.01606310902725226,0.07663163210383413,0.05004321400948712,0,insurance
C000168,0.023775516931145504,0.2922130656379491,0.01669049689352076,0.01933357116272439,0.01754802133331583,0.17727497848475954,0.017862947263921736,0.43530140229266323,2,none
C000169,0.013961984664900338,0.02706023954660046,0.013577629406728579,0.2525553758568755,0.03584127591812445,0.010206670474311882,0.17529936375551078,0.471497460376948,0,none
C000171,0.018590664265034314,0.01758954855313889,0.017920644183462522,0.013596026336265686,0.03641637187457513,0.018759590903068703,0.8043312192455203,0.07279593463893443,1,streaming
C000172,0.03989982714521742,0.039558405526648355,0.04227748678618045,0.03943497109880945,0.041313687707512724,0.0425510248535853,0.03934236883572561,0.7156222280463207,2,none
C000173,0.0789860073280113,0.01432273385029358,0.1794423310186341,0.6270817537639746,0.013499160742099281,0.013517860694381009,0.014545102758657431,0.0586050498439487,1,mobile
C000174,0.054350347445846256,0.055218494555469455,0.06025657947286397,0.05515473336908986,0.05765231086824865,0.03947983062229143,0.05573954310036541,0.622148160565825,2,none
C000175,0.02045512765382386,0.02256614908314901,0.2514733001342987,0.021077449173353052,0.5553457805486509,0.021529181543011054,0.015171399336276287,0.09238161252743719,1,music
C000177,0.01852645590683178,0.015351631520562861,0.13642271035561002,0.4052728053574274,0.09617079126661512,0.015300668710722182,0.18282380086100591,0.13013113602122472,1,mobile
C000179,0.021924043670070968,0.24494983374939072,0.019833228683983392,0.0188125896396013,0.43507240001603714,0.01892665652001373,0.14803659499189162,0.0924446527290111,3,music
C000181,0.02564641942789729,0.07844407054341104,0.02529239602457179,0.02608675088123833,0.5522052279199734,0.0388133283810721,0.1640137439069556,0.08949806291488047,2,music
C000183,0.028924999696904204,0.28952077588168323,0.0302692763035515,0.4263550079328221,0.02917223309267237,0.029231067922931793,0.02873326440540562,0.1377933747640292,0,mobile
C000185,0.29026326150543436,0.5410673743422187,0.016961916302572044,0.017059423476487454,0.018035851953651837,0.017360606483428322,0.0175778223884159,0.08167374354779135,2,gym
C000187,0.010506282453524116,0.011438171007612121,0.47878003148814874,0.010716344208787445,0.4030199545922999,0.011058971018058375,0.03992587214367965,0.03455437308788977,1,insurance
C000189,0.0228995545582284,0.018158192770175347,0.01731383008731198,0.017381567674562174,0.04724475421940648,0.7523083165431352,0.011950402990807523,0.11274338115637282,3,software
C000190,0.5406572534897732,0.027908375451714165,0.029024394906417124,0.028812422399817923,0.02919466910754561,0.028442612079866758,0.028604341771969098,0.2873559307928962,1,cloud
C000191,0.014714164912558331,0.014193711238707597,0.014050999387910858,0.07414438640291411,0.22014445221296713,0.014564932574516493,0.5644711340113557,0.08371621925906966,4,streaming
C000192,0.014531341751972226,0.5189650104350495,0.07836143922917821,0.013542967136487737,0.03228048607010078,0.2453571190199334,0.022866167790970816,0.07409546856630723,1,gym
C000196,0.43911166085823106,0.03431668088808529,0.035120599325035425,0.0338816678029896,0.05297289680402282,0.03429977284546676,0.05344040528768695,0.3168563161884821,0,cloud
C000197,0.029292282649452307,0.029425046469804518,0.027657790361029187,0.027960401686106605,0.4955197316333233,0.04180049620326727,0.14229543937460906,0.20604881162240773,3,music
C000198,0.02970027407109649,0.029197938493017203,0.028069168772078167,0.019698833871287562,0.10763610285891322,0.010717454055835038,0.2361269932581766,0.5388532346195957,4,none
C000201,0.03819367999882699,0.6441474990850549,0.03726031159663697,0.045464060909208,0.03973314402393846,0.03953188284961931,0.040111586598758645,0.11555783493795681,3,gym
C000202,0.3165582805208589,0.3685003881490517,0.02164396166757645,0.009049666014860775,0.026450269516369494,0.1663353838981655,0.06730732829325996,0.02415472193985712,0,gym
C000203,0.021541136797446084,0.4565793071726508,0.023332780325629736,0.020478198608605284,0.022337783809118078,0.37290038469720294,0.022093674755570232,0.06073673383377687,2,gym
C000205,0.05065432650923662,0.014541753287820081,0.014738660894447513,0.04599396287638005,0.013991807162422884,0.011954826083330847,0.01321552881280469,0.8349091343735574,0,none
C000206,0.014418054028514888,0.015264289730839617,0.014320746572444486,0.1042507392479777,0.4555800705430037,0.14824821733335117,0.0322760462300117,0.21564183631385683,0,music
C000207,0.7079486184492683,0.1079077809484827,0.013296735411723994,0.08436372400765556,0.0131171333246979,0.012946455071908254,0.012567255854422471,0.04785229693184087,2,cloud
C000210,0.2247585441342835,0.05117571929262217,0.20599027883096166,0.23477233788964053,0.026337543602857297,0.02653962444347193,0.027805335792911615,0.20262061601325132,0,mobile
C000212,0.4376443390382061,0.21838831554629304,0.0557253015692759,0.16977552611655014,0.012188153301405455,0.011397619888379566,0.011824658624422009,0.08305608591546784,0,cloud
C000214,0.005914482056750809,0.017058662355859074,0.01777900630329644,0.06886029537348012,0.017760916109518913,0.03241086566674609,0.017567497597174717,0.8226482745371739,2,none
C000218,0.02199533772673065,0.05011453921019826,0.4057267123565167,0.010335006765831172,0.06959913426322305,0.02057061001005683,0.3215556440792693,0.10010301558817411,0,insurance
C000219,0.13105545448461733,0.3655110885584324,0.009172655147758946,0.08131545189765294,0.3163930735974292,0.008683394627287197,0.05621051928018317,0.031658362406638815,4,gym
C000222,0.01909364944000744,0.017843333582018596,0.019150360643745104,0.009027268231091382,0.01305146925908435,0.04211415616192254,0.011543689456203448,0.8681760732259272,1,none
C000223,0.7388622998572475,0.011678666294748064,0.01095490045621288,0.021656201891287342,0.07186890819159836,0.012186022888432933,0.043114152537752894,0.08967884788272007,4,cloud
C000226,0.013945987840627446,0.014860806114533567,0.8263683539293301,0.013544027537729975,0.014385372137385197,0.013809401696447399,0.013073534593044913,0.09001251615090142,3,insurance
C000228,0.010911980991432558,0.15042256145014385,0.42899697309977936,0.009548324613999522,0.33228754589552073,0.008883050481932598,0.01693961545048074,0.04200994801671059,4,insurance
C000230,0.031544250148829334,0.10244988040894948,0.5372220780356128,0.03025205808345475,0.03137243211477175,0.031050166078374304,0.030729447167687156,0.20537968796232034,2,insurance
C000233,0.014275749854930405,0.015339068223332575,0.09966558740944464,0.013383262177306808,0.7259016714117035,0.014523490344600013,0.06698657094491937,0.049924599633762744,1,music
C000234,0.14620949729025423,0.013504871786986797,0.013768003554743221,0.04405880417636943,0.6707381127427318,0.012847912698065027,0.05712852807817742,0.04174426967267211,0,music
C000235,0.03244344192890068,0.03187087619490481,0.0317558000213428,0.6049713361550815,0.0323810421882421,0.03155405425905255,0.0320302770551699,0.2029931721973057,2,mobile
C000236,0.023936828405316156,0.02378784493381375,0.02466484573469269,0.6352522523655728,0.01674849784064706,0.022676009228652826,0.12213674792300011,0.1307969735683046,1,mobile
C000237,0.6994695885249345,0.012844521263055752,0.012691306496350852,0.012702420277302754,0.15104556472830985,0.02491670339545749,0.049519784562052874,0.03681011075253596,0,cloud
C000238,0.023855159504612006,0.43468612328036743,0.024068240856476485,0.15913856850580282,0.22332819609986046,0.02264367993023967,0.024758329237129284,0.08752170258551183,0,gym
C000239,0.02189087570395664,0.023668760533513487,0.023356679165623055,0.023336424505890657,0.08256852649217403,0.6048000676897216,0.1540098280905378,0.06636883781858276,0,software
C000240,0.029687973193308494,0.6146410070413885,0.030513510379738994,0.029806711402000502,0.009533022912933693,0.031064896409799894,0.011436909443756887,0.24331596921707305,2,gym
C000242,0.014924137840789655,0.03932937334023262,0.014571593893280374,0.32759190812534444,0.01894715949233371,0.32069832859852904,0.12695785528070308,0.13697964342878705,2,mobile
C000245,0.04394852399221038,0.012737513357139551,0.012074970058287659,0.010647432190536002,0.03835987824640823,0.01105367351458544,0.15785760974328888,0.7133203988975438,1,none
C000246,0.8310740248299643,0.015800634137694128,0.015323303193967137,0.01511384243435139,0.01725087278311484,0.01570650363340586,0.016336913780185404,0.07339390520731705,2,cloud
C000248,0.08433733763020573,0.020211412873978096,0.6784596749397909,0.03215720529790757,0.017981608463060173,0.017198800250393616,0.017865904672725714,0.13178805587193831,3,insurance
C000249,0.02903029891427781,0.0359962307306029,0.03981725089427332,0.03723034032839144,0.04054612912754467,0.03665011943799666,0.036533866310622325,0.7441957642562909,0,none
C000250,0.4608687840150989,0.014553650557029015,0.013368158518686318,0.013913876314044945,0.015916450485066035,0.3921565048031044,0.01570726936344438,0.07351530594352604,3,cloud
C000252,0.034714999914659164,0.012953972269545568,0.007776762811520119,0.01734059706432499,0.012919042827484304,0.13858826828706805,0.02481399474392769,0.7508923620814701,1,none
C000254,0.04143120811858342,0.04239192156535772,0.3051744083416546,0.044645592506757065,0.045168829754266226,0.045930320569033706,0.24227943284433226,0.23297828630001505,0,insurance
C000257,0.2890492528717124,0.029569300813539964,0.028332267140169825,0.02958259422342411,0.38080818168838154,0.027587148374011817,0.12151845487347367,0.09355280001528665,3,music
C000259,0.02017309381252022,0.013163206142995794,0.09987929347361799,0.011998064374936723,0.7377119125630907,0.013453153254027891,0.0393634840943032,0.06425779228450759,4,music
C000261,0.015044673812880653,0.01579759050002465,0.016084839899970768,0.016541728545764696,0.022527841411914752,0.04148799290358794,0.0528723837567487,0.819642949169108,2,none
C000262,0.012835608048235192,0.012719361149276989,0.012534990729781254,0.1052796410163374,0.035390465912558226,0.012726575332676132,0.7382014341976633,0.07031192361347147,0,streaming
C000263,0.6234326598664718,0.1643200443477545,0.014936042657624948,0.014740690635629114,0.07576032288228149,0.01502094458005564,0.01560873701267,0.0761805580175125,3,cloud
C000264,0.020970323364680216,0.18184018385383427,0.02059438341826237,0.0701072329362907,0.4280990412829977,0.02158691831398224,0.09584063339154325,0.1609612834384092,2,music
C000265,0.01969650811562191,0.019399193945573254,0.018005177062797726,0.019087915131198875,0.01913587593771755,0.7826395178409247,0.02059480618592962,0.10144100578023633,3,software
C000270,0.04058317188363935,0.04252832633975993,0.04345988262029933,0.042528628263318644,0.2178560138743199,0.04592122711229531,0.050635800296649824,0.5164869496097177,4,none
C000271,0.014114929033003059,0.7041140968749104,0.18247486584136358,0.01343275329495501,0.014040318640213548,0.009526403083006979,0.013700405096805847,0.04859622813574163,0,gym
C000272,0.01836002210396343,0.5036451743263319,0.022990159222222313,0.3345836373631886,0.016206569807603027,0.015705371495159683,0.017111150470757064,0.07139791521077397,4,gym
C000274,0.02378495542846812,0.023090226772128877,0.023906401100446673,0.1183750857272461,0.025582657463493988,0.20395004894237512,0.02520910738812423,0.5561015171777169,0,none
C000275,0.0396941273251759,0.040462203669880126,0.09270750345626995,0.22893584930985042,0.040589403670807406,0.038355350719161206,0.03967219941582352,0.47958336243303146,3,none
C000276,0.010423267352326186,0.011043334105266388,0.010803024036874435,0.7746186051566428,0.010250665689079036,0.1284708463150947,0.010730404641252092,0.04365985270346445,1,mobile
C000281,0.008652338681542637,0.29098194500261376,0.648632853062837,0.007514817871616486,0.007889137752176874,0.006514085977641732,0.007039305960637902,0.022775515690933522,0,insurance
C000283,0.015070492927594015,0.016789068439124054,0.017999624269645298,0.019758619151797156,0.13203843717436434,0.016301270204269115,0.7058253819694471,0.07621710586375893,1,streaming
C000284,0.0237662121690558,0.0235221299798817,0.02446677296401578,0.6302824241042905,0.024322248517233247,0.1799223764314688,0.025260562024234656,0.06845727380981946,1,mobile
C000285,0.005898754373419921,0.011885446191066592,0.010308986907679148,0.01984096362715657,0.0254565876401087,0.016412125268792408,0.05772168304424033,0.8524754529475365,2,none
C000286,0.010457558568561325,0.01143436862899449,0.010290274635412358,0.21688695543206288,0.6401995898778388,0.009818732383765058,0.06894457020999173,0.03196795026337336,3,music
C000290,0.018000442094096108,0.020033691053539943,0.017700256149256063,0.6503331051631778,0.017891521749807085,0.01772672545766421,0.019285857782505966,0.23902840054995284,3,mobile
C000292,0.4003834617612736,0.020046547460486203,0.025917142173825816,0.024109525489968656,0.025266801761893047,0.0313220185950254,0.027877128936813843,0.44507737382071333,4,none
C000295,0.04427427950591009,0.23052142431352657,0.04662237079913825,0.044919735900633646,0.049186111966948276,0.049042597306539135,0.048379596552577536,0.48705388365472646,1,none
C000296,0.03887692604789339,0.1622746923931116,0.04256504034659967,0.04085173886864965,0.2586293630555561,0.044648335681135846,0.05332620646471223,0.3588276971423415,4,none
C000297,0.05756174055627446,0.05964695280140671,0.1334229736926579,0.056307384376194286,0.17758636475788478,0.05693351660401769,0.05676956634445176,0.4017715008671124,1,none
C000302,0.059912519850335084,0.060746750097313965,0.0656535619735084,0.06167899390608064,0.065101657802655,0.09952454604369998,0.06372404079570615,0.5236579295307008,2,none
C000306,0.4950734498725307,0.03346310784267719,0.033145417219507346,0.2600858015822233,0.033497175028923756,0.033063549269331124,0.03597879883412969,0.07569270035067685,0,cloud
C000310,0.054833135422067684,0.024288629664278225,0.028312263968396832,0.019633884800341915,0.009708767573272051,0.010538011427976427,0.011175790041613324,0.8415095171020537,0,none
C000311,0.1102106946098417,0.04999883213285178,0.04809448280677496,0.04881255164596099,0.05013986854299543,0.050500535861849896,0.05081197694669795,0.5914310574530273,2,none
C000313,0.21518353596140616,0.024497833800265136,0.023125778714481397,0.02242378595871223,0.15739207775892725,0.026047536137032333,0.44282829366959053,0.08850115799958493,3,streaming
C000319,0.6214712985854336,0.08583658995380501,0.020374494841277735,0.11503076682068537,0.01914377633796837,0.019143884916955685,0.01923083154535364,0.09976835699852062,1,cloud
C000322,0.034747084365388065,0.04627395842279781,0.023863826302092155,0.02746946627139398,0.6917001727252521,0.024016540129499043,0.07885319820474976,0.07307575357882722,3,music
C000323,0.10557085456577472,0.006784274943926131,0.8246411124729279,0.006719354122486319,0.005962704782158421,0.005781224983188104,0.005761783335263965,0.03877869079427444,0,insurance
C000324,0.01622766497724157,0.019576110234704815,0.03279324536875675,0.0747562325729964,0.026740835389990825,0.013223129281060423,0.026649841075451895,0.7900329410997973,4,none
C000326,0.023532578247930997,0.02209664667098988,0.022578934474473063,0.02229509760552265,0.6128463192231053,0.02212302295682489,0.1361583322031781,0.13836906861797524,1,music
C000330,0.07622147620329114,0.3650583252064774,0.41646666365231033,0.010573254323314457,0.011741175587646493,0.01062394036395348,0.07797416114210669,0.03134100352089998,0,insurance
C000332,0.012218300017193793,0.013266553603410926,0.013445871448136389,0.23794713404513312,0.012059802986155981,0.022548421694410105,0.011448578876753285,0.6770653373288065,1,none
C000336,0.019064834787395478,0.019659814017294185,0.09143409062179594,0.060660519666527024,0.1442737623562277,0.01810751544571032,0.5986580596755113,0.04814140342953808,3,streaming
C000338,0.3579010950712868,0.013152077534076321,0.013208027339940321,0.014200257545511318,0.01484066319782167,0.017969571980941193,0.01482338024775183,0.5539049270826705,2,none
C000339,0.026880932185768393,0.02467533067345198,0.025571155455641495,0.025001111007284953,0.028028702203476055,0.6209116151211239,0.02598845556027593,0.22294269779297732,0,software
C000342,0.03160707653680454,0.031053350412231614,0.029846959726569595,0.06230420083406121,0.009084553670122331,0.6370725852884052,0.010803325519333577,0.18822794801247195,2,software
C000343,0.6277559411878494,0.2291330249261446,0.016139140814184907,0.007033133224157034,0.015354193563446597,0.015178205057631042,0.014812925469673745,0.07459343575691255,3,cloud
C000348,0.4544745317431139,0.027393868473417352,0.33460827550772054,0.02584100978102956,0.0321094067993569,0.026178619283694256,0.027728387681778932,0.07166590072988868,3,cloud
C000350,0.09465999820473675,0.020556199402667,0.020585884685282677,0.019296945247514557,0.32947633788435315,0.3282290894345496,0.10074774221788013,0.08644780292301618,1,music
C000351,0.02632424497588038,0.020564097030501834,0.021562895482132374,0.018791264025044635,0.022120294062669188,0.7843669302663208,0.021522035768633915,0.08474823838881682,1,software
C000352,0.019769468991092096,0.020235820404540632,0.01980517489835157,0.018551804245722232,0.13812495243976533,0.01864656697523818,0.6225360904311337,0.14233012161415637,1,streaming
C000353,0.02963860047626243,0.03167405954784913,0.032328935991706324,0.6585478040262518,0.05647011487603323,0.030945250431135808,0.03150777227786627,0.1288874623728949,2,mobile
C000356,0.014043448647669328,0.014350310324264107,0.5129330323939614,0.34270466677038924,0.015229667319249228,0.014946281631688903,0.015123022163873923,0.07066957074890394,2,insurance
C000358,0.4266771527391081,0.07161643131172844,0.07117617677627748,0.06694399385387573,0.02375243060893498,0.10588961514140985,0.027103017351660496,0.20684118221700493,3,cloud
C000361,0.20793565396988026,0.017264961893166585,0.058326813700942885,0.014450169669585091,0.004943418317450328,0.6113352356660591,0.019101935386770696,0.06664181139614503,3,software
C000363,0.02213496990622068,0.018817010302453835,0.017831506951638855,0.2698487672004698,0.01791007391965796,0.5115031693524457,0.01777546087267335,0.12417904149443992,2,software
C000364,0.04018346538870686,0.03845251289581468,0.5216054976746358,0.05577201575300905,0.03760459566764511,0.03647606938191716,0.037700766723126014,0.23220507651514516,0,insurance
C000369,0.031564118538402956,0.08522665252445139,0.15787723955781863,0.037206468104626814,0.033296008211726846,0.03294928881065543,0.03209210517211133,0.5897881190802066,2,none
C000372,0.019534269056438628,0.019678796667404876,0.02189791277657221,0.01999381632387133,0.02270164938052747,0.020738046894051895,0.27908201526790255,0.5963734936332311,3,none
C000375,0.02042413595137335,0.02067933601476092,0.020970744537202282,0.020543388180934073,0.026752219847261442,0.773018182603761,0.027578355351339786,0.09003363751336715,2,software
C000376,0.035925149262545905,0.058687670699509906,0.04633777835587276,0.37130388657015595,0.034006831470001136,0.12671110507308841,0.034736183146580425,0.29229139542224547,0,mobile
C000381,0.02098903764682853,0.029317461714730698,0.027301688833877708,0.45454571948034317,0.0302853697140687,0.22226341519754073,0.03397176593911795,0.18132554147349264,4,mobile
C000382,0.012988751075408839,0.04799535562214993,0.012925310292143149,0.3850722384117864,0.22634848025190552,0.09142771882632858,0.16645226828132653,0.05678987723895104,1,mobile
C000387,0.0183833304276249,0.01442542598707401,0.030367529226559133,0.011725009166922084,0.008142608278825157,0.013470623145446649,0.128822403269566,0.774663070497982,1,none
C000388,0.01733375246209615,0.05013945407780966,0.017961487950509912,0.02128525045086296,0.07936638378117411,0.017461226541579545,0.029919958132256178,0.7665324866037115,2,none
C000389,0.024804617656473703,0.029065290457805183,0.029227594312044997,0.030080885355923334,0.19778320755979611,0.029581607559010258,0.2532746026449535,0.406182194453993,4,none
C000390,0.014872506950535273,0.016914985333267275,0.017193798052594012,0.018403490642347354,0.17947924024904796,0.018377722001270046,0.6893988716155648,0.04535938515537331,2,streaming
C000392,0.030975431652697692,0.029675783119658426,0.02664988344276576,0.027502234826838043,0.11234762175462534,0.02820102728093598,0.6358271160616098,0.10882090186086897,3,streaming
C000394,0.021865023037582084,0.019412064872811607,0.01963956126578945,0.019152623529452347,0.1777388459979391,0.024901489182923765,0.11601385099245769,0.601276541121044,4,none
C000400,0.03223441864025555,0.013363824772506746,0.012424078016288703,0.034128268175451365,0.01207634260655718,0.025731404919382743,0.01205482391451795,0.8579868389550398,3,none
C000401,0.10443374231472632,0.021802766064293353,0.022306725167381396,0.021067776892546013,0.021504853060375216,0.020075130772172194,0.021491644520382845,0.7673173612081226,0,none
C000403,0.03727386964248966,0.039123689015485505,0.5418228132854869,0.037504829983780366,0.037629096229360476,0.16856515561882346,0.03896331887121588,0.09911722735335787,2,insurance
C000406,0.020367134040694145,0.0223032971372597,0.022059287876395297,0.16288580929580274,0.02904416797082252,0.019802200497557168,0.6446668766501409,0.07887122653132757,1,streaming
C000407,0.01615972846933023,0.3941192818360084,0.01601923876617117,0.015959735055185904,0.07468317231003942,0.02435655622969993,0.4055297100766765,0.053172577256888495,0,streaming
C000408,0.024484286369397656,0.025111734435913937,0.1702042042391338,0.024936473257512595,0.028671709619219214,0.02895093964263695,0.027959154494680272,0.6696814979415056,1,none
C000410,0.0182015989497691,0.31517577677462416,0.0621843648780377,0.13765766725849257,0.34956278071616564,0.0057007798740362926,0.01874547249194788,0.09277155905692669,1,music
C000414,0.029887446276862264,0.031789654373003164,0.030686095214133558,0.1643263398563419,0.034550950082863664,0.034574148073602415,0.05328152899585156,0.6209038371273414,3,none
C000417,0.018386779843035567,0.01872318121517675,0.018240118186568784,0.14958449815287106,0.0738706616303052,0.01995107523850071,0.6349118178828546,0.06633186785068731,0,streaming
C000418,0.03790558155145336,0.044309221259258263,0.03480974332653626,0.03356989392549505,0.036579380037657,0.376760697347833,0.03964992378520299,0.396415558766564,4,none
C000420,0.014245453861281475,0.46464370299896096,0.014785285624096218,0.025877771539881272,0.11756331561345039,0.09402320956575723,0.17594473039247388,0.09291653040409854,1,gym
C000422,0.01932655605641183,0.018464434858692747,0.02111583838704714,0.01675938120062092,0.03645836430257697,0.027737251318295183,0.09770927171200701,0.7624289021643482,1,none
C000424,0.02170004613560749,0.2041965195377429,0.02010671471105014,0.02035832826814219,0.02093102818351962,0.6276630135434895,0.02023517645673735,0.06480917316371085,0,software
C000425,0.03863511672955584,0.04162487714045067,0.041124364513516504,0.044213660088561924,0.12981633846140447,0.03922372345233838,0.49779745241380147,0.16756446720037071,3,streaming
C000426,0.026148664172167928,0.7508724173114995,0.01594545731510424,0.014022642360099221,0.014784186110516044,0.014261108907855181,0.014643353469169746,0.14932217035358825,1,gym
C000427,0.011342661835438195,0.012421153910906858,0.010628759474627643,0.010966737827617649,0.0221942277986295,0.08377833176551813,0.20664340025080824,0.6420247271364539,3,none
C000428,0.03651995574015382,0.035061466006677304,0.03421739418140093,0.035411698946870296,0.03865984543130793,0.0481404061661904,0.03905972033954805,0.7329295131878513,2,none
C000431,0.018169522135789394,0.8145483299159588,0.017176439170527903,0.016044241999130102,0.017759181806715478,0.01708585450112134,0.018288124029713672,0.08092830644104337,1,gym
C000433,0.037770312725421674,0.038653460565080004,0.4540384606873936,0.04154274685882512,0.028248364989069845,0.08441540934421327,0.08067748545260257,0.23465375937739386,2,insurance
C000434,0.08207897477023558,0.08278090904811272,0.08599320511335318,0.08449698163052635,0.0868084299764956,0.15234753735036222,0.0861236614574998,0.3393703006534146,2,none
C000436,0.5738800777964463,0.013222104289068518,0.14345538634301092,0.05169632110172362,0.008091609309693274,0.1723141735585377,0.007512905559267475,0.029827422042252246,3,cloud
C000437,0.07140901919165944,0.06964896368920634,0.07189650248532048,0.073551756301824,0.0767625597005955,0.07550364971358647,0.07168625970128391,0.48954128921652384,0,none
C000438,0.10260103960300898,0.39154470442030376,0.013055382026586642,0.012815411603548973,0.052842290091675265,0.012474687469313394,0.38225938450473795,0.03240710028082488,0,gym
C000443,0.1397242463068386,0.010271250244905963,0.7706918575637274,0.010062605697740505,0.010527632508674336,0.010621633649048418,0.010372534058581646,0.037728239970483114,2,insurance
C000445,0.043082366375117885,0.04519938090050729,0.045172203795050145,0.043564572297743645,0.044454489213570536,0.3666356095389462,0.046785096462578835,0.3651062814164855,0,software
C000446,0.0359522859028739,0.03594787437992341,0.23303300056367893,0.034980821886302395,0.4544062285775352,0.006497784540186351,0.09699194774850271,0.10219005640099715,2,music
C000447,0.009766060832310783,0.19757113613938315,0.663879269704973,0.009303823177166137,0.026274161989435506,0.009239874643826626,0.056032716830409696,0.0279329566824951,1,insurance
C000448,0.18188665771096826,0.011926915940729997,0.012348688090599517,0.010795693687040591,0.6394451765674161,0.011901561290697634,0.08233460823558347,0.04936069847696453,1,music
C000452,0.010715655448886887,0.5820250085179286,0.0097929692330234,0.009803855830144157,0.09568204979234256,0.23656580543827205,0.027168150624468465,0.028246505114933856,4,gym
C000453,0.027762914548060336,0.028048309674751703,0.28925527281091784,0.1062996340519871,0.17988556493811514,0.028487130667720767,0.27971650961586353,0.06054466369258363,3,insurance
C000454,0.014882172187627128,0.01724709204279148,0.2367333664219149,0.01500380634563591,0.014715741886364627,0.6368191937426142,0.016187785440489353,0.04841084193256246,4,software
C000455,0.19074293425827912,0.4024063657877142,0.015749227284861785,0.2883592308705954,0.015724971863854645,0.015769557475363703,0.01592434459587226,0.05532336786345889,1,gym
C000456,0.023463969517033903,0.02313009289584215,0.02257565218008234,0.02179554450154991,0.032106212103085716,0.006826842623903076,0.7441854105339866,0.1259162756445164,2,streaming
C000457,0.23507269675005638,0.010463475843376932,0.6158482172623132,0.01210471694995434,0.012802225124590363,0.012366513570978972,0.012363017342227174,0.08897913715650266,2,insurance
C000458,0.03191595185130719,0.19139966670887695,0.27528576321010273,0.030260192961685885,0.25380114373872237,0.030920292846242727,0.07688942950329843,0.10952755917976376,0,insurance
C000461,0.02086136502055369,0.018395290969909238,0.8143766389479342,0.018240168174381455,0.020016054611909747,0.01843887091094435,0.018452968981894538,0.07121864238247275,2,insurance
C000462,0.01849287320093488,0.01825172067742023,0.09195419438092127,0.0164641845869827,0.029918346328358054,0.4089473055842054,0.3528419576906934,0.06312941755048408,1,software
C000464,0.024616768942617263,0.024854946675706924,0.02292676078047267,0.02472364243210725,0.18726782425822752,0.027950743777338277,0.16276957398824102,0.5248897391452891,4,none
C000465,0.12239584314539134,0.009168221855802891,0.7519014529446029,0.059984336117257245,0.008813092785764056,0.008804851278202342,0.008646275134870925,0.030285926738108274,2,insurance
C000468,0.013928407314991224,0.014085980104940967,0.5099277338217526,0.013192413456897218,0.11276566296135312,0.28821626470473616,0.013970717817904484,0.03391281981742425,0,insurance
C000469,0.014660335485710638,0.015761704462783233,0.6320455123173923,0.18427827878430733,0.01443552780444866,0.014175620209790695,0.01507024659891238,0.10957277433665474,4,insurance
C000470,0.027804280507917327,0.029062407980987876,0.5429302974757241,0.02862929904068398,0.030487964409333632,0.030309416520901775,0.035253068727892856,0.27552326533655846,4,insurance
C000471,0.3147978607658227,0.01500398408833959,0.015494382372371114,0.014891436701625037,0.015634947920566,0.5365935488448251,0.015592772762812667,0.07199106654363772,0,software
C000472,0.05864879735261573,0.05586669657295906,0.05788728160097941,0.05880401587768075,0.0620657328750572,0.06080074971207264,0.0572615037480336,0.5886652222606017,0,none
C000473,0.0146445048100508,0.14455749615163405,0.015021355573077398,0.04435781755206985,0.5431373777702488,0.014710187462025076,0.14423692427419194,0.07933433640670208,2,music
C000475,0.029054363011196793,0.028504371578210196,0.1990543576186145,0.5816035252396441,0.028738220657335712,0.028421225264352028,0.028978581603727377,0.07564535502691927,2,mobile
C000477,0.015211839055862545,0.2190821929948138,0.015600554351375228,0.01588728982543325,0.047463043994721586,0.07661577589384645,0.5644534182496618,0.04568588563428543,3,streaming
C000481,0.2816273640393428,0.3765583128669628,0.0658135781680335,0.02412742099492505,0.03886974212344932,0.08065838257535862,0.04080676737790131,0.09153843185402663,1,gym
C000482,0.027277885963229276,0.11749698401183141,0.025957486764104178,0.03043263718484649,0.11154687443450874,0.027153538566667364,0.5586090924925856,0.10152550058222688,4,streaming
C000484,0.015603058224493534,0.014717555544869518,0.015473394518959047,0.05335233651828629,0.015172199890751008,0.04205209420278762,0.039468757327939544,0.8041606037719136,2,none
C000492,0.16953089244730268,0.31307115042941763,0.12253459059885174,0.025208935860733257,0.04213948859285837,0.14536618099181958,0.05798699649538451,0.12416176458363222,3,gym
C000493,0.019989526305689315,0.0663491629494427,0.020931347744613932,0.046381280789665136,0.580570161851298,0.019695784695878245,0.17478956921164313,0.07129316645176967,0,music
C000497,0.015571384976555207,0.012731607480824518,0.03410163049481618,0.2837257709120219,0.0410314358885477,0.1333606353326146,0.11652519857412454,0.36295233634049534,3,none
C000498,0.22640745182660196,0.02746004516877245,0.027140238591528372,0.5574794766172142,0.02674722751799295,0.027531825834388735,0.026477511977928674,0.08075622246557265,1,mobile
C000502,0.01864913855119715,0.018890227144544806,0.2725457047183126,0.018655086848927423,0.34738246159165825,0.01578736921491166,0.24408549146761188,0.06400452046283626,3,music
C000503,0.2033724083850032,0.011419266328445088,0.05069583311651613,0.010364841637239929,0.019909588086057008,0.0070164862412121064,0.024370172748580558,0.6728514034569459,4,none
C000504,0.017464893923038734,0.01754216671593735,0.015448328927726036,0.015258288186314417,0.611925017515759,0.16234686226905665,0.045117723384802244,0.11489671907736551,1,music
C000506,0.011259129380213034,0.010366340844584373,0.011042317604743432,0.009806780141505267,0.2146952032671089,0.6358952980166341,0.05422868523016811,0.052706245515042716,2,software
C000508,0.01205665705582412,0.15534234632280935,0.00804294324459275,0.014389280773409351,0.04317327982674146,0.008983174944792607,0.007981514119200516,0.7500308037126299,0,none
C000509,0.024517379413934115,0.23970793269302715,0.023426594580046763,0.023993798307559558,0.06484982602132884,0.14067046218545975,0.4013743056610416,0.08145970113760229,2,streaming
C000511,0.021747294988792423,0.0752795258256719,0.019920170471648,0.2329923404163443,0.04393179047675298,0.46776306062193007,0.012699219048852975,0.12566659815000727,4,software
C000512,0.02289721237354829,0.7580902283618352,0.02289137273817869,0.02278070383972451,0.02346240549713187,0.02281780739171378,0.024389599820178604,0.10267066997768899,4,gym
C000513,0.09055819413893053,0.03268794837620648,0.19245977022832708,0.033370291007139063,0.033148889201509116,0.03964893403257968,0.038253941868761465,0.5398720311465467,4,none
C000516,0.013154318474856798,0.013312776940788976,0.02051411502875994,0.012771556150199365,0.4789478105536472,0.01283405199930604,0.35761589548709793,0.09084947536534373,2,music
C000518,0.5695733190327228,0.02184082021149588,0.02147865782849869,0.07021232083235958,0.07541316669083298,0.14008859243309235,0.04535804735046554,0.056035075620532206,0,cloud
C000521,0.01362289393530668,0.4786404585388805,0.01319758945062207,0.013144233320493859,0.31452693752341215,0.017546340320406858,0.09628812908364047,0.05303341782723738,3,gym
C000523,0.5818959447555037,0.22084322372344897,0.015149338376868994,0.07015310677261985,0.015007385657395386,0.014692363995579119,0.014928598248926297,0.06733003846965772,4,cloud
C000526,0.018644964214191883,0.019393418229143682,0.017780576212983856,0.0222847012674361,0.02297136381975963,0.08533309539200502,0.11379395109751553,0.6997979297669644,4,none
C000529,0.6629994197234644,0.036270131332027396,0.03568432211838143,0.03428795115295083,0.033656064926438335,0.03457234365323888,0.0656587649480241,0.09687100214547459,4,cloud
C000531,0.01840411995538383,0.0913078416902808,0.4390178375159522,0.016328765729193638,0.022237322646790618,0.22645624915047996,0.021957857123294032,0.1642900061886249,2,insurance
C000532,0.4181288331333709,0.021339187770193682,0.020292929992119593,0.3458857854721405,0.01964420004167683,0.021939205835788185,0.019594652339463975,0.13317520541524644,1,cloud
C000534,0.2713094482899032,0.007075713680807206,0.3244282237842907,0.005960780512788529,0.31045218878292075,0.006145701925326754,0.058011306394662426,0.016616636629300418,3,insurance
C000536,0.022708321696144958,0.04088495258181954,0.5709095254527454,0.024338048587375233,0.021945316646304315,0.073037963694582,0.16353628010685678,0.08263959123417164,0,insurance
C000539,0.018656892866950856,0.1898439254646931,0.046682021698051475,0.01862812345513337,0.035587506620345113,0.016975920317929584,0.04014276718606413,0.6334828423908324,1,none
C000540,0.041548025329871646,0.038705252850137616,0.2465248328099377,0.04171621720616449,0.03901039160134799,0.02773696447421601,0.10831717612143744,0.4564411396068871,1,none
C000543,0.027036887953601006,0.25424021717241035,0.028437607047569646,0.29530523242748197,0.026991985456620165,0.027097251684445822,0.029204625485778325,0.3116861927720927,1,none
C000544,0.017867327699335456,0.019409322088444973,0.02380734747179187,0.018577232650093894,0.019602242402846325,0.07476074708136513,0.018899192122380976,0.8070765884837414,0,none
C000548,0.10640965376958995,0.03030429119203279,0.029685416458438862,0.17712078835503278,0.3391522089442113,0.04031319797065151,0.060458264663455136,0.21655617864658758,4,music
C000549,0.2747146437288251,0.012136960608196693,0.012082238223142843,0.07225348433646968,0.45700093037856626,0.06805763841057484,0.04994000338270567,0.05381410093151882,0,music
C000550,0.03338681600866538,0.034294844484756504,0.0392426575381654,0.034129184300296406,0.03673548449932532,0.037620150711940775,0.07895996438464628,0.7056308980722039,2,none
C000551,0.0331245483419475,0.26617523724443654,0.28563166940776225,0.24697087465772288,0.032909043388830654,0.032620124015904306,0.033152663752438694,0.06941583919095717,2,insurance
C000552,0.030949450614014905,0.03244524861377113,0.03192468348449265,0.13788764771552656,0.03608219147420544,0.035944462127661767,0.03576804709982688,0.6589982688705007,3,none
C000555,0.5434134787798574,0.027113409458367477,0.027696757431529655,0.028914592026512094,0.07051950761600961,0.03157908145019174,0.0781383382445222,0.19262483499300986,4,cloud
C000556,0.02801104046869628,0.02755135970421242,0.3628572626569967,0.025880549464511973,0.030622710541971365,0.33346429772027286,0.03296564402044862,0.15864713542288983,4,insurance
C000557,0.08800084530759636,0.020353514565482924,0.02110846501150948,0.6116031050712283,0.022637804430270855,0.04280801894614432,0.02189413087899112,0.17159411578877667,1,mobile
C000558,0.03314636127837811,0.03379010204508423,0.020476277893417348,0.03277383977268178,0.03640236960270678,0.03440434023236277,0.03312762349081293,0.7758790856845561,3,none
C000559,0.036428470609880116,0.03591300205651589,0.03702845027032675,0.26988757249428547,0.022378425032704197,0.3778362552656941,0.04462664616192889,0.17590117810866457,1,software
C000561,0.027593197061439166,0.02766519239897423,0.029876958396764727,0.027604456172854515,0.03252213455295206,0.031054959855568262,0.030748178388797582,0.7929349231726495,1,none
C000563,0.00926289273197891,0.009691066434625941,0.00912045688325166,0.7572802320320264,0.009978531238471009,0.1645318339415873,0.009867299376992336,0.030267687361066397,0,mobile
C000564,0.03987797378695296,0.04010203853713665,0.037899348932785654,0.21439651538218069,0.4090930398301854,0.039707800349242046,0.15121288159071614,0.06771040159080037,3,music
C000567,0.7781040037438343,0.021270233814353872,0.02159534124201042,0.02090740885024945,0.021670524509485797,0.022769011392489585,0.02386106029549851,0.08982241615207813,1,cloud
C000579,0.0791869461677654,0.3080588564033215,0.07914087351722662,0.19894321535989049,0.029921878070041822,0.05873452275715323,0.03383861215637697,0.21217509556822395,1,gym
C000580,0.5909009131114432,0.014700548548524019,0.014727530734982959,0.10805913985502594,0.18838941052655397,0.01406815157094412,0.013749686197232993,0.055404619455292785,2,cloud
C000586,0.06576315775259145,0.06509299593454904,0.06506551002455213,0.06560387700241714,0.2704716245584827,0.06676575681579436,0.23527808939677658,0.1659589885148366,1,music
C000587,0.020016471692433542,0.25571310264939195,0.14236096209217078,0.017144856121648892,0.0692678399106007,0.3769275298493686,0.07150419754667584,0.04706504013770975,4,software
C000588,0.2988805167261665,0.019675406802030407,0.021092237352523587,0.019209046906993016,0.022025861871240223,0.024031610069602957,0.018843158290972706,0.5762421619804707,3,none
C000592,0.013467506232207084,0.013997066207893195,0.012791460270802281,0.28889500805631396,0.4354633031084361,0.15204589852513722,0.02794106419212764,0.055398693407082526,3,music
C000596,0.2942774523227919,0.03600383011090725,0.03801975416108873,0.036219815701819744,0.03742082807034304,0.03826006566850643,0.03656133167077078,0.4832369222937721,2,none
C000597,0.1995672546846937,0.028916382613232802,0.5780670796930919,0.027618682191325142,0.02161543938889172,0.029094100649226982,0.027803455839892795,0.08731760493964481,1,insurance
C000599,0.03642345808283043,0.03380121461918041,0.2838557305408578,0.38190463749105746,0.035339105919395694,0.03462575210162944,0.040818513033702916,0.1532315882113458,4,mobile
C000600,0.06423603374606549,0.021144458627695886,0.021902155780901295,0.02011064299093628,0.04851508258092272,0.019949634814926342,0.6923624597366593,0.11177953172189264,0,streaming
C000602,0.09714488586870755,0.01702741876101164,0.10356022033077639,0.018375384407474278,0.020227543654775214,0.025890203094721117,0.016239278465065277,0.7015350654174686,0,none
C000605,0.06999118759615017,0.014309215839705926,0.013253119259212708,0.7218674255421439,0.06723671265258943,0.0605243442303466,0.014145971321459764,0.03867202355839162,3,mobile
C000606,0.027756729072537015,0.025345021128316728,0.023826944424516914,0.02664787780519281,0.2136631076791044,0.02726472801699791,0.45342769884985146,0.2020678930234828,4,streaming
C000607,0.8143856117188509,0.015889956337832637,0.016525960346813477,0.014714683150338286,0.015538663606472033,0.015043844780402622,0.015147205700432528,0.09275407435885753,1,cloud
C000609,0.7510503520104017,0.014824597342052517,0.04784984860831448,0.013255976826697925,0.05061105362563051,0.013750322512319814,0.06579659796821602,0.042861251106367015,4,cloud
C000612,0.02180816559640933,0.7126092858477044,0.08508208793130523,0.02156824202054133,0.022019988814173996,0.022295947182832024,0.023248256109072073,0.09136802649796157,4,gym
C000615,0.013386152960054392,0.35186683866902296,0.014063423273190863,0.0135538729452991,0.043478895903728366,0.1799570804443257,0.33987402347697093,0.04381971232740763,4,gym
C000617,0.01801438663410844,0.02014080513486502,0.022397237831926396,0.022349980550475386,0.02092496737922881,0.01967034259912399,0.02270485582469144,0.8537974240455806,4,none
C000618,0.017330268042623775,0.0182123157932204,0.01770419992984481,0.015400217642052468,0.018512646938172003,0.8151314306383094,0.01403692245687638,0.08367199855890078,3,software
C000620,0.01257464342418926,0.018446600776926114,0.426032192512607,0.017547561877890357,0.07147293827279977,0.027863702350466174,0.3545320140638122,0.07153034672130913,2,insurance
C000621,0.041203251746867585,0.03917408713361155,0.03820583358229476,0.036100418674562075,0.026875509572655647,0.036040262815588614,0.679591074453208,0.1028095620212118,4,streaming
C000622,0.056275928994167265,0.02719712458200619,0.05847568472101029,0.17034924503831514,0.30169956912168716,0.02659939759148163,0.25173496546851093,0.10766808448282142,2,music
C000624,0.05343545280705393,0.05858858640328955,0.05578698570841614,0.053509618265933256,0.05679074848353857,0.058095888792072434,0.054427008618125605,0.6093657109215705,2,none
C000626,0.3185808491545112,0.016750421249858385,0.016121360708754664,0.016044114491310046,0.02925635108205609,0.06632180439101547,0.4948632664035829,0.042061832518911185,2,streaming
C000627,0.0266146751316277,0.013668750809766901,0.013068808554607096,0.061526121498363937,0.014419510098454328,0.013032875747402417,0.014817482017958348,0.8428517761418193,4,none
C000629,0.7162113954477101,0.14728474402002828,0.007259084024372406,0.08367649684060355,0.007938543561317554,0.006861619430973694,0.007433415076805097,0.023334701598189324,0,cloud
C000630,0.03602241130369127,0.03698995472872378,0.03834818734860369,0.037316901431383866,0.039749022764882624,0.1333659513860142,0.25819117488966176,0.42001639614703884,2,none
C000633,0.031265747315858426,0.6523143968626801,0.027055246356218754,0.025831696933748358,0.013617751207268684,0.023904328781942142,0.020836318122726447,0.2051745144195572,4,gym
C000636,0.11241662263574248,0.013249532999250134,0.7838704362338893,0.012054740175093644,0.012339386121485704,0.012106725970976232,0.012446087375407616,0.041516468488154774,0,insurance
C000638,0.3322941492958714,0.20769310031755406,0.015041179021446425,0.014606422451771212,0.015601414896647965,0.3219534861994546,0.01610665030430988,0.07670359751294452,2,cloud
C000639,0.019302269738166476,0.019881213165774993,0.038838095958755516,0.19153560806039538,0.03756720274299061,0.021079702731454996,0.03852967584534653,0.6332662317571155,4,none
C000640,0.021613219934837467,0.021939784306775498,0.809524471405795,0.020772729948420485,0.021068880846280273,0.020615391410827383,0.020258458389786682,0.06420706375727722,0,insurance
C000641,0.0202108232569031,0.037500709018024464,0.044762968312407725,0.19247791932304636,0.24101329556663273,0.02809319231516511,0.34231091405181036,0.0936301781560101,1,streaming
C000644,0.28538616214205814,0.020908044651900118,0.01956411095235683,0.02110309642782385,0.09571803217657515,0.17405772023417335,0.3282559272495724,0.055006906165540076,2,streaming
C000645,0.2181008612675484,0.4522328186217767,0.22899293699957712,0.01337223229274316,0.013764247893094052,0.013753643444100936,0.013772321745702663,0.04601093773545687,2,gym
C000647,0.16398828328978066,0.03813371543958122,0.135792329801874,0.40595211577974655,0.03775329601293585,0.03653782590868049,0.019124377631023926,0.1627180561363773,2,mobile
C000648,0.018968094426395413,0.1494683879244289,0.016753614778161407,0.01773410187058496,0.536716510380711,0.017342147257251115,0.16937480061889798,0.07364234274356919,1,music
C000649,0.010088764792614531,0.7009098341853613,0.00887401893013009,0.15851008275263834,0.05354442813400402,0.009271079585281375,0.024570228496110708,0.03423156312385965,2,gym
C000651,0.015024676043786756,0.015346164484813494,0.014365599382923986,0.015880009325481698,0.05665093755935914,0.52338647089366,0.3175985784045943,0.041747563905380536,3,software
C000652,0.13902048615263007,0.021634089479828734,0.20098272244610588,0.04932304190161331,0.15819496951675607,0.08618374410679745,0.23366946283734508,0.11099148355892334,3,streaming
C000657,0.036815194168555464,0.040632322175738686,0.041799505384408964,0.04309795268441807,0.20750361422422886,0.044414750432553406,0.440072901233343,0.14566375969675355,4,streaming
C000660,0.016496550875011087,0.009251174135411964,0.0675284350752238,0.03449425110227068,0.011375043284333303,0.006579043640865042,0.010474251015478173,0.8438012508714059,3,none
C000665,0.031807490241401254,0.031673690258605204,0.03270180880175383,0.6542397801068467,0.0367956549238289,0.03499974866525867,0.036590193851843894,0.1411916331504616,0,mobile
C000666,0.02707993463471428,0.7380427640324765,0.02691214542558499,0.02548659417809805,0.025752946786114908,0.025487427199905766,0.02570462926314231,0.1055335584799632,0,gym
C000667,0.15572692845479633,0.01842566396242338,0.22268788745953866,0.48807459928967445,0.017341312580881115,0.017108875061560717,0.032485830449798,0.04814890274132734,2,mobile
C000668,0.03927875798322473,0.04004934153114189,0.0399806101615859,0.038027403271158965,0.0617324976974504,0.040320450686911535,0.5210562889558914,0.21955464971263522,1,streaming
C000669,0.021185794123724455,0.022130517632082777,0.021675911559317834,0.03827529323249958,0.3419956467282641,0.01507721005256538,0.06799362449835142,0.4716660021731944,0,none
C000670,0.010670280428551372,0.009895297842812612,0.20297476994076938,0.009024053898672234,0.035951039169578446,0.01037857589902063,0.677891814360635,0.04321416845996033,3,streaming
C000672,0.1471406256016389,0.023481651957904595,0.02350575413823853,0.026410231801380142,0.09652106152890286,0.02476580327672199,0.5957166359945061,0.06245823570070676,2,streaming
C000675,0.03128444943367844,0.03192066888926949,0.03162687793332571,0.032330709970477677,0.09733989261904821,0.030942423257126633,0.6345190462704045,0.11003593162666944,1,streaming
C000677,0.04421507720093321,0.040582547842123076,0.04273709146412648,0.04298781996390279,0.04615685122019232,0.044886777441391794,0.04258014808584755,0.6958536867814828,0,none
C000678,0.01556876269050668,0.015370231778150077,0.014207271153475864,0.7170247419882029,0.15668102312865353,0.015142051180548961,0.015174790544872648,0.05083112753558937,3,mobile
C000679,0.1849723499627411,0.012947964696762442,0.012193044442482533,0.4169729913998559,0.01962162684589207,0.02000739288481598,0.2525884776882175,0.08069615207923242,4,mobile
C000680,0.14628063088682902,0.5646139035016943,0.015946761436139312,0.03338505214388515,0.019477675692125045,0.14196341723555728,0.019158646902961617,0.05917391220080821,2,gym
C000681,0.20487889380435487,0.047482853837565134,0.04684307690095751,0.04846103589457922,0.049957713589463396,0.05006403626150449,0.28808093586872074,0.2642314538428547,3,streaming
C000682,0.2608102517395663,0.1300477631125807,0.46663497842424473,0.0077537636368369516,0.06358863171680344,0.00843304374007813,0.022511687833491934,0.04021987979639776,4,insurance
C000683,0.09641945431829013,0.18658099333904254,0.013005956437250523,0.012071165186371864,0.0896293623051457,0.012186493252809155,0.5128909738959462,0.07721560126514379,0,streaming
C000684,0.4083467070042405,0.0359857967297812,0.006143253850908169,0.49993091748246543,0.005625137490797233,0.006040214357725809,0.006095798208896362,0.031832174875185304,4,mobile
C000694,0.01169518414938459,0.1708696173031884,0.01631580580141296,0.015086553775156353,0.008304309520731306,0.010422075389327639,0.009157947250858098,0.7581485068099405,1,none
C000696,0.013864922762680493,0.014053340243806046,0.13947532324281367,0.013122278376988344,0.6873537446094999,0.013921281307948659,0.07862986132727806,0.03957924812898469,1,music
C000699,0.010984624733125203,0.041587918966836404,0.009714096341044785,0.010935864414272458,0.0703551146655225,0.010257948953243001,0.8160806616698966,0.03008377025605919,3,streaming
C000700,0.028837285115599687,0.031721957342619955,0.1314813851660935,0.03223645833245968,0.47158556272354524,0.03362753991222453,0.14209800039217707,0.12841181101528032,4,music
C000701,0.0322880550673419,0.2374550229656332,0.01299120355773895,0.012193747437232911,0.5579807126697173,0.01235148353850615,0.09205296936637396,0.042686805397455556,4,music
C000702,0.019386414356498346,0.02028072404103657,0.03200749909284174,0.018208127331804453,0.019286316645967697,0.01911930585549683,0.01835914738554252,0.8533524652908118,1,none
C000705,0.017451195060307158,0.008990609557511322,0.01866161836731083,0.019903223448897042,0.17546679134789323,0.020901998304298147,0.1718282278810699,0.5667963360327123,3,none
C000707,0.016250162230137526,0.01613351798684672,0.015134742310985818,0.015840216841992022,0.016212489472437513,0.8433094639591768,0.015970890897262852,0.06114851630116069,3,software
C000709,0.012607834284268104,0.012749572936179737,0.16555159167354844,0.012315869285220226,0.012519286718746055,0.6490943493638373,0.0050025901074046055,0.13015890563079557,0,software
C000712,0.2416241799521436,0.029355885694985345,0.02988335887577044,0.028287622842794485,0.5429036685346639,0.0285181498336041,0.04547515904124875,0.05395197522478937,0,music
C000713,0.01132252521586532,0.06793277459299857,0.010968540370985446,0.18951705310144537,0.1781327787086464,0.42719763817825096,0.08395225364803166,0.030976436183776157,3,software
C000717,0.015451098325710632,0.03452701623135259,0.5049189646108659,0.0337717969676118,0.03493472106132983,0.03477145959394411,0.03438965684122908,0.307235286367956,2,insurance
C000721,0.019573033161532836,0.018142340578334935,0.01770356727464698,0.019185885832131745,0.14586049556073277,0.011596872291405637,0.13652934597890853,0.6314084593223066,1,none
C000725,0.05319244421566398,0.017723905376694687,0.016490611684150044,0.015912089358754593,0.05106166498666151,0.768571511237819,0.016001511047199518,0.061046262093056594,4,software
C000728,0.013897554779367067,0.05055766409781556,0.8075370004233442,0.005773961544937159,0.013269214147363222,0.012920208893951155,0.013125697997754801,0.08291869811546677,1,insurance
C000732,0.026504058350858683,0.030642546147229645,0.05596334838343192,0.02897505714573844,0.03212434512863555,0.02782430505788749,0.03158448516261928,0.766381854623599,3,none
C000734,0.021915501582523932,0.024489932857408137,0.024787581201469223,0.02190533974310288,0.14170809539936768,0.022373241831183777,0.6549096996714834,0.08791060771346103,1,streaming
C000735,0.018019020195453327,0.018790428700469767,0.6963741048085828,0.01910321275200618,0.05140041549156616,0.019857712626669702,0.11620500249088024,0.060250102934371906,2,insurance
C000737,0.11202311294785348,0.01122885455642424,0.1176105158996069,0.01033142438826238,0.010980441128381813,0.6820415564112546,0.011257166368165579,0.044526928300050894,2,software
C000738,0.03591802390513178,0.03687653960766797,0.04102398627489026,0.03664777743490478,0.041055826455850195,0.05046855075308074,0.0384231033881589,0.7195861921803154,1,none
C000743,0.08802001361086031,0.04396041118922024,0.02000039295781656,0.03333191575427473,0.01968013447366261,0.01898098282793609,0.020134879827893713,0.7558912693583357,3,none
C000746,0.006921965937576314,0.01258334087073636,0.01229309574105463,0.02388000512825495,0.011517090890971754,0.03279946215485826,0.0527468463612678,0.8472581929152798,0,none
C000747,0.039872933368820127,0.039986649274534616,0.5620393353353424,0.038062502152512306,0.03802712857078931,0.0379480102168251,0.08264330321520649,0.1614201378659697,0,insurance
C000749,0.1662517007405288,0.016868975789750284,0.5871726575837409,0.023044367707560857,0.023648082503484852,0.023342307135480245,0.023129700488430247,0.13654220805102382,2,insurance
C000750,0.04059856899901809,0.020962365291791813,0.03407447523606547,0.018642819793072255,0.02362590600416116,0.02043845154773955,0.03109350678552299,0.8105639063426286,1,none
C000756,0.07026098163930831,0.0719450945263452,0.07502439828553184,0.07493484709520767,0.3346861487459441,0.07669006363525481,0.07916274679181802,0.21729571928059005,3,music
C000758,0.01739067149263098,0.01783236354075234,0.016855022537497044,0.021341771768336158,0.018394897384649233,0.008423470997228401,0.01646670404846092,0.8832950982304448,2,none
C000761,0.8125179968144107,0.011803551865750748,0.01138843909746422,0.08022794145358847,0.009871453879679772,0.010181450081447427,0.00989028132763031,0.05411888548002833,4,cloud
C000763,0.4606374317024849,0.015171490017878347,0.014371546249566054,0.014436357329990327,0.03589466968267241,0.01593635468862749,0.3931368269363746,0.050415323392405904,2,cloud
C000764,0.0320685621314513,0.028628054921166254,0.705120009632886,0.030525534889126977,0.011000316585138024,0.029827086135150803,0.010850393710916473,0.15198004199416418,1,insurance
C000766,0.052243929479638844,0.05101459338796714,0.04982217306039352,0.047461849946897956,0.08674029058980573,0.047356278892111386,0.314169590625653,0.35119129401753246,4,none
C000769,0.014167176889980551,0.01560637620313107,0.11665865017317378,0.0751056511438001,0.014313155408528221,0.014037608880913844,0.014574126023901648,0.7355372552765708,1,none
C000771,0.027125154151555315,0.025532291866150077,0.02496831507731927,0.02596277837106041,0.10490501440506834,0.02705688348260209,0.7031495048864038,0.06130005775984074,1,streaming
C000772,0.024086552983707692,0.02400319489750894,0.35305173421980357,0.12118598608028627,0.10703483554687927,0.023091666669031154,0.2416168426067376,0.1059291869960454,4,insurance
C000775,0.07844263614293615,0.07915786097444887,0.08347609362246153,0.0812356210550937,0.08794269071110189,0.08486730064492264,0.09187751367951077,0.41300028316952453,1,none
C000776,0.012674582042186204,0.04079192329431343,0.012806455739586192,0.19688250634517035,0.009792445229536524,0.012770537745267681,0.028101911088689622,0.68617963851525,4,none
C000778,0.5762121616558687,0.023300594387979386,0.01614577354390743,0.015776025421841113,0.015839388900370104,0.29459541876957995,0.01587743950448814,0.04225319781596515,2,cloud
C000781,0.012744387264148883,0.02067033764552486,0.47136424789659925,0.38310933183249135,0.012649869200731072,0.00588021925111301,0.012175757561679558,0.08140584934771192,2,insurance
C000783,0.047509049506423665,0.044664500281206096,0.3929699187426173,0.04783419270903849,0.05064734133596953,0.053505687683843076,0.050986634397360245,0.3118826753435416,2,insurance
C000787,0.015848169691103253,0.0023539363968310707,0.01559727317170771,0.013839282651529328,0.6572107958196582,0.01702442875710585,0.1442078840872222,0.13391822942484233,4,music
C000792,0.027897845757241815,0.16173539035850376,0.06851462352965493,0.1791579032492847,0.029443797141180336,0.29165663456736457,0.031584257008262964,0.210009548388507,1,software
C000793,0.021780730407408667,0.06696669537980585,0.022033154732480836,0.070685975739913,0.19236763573663263,0.02407000709348215,0.5155399305462087,0.08655587036406807,2,streaming
C000794,0.025780333881897953,0.18883379537860115,0.02656644621990758,0.04561600161262731,0.4823676564831809,0.024983664409100055,0.11992808748382505,0.08592401453085999,0,music
C000799,0.045148121586718076,0.04625070514806688,0.04969950860918945,0.047573151440670126,0.06340401531859008,0.046740066148713705,0.06600381638032753,0.6351806153677242,0,none
C000800,0.03496390786379671,0.02255525195671614,0.023284815261321232,0.02107142274588144,0.21263362657266277,0.39457919007121595,0.2201353459151864,0.07077643961321942,4,software
C000805,0.039451861031341615,0.5934596586041245,0.010422942155338316,0.010648001307221773,0.19122348212909107,0.015691607486432585,0.06070064042726013,0.0784018068591901,4,gym
C000807,0.23045849009981081,0.016579693546808376,0.015687743958711912,0.016875598283940647,0.11120177484748725,0.018678998180809023,0.05444135885806995,0.536076342224362,0,none
C000808,0.018855747610168613,0.017290054836660844,0.04507178505994673,0.017220076163409568,0.03459264142696138,0.2370610404729978,0.06179280072720903,0.5681158537026461,2,none
C000815,0.017280875467981398,0.01713644844811976,0.0168563327588247,0.03155050977431466,0.019501359920962313,0.06300497880386118,0.018352786113239383,0.8163167087126966,0,none
C000819,0.4377109455064322,0.019011469920083138,0.4085084670238402,0.018526564234508998,0.01895958061869929,0.019243625728269702,0.01887700907093123,0.05916233789723533,3,cloud
C000821,0.01891119123815252,0.020462874045267067,0.642958500348321,0.18561749706060404,0.028017803655024758,0.019454186709860113,0.01417775745293352,0.0704001894898369,3,insurance
C000822,0.11609062869324899,0.01158590579579958,0.011705184242888224,0.02873915627486649,0.023231106777080734,0.01693414197996324,0.026997265850879533,0.7647166103852732,1,none
C000823,0.2710789995952807,0.2707999190363442,0.013537027949460836,0.012706344998046255,0.029488636505837662,0.05462742688616215,0.2860955318596788,0.061666113169189324,1,streaming
C000826,0.1308037591191528,0.10415268859309962,0.3171913198205127,0.012023080606778891,0.013089302983428093,0.3643724363783346,0.01332018458761406,0.04504722791107934,4,software
C000827,0.019234651585652195,0.009229061308676869,0.06271953022813107,0.031346952552387515,0.018216110274719904,0.008372228735130197,0.017388105716293307,0.8334933595990088,2,none
C000829,0.07959292287568576,0.07614646353598785,0.07832145659004587,0.0796552789374043,0.0823851148903635,0.0799625643366677,0.07396529858578318,0.44997090024806186,0,none
C000831,0.015221352637663952,0.08208073833979808,0.4493075459403746,0.11307862613715236,0.01586575348059807,0.25092472963625245,0.0143882772453871,0.05913297658277333,0,insurance
C000832,0.0530903698438196,0.015962062635128744,0.022215391465757947,0.03179599175493393,0.015584085629662714,0.012761324488484512,0.15434002542024167,0.6942507487619709,3,none
C000835,0.2802650826840935,0.013806622552154067,0.013043508254680748,0.07514397360748179,0.05196213235177849,0.39952548909843577,0.12728613083197843,0.03896706061939716,0,software
C000836,0.2226718280446225,0.2188169859042735,0.02056324011296825,0.019849612947180323,0.022237486994776595,0.01962941925871632,0.41000385449013654,0.06622757224732605,0,streaming
C000837,0.008958787402195474,0.008893225132700773,0.0730556037577077,0.008342292528996062,0.360039889718344,0.3779351400823012,0.13721998507753325,0.025555076300221552,4,software
C000840,0.012406571951553848,0.012508836901823316,0.011357748414733177,0.012778803714445742,0.7072641299187632,0.013745288773401478,0.1459439444440918,0.0839946758811874,3,music
C000841,0.34460473536710057,0.308772887042469,0.026549085764750048,0.016626865158969082,0.031499947168612256,0.03170742330902274,0.031769713178857545,0.2084693430102187,3,cloud
C000842,0.011311983959178838,0.011340910202540617,0.010902997007520872,0.4584073339714241,0.0534238467286053,0.36608837048202897,0.05276470511548586,0.03575985253321546,1,mobile
C000843,0.058391992110335744,0.05738122072304866,0.058985009636825333,0.056390497890057054,0.16723738686966538,0.05896904480920635,0.07272567799639393,0.4699191699644676,4,none
C000844,0.06177152584993073,0.0967619325545429,0.013202801435785512,0.5953197406935725,0.09906198353817693,0.013045892861848202,0.014716729678563235,0.10611939338757995,4,mobile
C000850,0.029793037441355204,0.029610227748286547,0.0286563953552076,0.5934091670389089,0.034082951525172524,0.030414389381946683,0.03505822867129825,0.2189756028378243,3,mobile
C000851,0.01768521839058,0.4770853124136478,0.018090699160215048,0.018221749272017914,0.015724004684021027,0.3754646988499083,0.015943045376618323,0.06178527185299164,4,gym
C000854,0.010714502076024267,0.29833858489525533,0.2512002791322587,0.010125407490985176,0.034538616310204204,0.2627116153417692,0.0803468756349179,0.05202411911858535,3,gym
C000856,0.11815952398878402,0.056504521664183904,0.036676016062240635,0.03330161428497198,0.0350039625188667,0.03483166355602364,0.0335719048343185,0.6519507930906107,1,none
C000857,0.32206407267809045,0.022959285045280005,0.012883382568321165,0.012225351814551044,0.02021242552974381,0.011397887339355383,0.5316727365039381,0.06658485852072006,1,streaming
C000858,0.3575402207126933,0.017823328982868123,0.016454817059744515,0.4764619311740312,0.015504660014476476,0.015224905585351434,0.015425236811450322,0.08556489965938469,3,mobile
C000859,0.02170075018331782,0.021883241003970037,0.3843261424993063,0.4291001748131854,0.02199233850515428,0.0196037064512564,0.024199925044251967,0.07719372149955787,4,mobile
C000862,0.021042845706589187,0.020696315069549977,0.020197507066112924,0.26515122687295384,0.021844899621335123,0.5785969810638131,0.0225550617588755,0.04991516284077033,0,software
C000865,0.022897073918915597,0.022002053015517192,0.012757464848167352,0.02246818806138606,0.02521529856919247,0.030236112458028687,0.024547374874586234,0.8398764342542064,4,none
C000868,0.06507291910826019,0.06755049124643839,0.07143657247591667,0.11035022115680855,0.07143508138613072,0.03487725268798227,0.07165893099836676,0.5076185309400965,1,none
C000873,0.023270681901230272,0.02499880832568251,0.02430422295871116,0.02443362956356511,0.051355333775661975,0.02565935566068173,0.7209761852889119,0.10500178252555527,2,streaming
C000874,0.04585940174241512,0.1558220418472516,0.21489491148565687,0.26687334898812964,0.022186313058547822,0.028635890887140796,0.040617979970505355,0.2251101120203528,2,mobile
C000877,0.012358644693713136,0.07854923756034006,0.009584098509364175,0.00848315066819555,0.07076921792698598,0.6168478355062572,0.15593863154773674,0.04746918358740722,4,software
C000878,0.17636063574879263,0.008823274308721667,0.008346650699869382,0.008690513870762962,0.020514779204100875,0.5654896940259543,0.1728407345815253,0.03893371756027286,2,software
C000880,0.013711574324008123,0.012072185717259189,0.011492760415043442,0.01161586961291405,0.06607893535860081,0.021635481107977445,0.809611591966441,0.0537816014977559,2,streaming
C000883,0.012053365556102369,0.044668766371391735,0.05034369502480755,0.011533970943860088,0.07889093682658799,0.10289975772319744,0.6334199554694441,0.06618955208460868,1,streaming
C000885,0.26145679121841403,0.010959929879540812,0.01040431903608249,0.07175277147112083,0.1949978804898307,0.3499451344466002,0.038925069451626555,0.06155810400678437,2,software
C000886,0.010417126823008516,0.13412819655566632,0.009682481704399755,0.010729046742006644,0.0797309935142685,0.012333354692065064,0.6849982503892811,0.057980549579304055,2,streaming
C000887,0.28416217258207976,0.011280587066343897,0.6201865453739687,0.01074167791896662,0.01149061818584057,0.011509715293015312,0.011721624390287793,0.03890705918949742,1,insurance
C000889,0.02495211575183963,0.027379860875587005,0.06116857683240212,0.02351514228979555,0.6592071231632833,0.02433537580278039,0.09141400622795826,0.08802779905635356,3,music
C000891,0.06428884803790397,0.09982618242823127,0.17706356935799017,0.12193776592334193,0.01697556460139221,0.44927839386966606,0.021076411261426318,0.04955326452004804,4,software
C000892,0.03102023189285381,0.033056749569140606,0.6508525212684397,0.0743963549838801,0.03139952280049969,0.030827835987013833,0.033442190148067,0.11500459335010521,3,insurance
C000894,0.011109951846813041,0.30966520593524705,0.01099674472917904,0.01625101235321936,0.09667572359189411,0.010621845749949827,0.4879087453972277,0.05677077039646984,1,streaming
C000895,0.6533229998472174,0.020951203745163058,0.13256360608235498,0.019558192497423528,0.020876080147180363,0.020951456463978703,0.03727791051717867,0.09449855069950314,1,cloud
C000901,0.03144660986065537,0.030328906918213376,0.029888216340674914,0.034054005757878265,0.03139944863697915,0.1152995136212524,0.2711489471212056,0.456434351743141,4,none
C000903,0.020098079445859396,0.018982194644011963,0.7149446327964644,0.01794190154464654,0.018673626795601184,0.1370148746979408,0.017876509481581225,0.054468180593894536,1,insurance
C000904,0.014195139634457446,0.02653188401345561,0.028110876536110198,0.025316278077718097,0.041374254964620535,0.5573866863115929,0.03958331333444519,0.2675015671276,3,software
C000905,0.045276244724711645,0.045845307133519086,0.5933883215343749,0.04548847537089133,0.046489259646069675,0.04724920929719032,0.048339856273862114,0.127923326019381,2,insurance
C000907,0.02511089490153244,0.01607336276690244,0.010664708201433726,0.3439508724110389,0.018965836871595327,0.4694216361562713,0.01921214168875307,0.09660054700247284,1,software
C000911,0.14968982184385246,0.5034221294938284,0.04002479391686109,0.038408900817774226,0.101487126899382,0.03813565554949273,0.039732895682160964,0.08909867579664807,0,gym
C000912,0.016188767538785606,0.014720789005863676,0.041598335884854766,0.014765525912579531,0.045664995763053134,0.08685134969693216,0.03199511362173626,0.7482151225761948,4,none
C000914,0.013033287252561887,0.011995258642398282,0.8884783583079754,0.011308877516293479,0.012011351967549367,0.01111442256027073,0.012540652046923062,0.03951779170602773,4,insurance
C000916,0.34924566089675224,0.019305858157689055,0.01887559205648494,0.453661772336297,0.019707112773901456,0.01907566365160823,0.01947831623338073,0.10065002389388625,1,mobile
C000917,0.8373637266934393,0.01434771040837894,0.013594112334292743,0.043288331037803315,0.012767185977001782,0.016063012017529108,0.013167758787165702,0.04940816274438912,4,cloud
C000920,0.02660105281868849,0.028211893416275814,0.02797893806825244,0.026496322887441293,0.03163006910240387,0.45984029629013745,0.30290006447132645,0.09634136294547421,1,software
C000921,0.05281705183540847,0.05373312671845072,0.050721555655164154,0.05624209949399181,0.19044476448787917,0.11822103928415593,0.2002639016282327,0.27755646089671704,3,none
C000922,0.02825665870436403,0.13149080823244663,0.03221979381981111,0.031451177956449236,0.2107551348656305,0.02990967190153011,0.41215432219831416,0.12376243232145426,0,streaming
C000923,0.01594126906185319,0.015615815448112608,0.015481488655953658,0.24522526455883376,0.08631145963124606,0.018039643282099248,0.5417164704889771,0.061668588872924396,0,streaming
C000926,0.0223102442574218,0.21970475458233538,0.4873382250159899,0.011083843821280505,0.011189502573454137,0.011117927556714547,0.011675274821006068,0.22558022737179773,0,insurance
C000927,0.30287687898277704,0.009319212945600237,0.6105872609361164,0.015039405906875521,0.009332304887163497,0.009317525171109661,0.009173198858776413,0.03435421231158123,2,insurance
C000930,0.40861452116312535,0.053307936360744726,0.05334366437308952,0.05271794664177994,0.06193661325969403,0.05934212787357495,0.06170302126854003,0.24903416905945147,2,cloud
C000931,0.06565691898574078,0.1282645462410804,0.0723537032266913,0.0665061685034818,0.07165038598319033,0.07077098195040143,0.07124717200288755,0.4535501231065263,1,none
C000932,0.022643040574188165,0.02998184223107426,0.022829139930796563,0.022084471473682032,0.6581288719289733,0.02172378245278131,0.16884658786432477,0.053762263544179505,0,music
C000933,0.01481103874524856,0.8598215041534809,0.013729474079949556,0.01236389114777122,0.012931971209563364,0.010757725947536108,0.012418080603323577,0.06316631411312676,1,gym
C000936,0.08691497316423084,0.0952317874641152,0.16763541512573488,0.014122549196322207,0.34494412299663124,0.17160675169473943,0.054390961183659145,0.06515343917456712,1,music
C000938,0.021649802188050345,0.4883314981215885,0.015634698305659344,0.18862221255328682,0.12363378216377692,0.018233095848770572,0.06829847650350852,0.075596434315359,2,gym
C000942,0.02278352595288196,0.12915070348075133,0.022779131693049036,0.08643955352375096,0.07613044176854396,0.3835406802883541,0.1548370022751934,0.12433896101747521,2,software
C000948,0.09495306749546384,0.03015014109380742,0.27167060662212617,0.3739424218331038,0.03036991766642095,0.03045469867367326,0.03045944636799071,0.13799970024741398,1,mobile
C000949,0.020924378063900947,0.025451066863988073,0.023203646084417866,0.007992110570171925,0.09369039345528671,0.02077149847190016,0.6970591196490477,0.1109077868412866,4,streaming
C000950,0.02533971129705216,0.023385120499863812,0.008520343756308358,0.021040173944381953,0.014711416577001323,0.1987614095863563,0.020666177815844403,0.6875756465231917,2,none
C000951,0.21336429734242585,0.031786723020750536,0.03377909143808571,0.03296147912830059,0.25404087247972107,0.03584679783776997,0.03622368329453215,0.36199705545841404,1,none
C000954,0.022921210775331415,0.39121276533892946,0.02265509789584101,0.13887680785797288,0.007380174132105188,0.31316309374991835,0.01001279794251433,0.09377805230738728,0,gym
C000956,0.01435262379535003,0.013915192960060989,0.013055254277014133,0.013513740943733426,0.025396622060443647,0.28688308989006495,0.582410903252184,0.050472572821148906,3,streaming
C000957,0.04290503459570773,0.5599369374770543,0.01189584124868677,0.022749433688573288,0.2566218215713994,0.012045555333796927,0.043602361681341836,0.0502430144034397,2,gym
C000958,0.015814114600485492,0.01677829785259384,0.01732655860493465,0.015378354599674965,0.01591455352425468,0.8461440074912233,0.015939057313900808,0.05670505601293228,1,software
C000959,0.06050158748311558,0.06261427478427838,0.06488993987480636,0.06750572360848915,0.22962654371301713,0.07093070046872295,0.23156847478567483,0.21236275528189558,3,streaming
C000964,0.009802358293375453,0.054111619165858445,0.009595292549856705,0.009651408946980324,0.10377928470213876,0.04520967450444691,0.7397879009887187,0.02806246084862464,4,streaming
C000965,0.02537525094681755,0.025597029317267643,0.5681993686287394,0.028814432207728613,0.11369627181897672,0.025971259777223,0.12914952078067007,0.08319686652257686,4,insurance
C000966,0.024846794757699943,0.3967822036622269,0.02418521835820575,0.17674276744541176,0.06475329803963446,0.02356607363833998,0.21111046888438584,0.07801317521409534,0,gym
C000967,0.012248481595976461,0.883576536177721,0.01245981595214691,0.01128749446529928,0.011667262733414195,0.011280942942365018,0.010925512511913066,0.046553953621163977,1,gym
C000968,0.0126392860524541,0.012279008847436126,0.07270501908246407,0.011950262652219192,0.10485423649498622,0.012085193036650652,0.7386901099669816,0.03479688386680805,1,streaming
C000971,0.026346986684255537,0.2680544648965873,0.026994493905952634,0.025733781914624054,0.46926784128772364,0.018837457675610368,0.06150206633906104,0.1032629072961854,0,music
C000972,0.02073143526678584,0.02005679949880855,0.2759326026703789,0.01875425019590727,0.4185636398194121,0.01972233840248788,0.04441831293000021,0.18182062121621928,2,music
C000974,0.29759320248366095,0.4213862070472516,0.11099327627430003,0.02063212623071204,0.020442370378396805,0.021429458289411667,0.023796252828562667,0.08372710646770418,4,gym
C000975,0.19243623177557664,0.012092779789990541,0.011796743772921064,0.011425552093663116,0.6957523263092839,0.011738609637633195,0.026912195490618625,0.037845561130312885,2,music
C000977,0.0180458860882082,0.01918624067620794,0.01922475921734837,0.019349755747837295,0.1705070103811696,0.018004626303158536,0.6619784076150588,0.07370331397101132,0,streaming
C000980,0.010433813644247773,0.010220697611451763,0.8883524257604022,0.009489857486864027,0.010183720090359484,0.01144449794860322,0.009364505498877405,0.05051048195919403,0,insurance
C000981,0.03317207469834634,0.03573799886110675,0.06736710905280949,0.034638864886171086,0.05840547399267264,0.06503528381543022,0.059964276823239626,0.6456789178702238,1,none
C000983,0.042371678551610614,0.017594864050496622,0.008453828491427378,0.01681709525420587,0.7760136064033768,0.018049430624108756,0.03164525510733976,0.08905424151743414,2,music
C000985,0.012932350565449443,0.013136404103185234,0.011259271580972733,0.0494291106362231,0.09125878772459996,0.005155793806122757,0.03634707830911651,0.7804812032743302,2,none
C000988,0.020813536308359137,0.01984330689688848,0.02016324755193167,0.019042268297823788,0.6150707129991788,0.021557883708230696,0.0655581300466198,0.21795091419096774,2,music
C000990,0.030439623318796353,0.022303929789567835,0.3009581085404357,0.4410754137704276,0.02286261658178268,0.026431767325486077,0.02387983966532683,0.1320487010081769,0,mobile
C000993,0.0066268242368576515,0.5959327644487545,0.006418214395976528,0.006957410890152666,0.18578397581921904,0.009509652384104766,0.16172697537970301,0.027044182445231754,3,gym
C000994,0.035595545100311564,0.03687525552217336,0.03764022810102511,0.6392291135180456,0.009562907462387681,0.03445587271227677,0.014503090794759999,0.19213798678901994,0,mobile
C000996,0.09654675508068425,0.059836343047449975,0.013665874617650927,0.01364107290151651,0.014079708880854955,0.7180025698304405,0.01428476643606844,0.06994290920533439,1,software
C000997,0.03523065050848263,0.3185377721194014,0.0370581312806093,0.03571932930978272,0.03971439758759771,0.03864694345146006,0.04977506404215365,0.4453177117005126,4,none
C000998,0.05068362904054281,0.5257708951418805,0.05450749240468045,0.053920520375883255,0.05429246692513659,0.0529668872557028,0.059673307082622216,0.1481848017735514,4,gym
C000999,0.013988376026076003,0.011411248400826154,0.008194775788655373,0.01200460402917164,0.016702066759689486,0.020948360121576505,0.016749187197746915,0.900001381676258,0,none
C001000,0.009935212557816797,0.010314663088397858,0.03172247979094354,0.009046969576439646,0.02743230745848998,0.009260679142544977,0.15160348719146322,0.7506842011939041,0,none
C001002,0.04480113743367269,0.01452644399375926,0.013252360803145903,0.061277425237304,0.6505737059426588,0.014264906050414498,0.10423454964735789,0.09706947089168691,4,music
C001004,0.02092418219332498,0.020403042274269582,0.020018771400616586,0.5733987695961333,0.021525639319238572,0.21213724414014173,0.023589191797165565,0.10800315927910967,4,mobile
C001006,0.8196415851626742,0.014457029662250829,0.014573224839308471,0.015062878586404732,0.015799258059213298,0.01559665899490503,0.01556211894346184,0.08930724575178164,0,cloud
C001008,0.04241603314892256,0.33740809472893707,0.04344763826212639,0.04244989442040653,0.1376423106133261,0.0423385013405989,0.2758531185206136,0.07844440896506885,1,gym
C001013,0.03902360233431197,0.03951424410352901,0.039620547508693725,0.04243373629582696,0.042531736250311966,0.03384270038548724,0.043656251797894854,0.7193771813239442,3,none
C001018,0.03525541559079988,0.03346808950899603,0.03635536986453916,0.03361060442108317,0.031950612224182,0.024356705190473775,0.03570740656579336,0.7692957966341326,4,none
C001020,0.014118438899742602,0.014038581628324245,0.014239876228730054,0.013816834786121272,0.014450876807997268,0.7763179767943558,0.10139103120027287,0.05162638365445587,0,software
C001021,0.012455409510640607,0.028662417699746152,0.026360327991268917,0.02388018718265511,0.025811874108398275,0.023858834919826023,0.024567206356822125,0.8344037422306427,1,none
C001022,0.013385566411723256,0.14871308183952595,0.021289795481520515,0.016621967275636165,0.029584692463317797,0.010447998165975688,0.022875358353455697,0.737081540008845,3,none
C001024,0.01679600614854463,0.016531899971738245,0.10187826341707402,0.06383215483679226,0.025192571341192148,0.018537218351648774,0.04390742109341321,0.7133244648395967,0,none
C001027,0.017047549645055483,0.06046653772898984,0.016891053968770095,0.6781143402402161,0.12202052096710163,0.016762910059134842,0.048095393785130745,0.04060169360560129,0,mobile
C001028,0.010379151646146473,0.12235346321558638,0.010779107315059634,0.010291190272215759,0.006462075264120841,0.6834762812795089,0.12500754468658895,0.031251186320773096,1,software
C001029,0.010792488135930076,0.1505853248012426,0.010824612434642087,0.01022082008520472,0.007758708394926686,0.655132244650775,0.008022071622941525,0.14666372987433723,3,software
C001030,0.035124759379452385,0.035915938029031966,0.034580711829831634,0.04197337876457301,0.3286659582067167,0.05363206862658698,0.27205230105582257,0.19805488410798477,3,music
C001033,0.10159138068422437,0.023716863695958622,0.023196378018824175,0.022615136809347028,0.020489031233207812,0.023026752749309168,0.6923071544505424,0.09305730235858643,2,streaming
C001035,0.032693050151264745,0.03294244034378273,0.3811724745265007,0.030996321798387034,0.03163668196783377,0.36068222367109304,0.032495160961332197,0.0973816465798058,0,insurance
C001037,0.022066381706403047,0.09785673368661907,0.024074318468255324,0.046853324476203155,0.05588237548520462,0.02284260631121996,0.03627792696420074,0.6941463329018941,1,none
C001038,0.012462319049419527,0.019798515889165848,0.014218026460536484,0.0763101720755917,0.06954288527784369,0.019526525724922413,0.06734321476689696,0.7207983407556233,0,none
C001040,0.02132008423419547,0.013828591198826803,0.13505233542986728,0.07842744225421941,0.022431334503573517,0.6403072482309796,0.021626857721979205,0.06700610642635867,1,software
C001043,0.6566599970898327,0.012355708683030292,0.01257726065153302,0.11843834519184071,0.030535345607815054,0.10264233239805931,0.031041548478896702,0.03574946189899219,0,cloud
C001046,0.01768283999566018,0.8257960395709832,0.01669011688464982,0.016286658611191406,0.011240482847325184,0.01572624825096423,0.021149280540085837,0.0754283332991401,0,gym
C001050,0.032966933350519124,0.08927128096065684,0.15460052112571732,0.03414586035537271,0.1980170733072064,0.15630956094811865,0.22934855916605484,0.10534021078635412,4,streaming
C001051,0.02856928666753515,0.027978892255672932,0.02666614914561553,0.16716823840514614,0.542271871248863,0.05971995337854162,0.059795030659483606,0.08783057823914203,4,music
C001055,0.06647868521961581,0.06058359436398625,0.06206653597607155,0.06023092327337526,0.06870542722489441,0.06601611905067753,0.08416832771045582,0.5317503871809234,4,none
C001056,0.011863405146180702,0.012607792079612804,0.17127247443488297,0.31451752800618793,0.34851710842630423,0.014147945744880815,0.08056980475767601,0.04650394140427454,2,music
C001060,0.06893742574566485,0.0686053110380217,0.35747314212747017,0.07402644166974667,0.07579159692650002,0.07356405402421483,0.0762518683299534,0.20535016013842838,0,insurance
C001061,0.11962834552846464,0.014209662870060386,0.013935813360253096,0.013554111695446928,0.1027912263012646,0.014172450290234603,0.15909794289154075,0.5626104470627351,2,none
C001062,0.021048852205416496,0.020441811103333964,0.019611950930776924,0.021488078590988426,0.4297627977889993,0.037987211193556955,0.26016600795505207,0.1894932902318759,4,music
C001063,0.7270153109414375,0.021355446068321387,0.022565914380171775,0.020637143218061073,0.08042403565637075,0.02178327529867151,0.022300307938384754,0.08391856649858122,4,cloud
C001064,0.01025959342560709,0.009474678099850921,0.5049500764655168,0.007960023517426487,0.008337275343768474,0.41437168625373366,0.008592553051067786,0.03605411384302874,1,insurance
C001066,0.036124487431706216,0.037182431030174865,0.03685186900140973,0.03514515874703515,0.4776755570818525,0.0352493608655257,0.21179668672848762,0.1299744491138083,0,music
C001067,0.13117436316654355,0.1855375840332098,0.037511841626673204,0.2131965874186572,0.03603185779602173,0.03443970721332851,0.03596071281145136,0.3261473459341146,1,none
C001068,0.11370148999072834,0.023053433932934485,0.6765415821322993,0.022649062579328638,0.024122541743274467,0.023588689883935823,0.023747100454809926,0.09259609928268896,2,insurance
C001072,0.41598636132594496,0.28119207886317216,0.04322783167821518,0.04215012615975206,0.04243927563434792,0.04256331793534661,0.04048072406258948,0.09196028434063157,0,cloud
C001074,0.01583956723652351,0.016490750372103576,0.01629354602374985,0.014322376713198089,0.04616254153220896,0.5059932534712187,0.32838377173151967,0.05651419291947755,1,software
C001075,0.010419063794343856,0.010732683587918417,0.01798241907599895,0.011740450324936154,0.024656525403008427,0.014646411350146315,0.026089508650144897,0.883732937813503,2,none
C001077,0.10165285131564987,0.5098196364972488,0.025669630943558272,0.02673233285294864,0.07909594703782358,0.025341795102189518,0.16325091654168455,0.06843688970889684,1,gym
C001080,0.735973474969608,0.027292554934030974,0.024374381087678358,0.02561519506146506,0.029634224314457884,0.025085955150262195,0.03780293077416239,0.0942212837083351,3,cloud
C001084,0.009615518761437788,0.009948025926626154,0.08291071414238908,0.010447007568349162,0.02517717081164062,0.7444467105337593,0.08473492923416476,0.03271992302163309,4,software
C001086,0.04618621527781403,0.015399839159545431,0.0581710542309878,0.012793922105875842,0.02461647876820231,0.03460230803110505,0.02911893639111818,0.7791112460353513,4,none
C001088,0.12433940930988965,0.21711366473845412,0.01233633283259546,0.011564095399495853,0.008965267938378027,0.012374154281286553,0.5765457751938694,0.036761300306031,1,streaming
C001090,0.04240601839176715,0.04364310405427779,0.04770217753856475,0.04338727318188115,0.04617514746519691,0.043679862415386614,0.027401549068187328,0.7056048678847384,0,none
C001092,0.02283761121003513,0.022437101096304812,0.6530338585122663,0.09185778515254897,0.02546532777237364,0.022586734134265523,0.02362016156466764,0.13816142055753802,3,insurance
C001093,0.01511880729100172,0.014639251651073297,0.8130489911393588,0.014379381055187145,0.014881557050259482,0.015339407560902114,0.015340847154981282,0.09725175709723616,3,insurance
C001095,0.008621848603453535,0.9202040799420126,0.008774380374157939,0.008259059737191153,0.008532648039980379,0.00809886921895076,0.008058478393734981,0.029450635690518583,0,gym
C001096,0.024442447557800687,0.023639908788156954,0.023725533650421293,0.024570522032922378,0.023221063350161525,0.7025650988683139,0.023624690096644523,0.15421073565557877,0,software
C001098,0.33825997043890826,0.018492923219422627,0.510243080271696,0.01753588250141862,0.018136899439927717,0.017994499874758978,0.01781437837757194,0.06152236587629586,1,insurance
C001100,0.03583233983299419,0.03573628430477846,0.03768282402196644,0.03806719911868009,0.038558700747514316,0.03942998359878085,0.5610514027006956,0.21364126567459008,0,streaming
C001102,0.28554534483661,0.047572374901389394,0.04998795697639584,0.04633779094094066,0.049929464165537826,0.04896676127832247,0.05191556136749127,0.41974474553331265,1,none
C001106,0.10450820057401108,0.03432477786737163,0.243639600762652,0.4709589121979576,0.03328832493737822,0.03374568106244793,0.03877561002452854,0.04075889257365303,4,mobile
C001108,0.018114401374511865,0.45833331003529804,0.016850119078454334,0.01653213542728091,0.29300237502541837,0.017986492591789582,0.09986965392451277,0.07931151254273414,2,gym
C001109,0.030777577449049767,0.09396503089323048,0.030895345585033894,0.03433462005059967,0.42250303036828074,0.030735900240592154,0.18811701995607005,0.16867147545714334,3,music
C001110,0.20405169667875117,0.17468099136719117,0.033561433212375646,0.03082041893214968,0.033965424372731215,0.035053385073401014,0.036071010531442696,0.45179563983195736,1,none
C001112,0.011303903176734475,0.017012175384467025,0.010917711021025577,0.7661491502713946,0.022481490366299074,0.0455037360958484,0.022842663767925275,0.10378916991630543,0,mobile
C001113,0.03375404862277882,0.03403322063601345,0.03297771665081096,0.033321514474190864,0.35941483579514083,0.11980401694631729,0.09272625983507637,0.29396838703967143,2,music
C001115,0.018241925294937508,0.018485112661353227,0.01712379071775359,0.017624033231554065,0.03340544034568248,0.018444836784355344,0.811812343152249,0.06486251781211473,1,streaming
C001119,0.0349117854986965,0.03690903825113291,0.03564324086598682,0.2519828581050933,0.22783415774439375,0.03771658804630937,0.03790448388327782,0.3370978476051095,3,none
C001120,0.012830551916180395,0.11072200425010364,0.01223551444271916,0.011588818930480044,0.013144359327870912,0.7729711371376105,0.012884806497858718,0.05362280749717659,2,software
C001121,0.007478427922427902,0.06241674803808174,0.3599633922181592,0.22250522922682833,0.007134876210416467,0.2864189527740565,0.0072184707682145625,0.04686390284181529,2,insurance
C001122,0.0335722303909281,0.0350955486550293,0.034865673106709016,0.03374410072575925,0.06292496643592284,0.03497842098671798,0.06189786771069228,0.7029211919882412,2,none
C001123,0.2959682228807489,0.15964826929024184,0.01939308663582974,0.3005391714710704,0.03077256544030218,0.027639101598914084,0.08054340821596717,0.08549617446692574,0,mobile
C001129,0.020621801761930302,0.02153065202722485,0.2593860759000283,0.021994500615542086,0.13684425763071933,0.04995361951811392,0.3388554395945633,0.1508136529518779,0,streaming
C001130,0.020990541098259756,0.021152909422722216,0.021131260750129374,0.01963706009979883,0.028569471155702107,0.02092304727417551,0.735949106969302,0.13164660322991023,2,streaming
C001132,0.02571253982529641,0.02714336457637962,0.02770026355536559,0.025530882537242693,0.4894512974711359,0.2216658998369306,0.045087856590281805,0.1377078956073673,0,music
C001134,0.5694714380723307,0.017428153452451814,0.3001225135619492,0.015700638132985466,0.016470774105192418,0.016025560698819694,0.016481953100116263,0.04829896887615455,4,cloud
C001135,0.054280200533724954,0.05525411259963228,0.06078075209006462,0.03263720631034971,0.022992967646568982,0.05974832371437236,0.041362999240045537,0.6729434378652416,0,none
C001136,0.01288416741533668,0.012446334589932714,0.6213699272769118,0.011734966308571985,0.07704759569924335,0.20776021096484787,0.011460232921397962,0.04529656482375769,2,insurance
C001138,0.024042204453137976,0.025434802936606406,0.025633944042786044,0.3780593831708714,0.4257593529431993,0.024153330675614246,0.028242300076956647,0.06867468170082798,0,music
C001139,0.034297921440588575,0.03395649982201951,0.036677306375354234,0.0337130433022506,0.03561331770597643,0.03681098257018516,0.033300489260706646,0.7556304395229189,2,none
C001140,0.354858525093906,0.2953059732112895,0.02421171490048503,0.022055193015646665,0.09461098426010814,0.02196593068949171,0.08993419596125661,0.09705748286781633,1,cloud
C001141,0.034114426933310155,0.03524118872900536,0.03567049400829048,0.03879941777231166,0.035385058656051176,0.35507621709851633,0.03526182302865872,0.43045137377385617,0,none
C001143,0.018498967715442356,0.24223534982433403,0.010654494971801695,0.113220281082244,0.01331350920465028,0.5190153529821097,0.013687937116179653,0.06937410710323835,4,software
C001147,0.01324163152380856,0.015055576678801322,0.8706378894146805,0.013553397438775275,0.01356840972155299,0.013701830853166393,0.013451976729346699,0.04678928763986825,1,insurance
C001148,0.12299583415046175,0.03188045457511958,0.03163089442387928,0.03336245402444665,0.03076713417453974,0.03191646895929205,0.08028547456002914,0.6371612851322319,0,none
C001149,0.020301840050944993,0.19952307330106833,0.018602142327997787,0.6406876967230081,0.01873039256562766,0.018665767798222828,0.018786917019284408,0.06470217021384603,2,mobile
C001151,0.1302988837320696,0.023522098860146442,0.022885213041647035,0.027187944466445103,0.160343231760281,0.04263481551281851,0.08529193036991575,0.5078358822566764,0,none
C001152,0.008688577868670519,0.009158802316792542,0.008658858886558183,0.00902598453897055,0.01482641833457247,0.1907130613705908,0.7111304848890869,0.04779781179475795,3,streaming
C001153,0.03964807391776898,0.037575345182971426,0.1703637901978424,0.04005861760690328,0.015521222629439519,0.2635232936761665,0.018757799691800053,0.41455185709710785,1,none
C001154,0.017232723913216855,0.016529975402978753,0.42695574294490546,0.015645270444607756,0.4282673418182372,0.01651829430493538,0.016043816677894583,0.06280683449322391,2,music
C001156,0.04857497901858586,0.05046742227707889,0.05325919908613007,0.051111724266338435,0.055006357108282396,0.05194838674176085,0.049173495795359234,0.6404584357064642,3,none
C001157,0.047157207321724966,0.012111674561819953,0.012243289822370707,0.012154783986864618,0.013455231517331799,0.007893698358066595,0.022549312897132242,0.8724348015346891,0,none
C001160,0.0848337071386008,0.013890637037180523,0.012972039813240004,0.01533522242983833,0.4864765445750633,0.013529851737636702,0.3049585535480462,0.06800344372039421,4,music
C001164,0.01229500160248628,0.011457161372956794,0.53775009431276,0.06942589482071376,0.2546666494668902,0.012991879240829098,0.03743790505898287,0.06397541412438096,2,insurance
C001165,0.8324618650447315,0.015591097663585917,0.015252285958961966,0.013273657909619322,0.01454605005892193,0.014226010351910833,0.015175348652740943,0.07947368435952765,1,cloud
C001168,0.02583094760720496,0.06793879533646094,0.02461618217383766,0.028761203481444005,0.14496436019470016,0.026527578122111997,0.4880492116502873,0.19331172143395298,3,streaming
C001170,0.17205887821927052,0.019165879913778806,0.017400709199828224,0.01745453477047004,0.018456740402966618,0.48697517109624294,0.018350293736340128,0.25013779266110275,3,software
C001171,0.042061688660248606,0.0223144757017346,0.7103624105513469,0.02091997496954867,0.015024645099982067,0.020772447542986454,0.024430916516796415,0.1441134409573563,4,insurance
C001172,0.6279033808518942,0.05474483392674305,0.027349924624534717,0.024541532485594184,0.14418423396421032,0.02579992560464962,0.023093984902268525,0.07238218364010532,4,cloud
C001173,0.628491892299257,0.18620193787433104,0.02327478642396342,0.022623749549944144,0.023281201960378264,0.0237439476274472,0.02393316904009077,0.06844931522458815,2,cloud
C001174,0.14873841396389303,0.7042500704585687,0.009286380900263826,0.06386000710054998,0.010599062798219011,0.009577552420095026,0.010495796959374477,0.04319271539903592,3,gym
C001175,0.015935960906940248,0.1730034949627717,0.02008248342422968,0.02022852515598207,0.015196732545478483,0.025614079154174782,0.022975818044977503,0.7069629058054455,0,none
C001176,0.6414553216243193,0.02244385274453426,0.14954886065646836,0.017981625568741246,0.049208494708189304,0.018915433965967836,0.0527027929579487,0.04774361777383104,1,cloud
C001181,0.02634660452698876,0.02228271703433722,0.15780947920529784,0.6083795406596626,0.020472365703025245,0.020671566781178662,0.0206291877098779,0.12340853837963171,3,mobile
C001182,0.012858047914028298,0.012264728042013798,0.011974543492632099,0.352680026595673,0.014916606123701943,0.5380179711052953,0.014721278309814564,0.0425667984168411,2,software
C001183,0.015706195603475203,0.013767986418185147,0.023394333476205637,0.00961045391022203,0.014046343840120783,0.008183679963914177,0.011760643397102559,0.9035303633907744,3,none
C001184,0.025918213455172395,0.7659017655498729,0.027202531838540954,0.025911530476349608,0.026552441764679954,0.027092737609864435,0.02678608340901785,0.07463469589650185,1,gym
C001185,0.0294147144930001,0.030187434700652764,0.028352415209621687,0.029659540195833587,0.15141521906966374,0.5274729921468518,0.09132684128240977,0.11217084290196654,3,software
C001188,0.020751647547363278,0.021257480685297543,0.021254403737213212,0.019786450231929098,0.020017616989012832,0.7759958179649324,0.019297896535937713,0.10163868630831377,0,software
C001191,0.01636202733011269,0.01625687503169979,0.015203683390288278,0.01429798329428338,0.43816871915617395,0.34113198654945054,0.09114545772820302,0.06743326751978833,4,music
C001192,0.05333776727997347,0.035008994462010334,0.03555249851804018,0.035298105390597634,0.1583094197893978,0.14524434105218773,0.16477995186497302,0.37246892164281975,3,none
C001194,0.03221943072867209,0.02373906843763268,0.023313912790635195,0.019595124212466775,0.05963866853974155,0.02754123686184763,0.022847531369127795,0.7911050270598763,0,none
C001202,0.016967589179117924,0.017222093560100033,0.017119623784220606,0.10244326593010641,0.033518035573603285,0.00959479486153039,0.024482383503927237,0.7786522136073941,2,none
C001203,0.04121656304893139,0.015480948350220965,0.014594031778087806,0.10627340350569821,0.09376735848473804,0.606043852716784,0.04444107153514702,0.07818277058039269,3,software
C001204,0.014986200020802429,0.01505355056438491,0.22403255938282254,0.01390614044203321,0.07324475371317579,0.09849335456605669,0.45773775110687276,0.10254569020385171,1,streaming
C001207,0.025947761686256947,0.027483479982295382,0.0293367944167751,0.026518843383579946,0.03084083468037899,0.02782295922451127,0.02674678719763479,0.8053025394285676,3,none
C001209,0.028090958042310932,0.029065760811819975,0.10191384818369997,0.027115292153130514,0.32573837315721094,0.11053629675380751,0.21881101578865825,0.1587284551093619,3,music
C001210,0.06750837219680134,0.04767117585741587,0.051649507809620916,0.22230909372336155,0.05184506404631006,0.05189935520733566,0.18586347845687878,0.32125395270227586,4,none
C001211,0.6775345898238876,0.027219325239315834,0.02612796350579577,0.05924821373146226,0.019666045291180045,0.025210988485647012,0.025376045621409576,0.13961682830130187,1,cloud
C001214,0.01311537477989827,0.14593657660485443,0.09363379006609415,0.010778535317697596,0.4892603570589911,0.01013363635986219,0.16004917613268288,0.07709255367991924,4,music
C001216,0.011539298286118226,0.1837020194512094,0.011897977377014656,0.013705881106778617,0.0933609936826105,0.18761281624628257,0.44223588819339976,0.05594512565658627,4,streaming
C001220,0.518252136180087,0.3531947448008672,0.016313228021501765,0.015381198097080568,0.015680719139063534,0.015445340738839434,0.015566986240526454,0.050165646782034085,0,cloud
C001221,0.014062778543280256,0.014141446087455337,0.012282560661016748,0.14911211105921807,0.013557307662199338,0.020122008014538208,0.012995665032881989,0.7637261229394101,3,none
C001222,0.10691176779284804,0.0102025985704212,0.3691520421323553,0.009057475091624287,0.010258979379064573,0.4046957746651936,0.04950801724320964,0.0402133451252833,4,software
C001223,0.019089187500728577,0.14892671081248104,0.019145456168609548,0.17430722275803967,0.018267074989627385,0.018218771984509097,0.04486505230461922,0.5571805234813855,0,none
C001224,0.013874002095216215,0.017168254427820905,0.07372313544931375,0.10755524072778143,0.013650101950272043,0.012594539191845546,0.013366748701114465,0.7480679774566357,3,none
C001225,0.029510256328294175,0.5232549989592626,0.110663123334142,0.027484409575105506,0.027914737510505803,0.03864118452368676,0.027113718045048023,0.2154175717239551,3,gym
C001229,0.009308813119001317,0.07769026591631584,0.7191468161275789,0.008518932521619614,0.10380012860019153,0.008535887665038266,0.029593590704950327,0.04340556534530412,1,insurance
C001230,0.203401407127073,0.039297398431658366,0.032963866456830825,0.012727654602936475,0.013226738619902164,0.01253260945190267,0.012420269977540687,0.6734300553321557,2,none
C001232,0.06232908590235723,0.34966902455823357,0.02455788232165585,0.024361002037025688,0.07839901612346342,0.09531022596353884,0.025001638658016818,0.34037212443570863,2,gym
C001234,0.047520690775049744,0.045497135424218224,0.04785216219539393,0.04830600908080533,0.05118221165467214,0.04968044504180568,0.04745569090779914,0.6625056549202558,0,none
C001237,0.01580268016463211,0.6524105229321109,0.014510029397358662,0.01455939825366781,0.01555606926759025,0.015013615803826194,0.015162712390560683,0.25698497179025337,2,gym
C001238,0.0591254150714168,0.025923418117743263,0.02427827261463723,0.07263984215180674,0.49738014881812426,0.02548801007571848,0.14071473421440797,0.15445015893614533,4,music
C001239,0.16700291730267464,0.01911998335200625,0.018279484192637457,0.01858222340683846,0.05459538478616241,0.01927593958973363,0.645448267016182,0.05769580035376521,2,streaming
C001241,0.07417101291174391,0.07634376572602553,0.07901902123978083,0.07701243598473496,0.08098309576842273,0.07737318949592475,0.07796443995580468,0.4571330389175626,3,none
C001243,0.03529740927385508,0.033978698319538356,0.03369491222004029,0.03273130010377899,0.03783029736017124,0.45829775106396387,0.03670839553296451,0.3314612361256877,2,software
C001244,0.015994713092998703,0.194957151031235,0.030268246053597313,0.014442485703228905,0.017287534659047126,0.2936242909325567,0.31576984338046615,0.11765573514687008,0,streaming
C001248,0.003795526954047624,0.016875352963526893,0.01620784665877041,0.01394972474696714,0.006240862679594618,0.004665492550895836,0.009808486763285539,0.9284567066829119,0,none
C001249,0.028631014533547904,0.010717758260097241,0.13184488140122608,0.009465363832226278,0.46990056001556324,0.1890807921306599,0.08350980955418469,0.07684982027249468,4,music
C001252,0.5348285906263124,0.030999810462975133,0.029688973312790842,0.2519384502507011,0.03115937196586742,0.029908561300690903,0.03218384076820748,0.05929240131245474,3,cloud
C001254,0.017297091018700462,0.017985594776933518,0.017132779159267898,0.7028595152043853,0.01978599425926654,0.01832215950831147,0.021233959551274315,0.1853829065218604,3,mobile
C001255,0.2624097701515929,0.24919998840661037,0.031670193049810204,0.029880540838144818,0.28635729573256796,0.030687784196503597,0.03070586684896629,0.07908856077580383,1,music
C001256,0.520457473405343,0.02611744004717543,0.08214028013620975,0.024787550266783122,0.06375217707367363,0.026194957415464723,0.18666680921502704,0.06988331244032328,0,cloud
C001258,0.024942781686119207,0.71920609950947,0.02534814082784618,0.02463727118442576,0.024919262256315557,0.02486367298471911,0.02611041761888811,0.129972353932216,4,gym
C001260,0.011104343995276825,0.013999877576853104,0.01347925264909981,0.014208514624999115,0.011354354271148802,0.18621168422445697,0.011004142664596265,0.7386378299935692,0,none
C001265,0.01920428544105997,0.44335346735212167,0.019888637208287027,0.15351955411030663,0.01037628469316645,0.09945726579422129,0.16282926380217175,0.09137124159866528,1,gym
C001266,0.7746202542671976,0.020118965115789457,0.02896059384426622,0.008689599023491677,0.018221270055496838,0.01760397669997479,0.01863011830976072,0.11315522268402271,3,cloud
C001267,0.022134620069916622,0.06452255192820498,0.02067367065857238,0.021178088456718955,0.02373081152930639,0.019565702947694646,0.7232572877161598,0.10493726669342612,0,streaming
C001268,0.015870422208567162,0.01938889261443164,0.03316141045813821,0.16664299390300344,0.01935639762841902,0.2288744906829981,0.02272264923104835,0.49398274327339403,4,none
C001269,0.02332960913926252,0.023249474627218443,0.023229946393120655,0.6989538912630275,0.025243129721659117,0.02327999709021309,0.02590260801069781,0.15681134375480074,0,mobile
C001271,0.023680919956029726,0.025895348532391588,0.02499982100644378,0.023732508802792717,0.6268764476836906,0.025795996709625887,0.04526842619191926,0.20375053111710656,3,music
C001272,0.05060231888062619,0.015203672140811888,0.013482251929700269,0.014381577157378844,0.168251407800025,0.01171389844514145,0.10485606899926453,0.6215088046470518,4,none
C001275,0.027370990731591452,0.02711990194056431,0.027370387083558514,0.026847141977322422,0.03056046938241657,0.18887766012057305,0.2371475690378008,0.4347058797261729,0,none
C001276,0.02783425218752749,0.030779486056349958,0.029435339157341447,0.024859813469837316,0.05630191626716861,0.6583448486725323,0.06014212862104085,0.11230221556820195,3,software
C001279,0.570061105312041,0.30238174045329214,0.013659221198615684,0.023531670268105348,0.01225015786481547,0.012127284014688138,0.010173129461541376,0.05581569142690084,1,cloud
C001280,0.029222972226134236,0.13062410003844607,0.02956904726907101,0.03353927138672323,0.16518058822350984,0.03051818037074809,0.4696449320920838,0.11170090839328373,4,streaming
C001283,0.03672049465342507,0.12277747626898486,0.31586719517934736,0.03561550230362162,0.03562279683225529,0.03521860584744306,0.03609313854078061,0.38208479037414217,0,none
C001284,0.027975962304250705,0.02947523792595311,0.031228335179596663,0.02841408138346551,0.032657462103916166,0.02961739095779434,0.027749425187564302,0.7928821049574591,3,none
C001288,0.11143065251498735,0.13465842686079516,0.26415795637231176,0.014599564924134008,0.015067268935399586,0.3527183416122235,0.015460435177121513,0.09190735360302718,2,software
C001289,0.058967045362103315,0.056242314838929844,0.05908321998350021,0.06041599583432311,0.06306626209319631,0.061802684919941106,0.058617772715384917,0.5818047042526211,0,none
C001290,0.014405354700350221,0.015269584774458493,0.6562397474917354,0.01374861660582883,0.014431441204385663,0.01585174529673828,0.013326130379421952,0.2567273795470812,1,insurance
C001291,0.19193295048700776,0.012671855793157842,0.01334021040930278,0.6904833213906125,0.013005131998438248,0.012490329318350434,0.013108484520881002,0.05296771608224943,0,mobile
C001292,0.01228708656969424,0.012799379588971708,0.012524526710968358,0.011023087973053488,0.062185372507838364,0.011283551715814839,0.6694812210938257,0.2084157738398333,0,streaming
C001293,0.5675214271774747,0.06161967556610902,0.008476705793362425,0.008110169350506099,0.034320573128007854,0.00856182549369221,0.284591947657623,0.026797675833224722,2,cloud
C001294,0.027486958948644502,0.7264772200731804,0.025345946206450545,0.025986691755235464,0.02737632792334535,0.02702613083515925,0.026449205196445856,0.11385151906153876,2,gym
C001299,0.017279328793468374,0.01598487748559129,0.728667278666454,0.05309996017056144,0.017009484141004824,0.015808643309824847,0.01668433416890141,0.13546609326419376,1,insurance
C001301,0.011822177727143354,0.012830990726116133,0.014219137990429903,0.05212025515610045,0.03359956071003988,0.01031387197975031,0.24362519823066095,0.6214688074797591,1,none
C001306,0.017456197017351887,0.01770635075399592,0.6949503467003804,0.017028240903955643,0.019500531423893193,0.019158138068713138,0.02359957206406761,0.19060062306764225,4,insurance
C001307,0.010356542409244128,0.010717361907447567,0.014857950683041223,0.4330258947853032,0.20262188046321217,0.06528392630688899,0.22376993515451787,0.03936650829034494,3,mobile
C001308,0.018316252061547817,0.019408614182330412,0.01951238219221992,0.019093966633467414,0.015382794107899112,0.015004682349033023,0.014882753305165078,0.8783985551683373,0,none
C001310,0.15986265318565906,0.025195633701418696,0.09120720903448952,0.019197550030283707,0.5966500194174149,0.02455445601159222,0.02119777798059945,0.062134700638542525,0,music
C001312,0.5624644407651468,0.020146138196494898,0.02028351210699466,0.0936501352391889,0.13642114837436486,0.01829317093263423,0.04047693332078757,0.10826452106438815,1,cloud
C001316,0.04153929049233553,0.0273545889618649,0.03313205757780823,0.024145653208704737,0.22698057558672796,0.021930065921905897,0.42183201171838636,0.20308575653226646,1,streaming
C001317,0.05688007655257975,0.02300182603990024,0.020270989744501953,0.026698823070796032,0.18876280600183296,0.022294640720833796,0.08409545453820702,0.5779953833313484,3,none
C001318,0.032843475588125524,0.03305363790363822,0.034094798321375394,0.03269234025079559,0.03539091332547874,0.14527483333979854,0.048093245381445944,0.6385567558893421,1,none
C001320,0.7290185331083116,0.0201070940562891,0.020319041292861408,0.09478391025690111,0.019318107561825077,0.01971476251776417,0.01966768988792533,0.07707086131812238,0,cloud
C001321,0.6573792519828927,0.021525997675151714,0.021779509217736533,0.1586773094206097,0.022382481609302594,0.018571804470547376,0.020834742460711233,0.07884890316304802,1,cloud
C001322,0.029437513517464906,0.024192439143634767,0.013464421759076016,0.7317610403782557,0.061761245394440015,0.012868775720565738,0.041627761399713414,0.08488680268684934,0,mobile
C001323,0.012347629675330247,0.012640394173719201,0.012225154953179591,0.02570126120597706,0.2346173694324843,0.16715585749432335,0.4684959256418499,0.0668164074231364,2,streaming
C001324,0.014142500383462153,0.013997992631618555,0.02429733918411655,0.015331809263457013,0.027161604638171015,0.012580919304614684,0.011869230464490559,0.8806186041300694,0,none
C001326,0.02230029629435079,0.02558553158835143,0.026056691499214753,0.024358236577220437,0.02185917425358181,0.7014334581548646,0.02339717284135206,0.1550094387910642,4,software
C001328,0.06893834269342902,0.06844306400333922,0.07428880001716487,0.012467313474787658,0.12345439562473406,0.07232644167934618,0.12036122205561386,0.45972042045158507,1,none
C001331,0.054080136177478505,0.03937761335106092,0.0378364296492733,0.0104728836378953,0.07170928793805058,0.030868806345752703,0.4286304096283881,0.3270244332721006,1,streaming
C001335,0.7058270769010478,0.014382023969357328,0.013002274596044559,0.01196670607448155,0.017731227161415238,0.012279237166248277,0.17319453995591044,0.05161691417549482,4,cloud
C001336,0.022541698068988432,0.02204347049501091,0.04276219746650699,0.019551353363549337,0.020903746445353078,0.024083646700072514,0.02459046306031719,0.8235234244002017,3,none
C001337,0.05292329536444637,0.12659766930103789,0.006774265178995689,0.006543461831009548,0.2412592350858145,0.5348564460013112,0.009162705067406757,0.021882922169977982,2,software
C001340,0.0215820043544709,0.02388758335629777,0.022832972827109208,0.013639380661878042,0.08155838999639374,0.02719260359835406,0.22438812799030067,0.5849189372151957,2,none
C001345,0.031074654347646932,0.019879284845076926,0.020538538231460526,0.022129659909492543,0.013237458479972838,0.017654336993594092,0.013633531521980711,0.8618525356707754,3,none
C001347,0.5113912622274104,0.04216282728259181,0.043518365216526675,0.042414999396929914,0.0447867067986886,0.04595565563436481,0.04492040476946412,0.22484977867402367,2,cloud
C001348,0.042219492613082894,0.016882533958162707,0.016413635736063047,0.022604727774354638,0.016057264446105255,0.015585549966530103,0.015842389207853462,0.8543944062978479,4,none
C001351,0.016471116283973422,0.01542334082145461,0.6300595261945812,0.014042192361049317,0.01595173689510094,0.14422857176234183,0.015576482026041939,0.14824703365545672,1,insurance
C001354,0.7254073627006212,0.0642635744910248,0.022800292761922594,0.02147173737459548,0.00847951603154836,0.0236024560763738,0.010248156644813674,0.12372690391910011,3,cloud
C001355,0.035680027134608015,0.03755089777811269,0.22809511005082134,0.03799083680460846,0.1267311751536813,0.035465952226122616,0.39147000820758715,0.10701599264445838,1,streaming
C001356,0.11558352236961596,0.016521770902482268,0.01637154028048153,0.7459359202536961,0.017613703248697172,0.01635600963336554,0.017173332749032304,0.05444420056262902,1,mobile
C001359,0.012277842290740266,0.036733219622405534,0.011078223561590692,0.011189904357069987,0.05645658218582208,0.010521673079822793,0.7450116336057373,0.11673092129681126,1,streaming
C001361,0.05743369066210009,0.05179262773252606,0.05224149942814346,0.05040588672544717,0.05827037244017201,0.05579067355295129,0.06983137436047673,0.604233875098183,4,none
C001364,0.02920766518974259,0.03232690254599002,0.03055925889479318,0.23814367707342798,0.4235072872661561,0.03290156629374062,0.1226245757676098,0.09072906696853963,4,music
C001366,0.05334001193772141,0.05438864612808289,0.0558248933372619,0.055045811421918854,0.057539326503222604,0.36052334999517316,0.058123866503866535,0.3052140941727527,2,software
C001367,0.5693505125181779,0.030287634758801082,0.030426850478298295,0.031279349427423775,0.05564334110300447,0.029816617628480226,0.05585213665177151,0.1973435574340428,2,cloud
C001374,0.28494315544163024,0.04436421313597079,0.044126058016771996,0.04304150090704409,0.044827307047216366,0.04367057020273671,0.04768026217875433,0.4473469330698755,4,none
C001377,0.022836977865244346,0.021928364649683684,0.02556732600407491,0.02337203119416149,0.015697027486099833,0.02450348172841661,0.0161321923605353,0.8499625987117838,0,none
C001378,0.175697606910445,0.06174592343362785,0.6290539351343283,0.01771964451171615,0.01774674513812521,0.017754104429236243,0.02090525597154085,0.0593767844709804,4,insurance
C001380,0.13977186146989007,0.014267790870801466,0.04863105279014884,0.012741235751334352,0.00664830548748544,0.012125158270344808,0.04336584668975891,0.722448748670236,0,none
C001382,0.011367504071022615,0.0113375315634041,0.03900265509119961,0.012032032199730225,0.010623385904718034,0.03137385933632577,0.01745484820623362,0.866808183627366,4,none
C001385,0.01655234306785745,0.022166575821830337,0.02202575703119212,0.020727386957985212,0.023059279028530385,0.05100040928616634,0.02325683396114707,0.8212114148452911,4,none
C001386,0.020219529335737195,0.18726638600506734,0.5349424827877238,0.14263111396912767,0.012688575668094986,0.022551385355364974,0.0198519750935536,0.05984855178533045,1,insurance
C001389,0.0494189118595805,0.27691519369659046,0.018500583344043996,0.014674678134166856,0.10437276186337735,0.025563862389494617,0.16409905873675812,0.34645494997598814,3,none
C001391,0.02469744070379072,0.2800323751731978,0.026458770670765602,0.029583271503684637,0.4149667571205876,0.02676783128389754,0.1403939840896237,0.05709956945445231,4,music
C001397,0.41665553429922164,0.009360501076946245,0.491561515872627,0.009070275381175504,0.008825549498352434,0.00856220839468749,0.010982332066138465,0.04498208341085129,0,insurance
C001399,0.024071271262552877,0.02286193631119524,0.023525738093053732,0.7123281880221441,0.03963746932158592,0.02362473472919748,0.03013709953505535,0.12381356272521515,0,mobile
C001400,0.04378781075293939,0.042398484309499856,0.04052514119162409,0.04581005222229714,0.4368478005624676,0.0387468108690758,0.19750883216917448,0.15437506792292174,4,music
C001402,0.04507141352116613,0.04482339026657786,0.04437515037562226,0.04425100194294164,0.13345235557905027,0.045294596416651914,0.5311648429694813,0.11156724892850862,2,streaming
C001406,0.7410895825350973,0.013498796948065807,0.013701608928227513,0.012796141995201965,0.014799685029455677,0.14359241195124636,0.015200782463680194,0.04532099014902507,1,cloud
C001408,0.14198752530657038,0.023600702564774895,0.010515175254079034,0.013556001901304623,0.012844161440265373,0.011461415959086441,0.014597217457383129,0.7714378001165361,3,none
C001409,0.021445948962666016,0.019343138242640362,0.019224946696280103,0.018673363224761694,0.023762939323134287,0.29382634579036276,0.02394422401532494,0.5797790937448298,2,none
C001410,0.022200982214129198,0.021863747064834883,0.16995687396971842,0.023605630350555882,0.13881853039958125,0.05315319815497774,0.47309248653309854,0.0973085513131042,1,streaming
C001413,0.009783148802857532,0.019994243086743035,0.13597467512235334,0.020679647064678706,0.011792711622435502,0.00912328035047976,0.011294362465708096,0.7813579314847441,1,none
C001414,0.011591067201544496,0.11136884161987474,0.20804733507561604,0.010843313790187686,0.4873136073510338,0.011020626091863193,0.13242721649813333,0.027387992371746717,0,music
C001415,0.012679462425693398,0.01326829730298524,0.009181348496777576,0.03376347238974999,0.009847761529031638,0.018792212841355016,0.00923865248333935,0.8932287925310678,0,none
C001416,0.7526216884386552,0.026330041751591968,0.025169338495487338,0.02611415688127178,0.02678747708181954,0.026314564959593417,0.02761553274908687,0.08904719964249388,3,cloud
C001417,0.018024979826283906,0.6783629709942172,0.018385784624891995,0.01809099927599579,0.05246509933895681,0.01817404991226562,0.14787768481311747,0.048618431214271285,4,gym
C001419,0.16592533244877633,0.020061282352656955,0.6932645258691992,0.01862587274907383,0.018472701202180416,0.018577520021140635,0.01825335497563503,0.04681941038133759,0,insurance
C001420,0.042867655146994234,0.04374785869284625,0.043098213039072006,0.043313232873323976,0.16648174346480726,0.18158209374821,0.180416262048081,0.29849294098666523,4,none
C001421,0.35789907884072714,0.02761918988679445,0.01642009768869674,0.01675660415634927,0.3695925189650593,0.01695531101552503,0.09536470902487507,0.09939249042197296,3,music
C001422,0.010310408344444912,0.010886998349232716,0.07256440805433023,0.010339184685681173,0.7537959850716756,0.010858794123815909,0.07883237597642251,0.052411845394396854,2,music
C001424,0.021982586708932148,0.01716912104882498,0.03288147362216635,0.146025627342555,0.030000642910215883,0.2913966570835346,0.033479581400406966,0.427064309883364,3,none
C001427,0.525629794559215,0.042228681300161615,0.042988353655551884,0.041357438209009514,0.04297101442908173,0.01963527534490532,0.04238368017852517,0.24280576232354972,2,cloud
C001428,0.00986125837421043,0.06255582888314079,0.7048564799987949,0.017239534988645947,0.05332511413357105,0.016457898032704622,0.09227319039273563,0.04343069519619673,3,insurance
C001433,0.00798230481212062,0.7604785682055403,0.10276615631316283,0.007386741605492984,0.00903243074406001,0.00745291498385057,0.061962907833137876,0.04293797550263481,1,gym
C001436,0.015396240906096079,0.017173014273812414,0.6510762373961031,0.01511570048504498,0.014804620669609959,0.015187952634099784,0.1996706450955368,0.07157558853969687,4,insurance
C001437,0.5598520592553418,0.04093616459271561,0.04077704945057596,0.0398063166312706,0.05880330596497575,0.040901705708181774,0.040925103698980336,0.17799829469795822,3,cloud
C001439,0.27856825814899694,0.011523060117920847,0.010698681753377362,0.6020875750520311,0.013421943059948377,0.011651397084195596,0.014236783924003543,0.05781230085952621,3,mobile
C001440,0.04351415771371221,0.03968936710571937,0.041939982812243676,0.04246093117608061,0.04563598879930869,0.044364902852689195,0.04178103499486548,0.7006136345453807,0,none
C001441,0.013939538795823709,0.27953102494280047,0.4731386732158084,0.01340513206006233,0.01346904141636453,0.1574239773913768,0.01336522630065624,0.0357273858771075,3,insurance
C001442,0.009865145451338096,0.010313827754475521,0.8830471443321316,0.009877121102981876,0.009895950975658811,0.009551160961127488,0.01059486220091549,0.05685478722137115,4,insurance
C001444,0.029080228884619887,0.029247303380042798,0.03225949925785801,0.03254790646183357,0.03306231974615588,0.01920572430170427,0.03140091567916567,0.7931961022886198,1,none
C001445,0.06750814634354062,0.06839082232863815,0.07046319951828181,0.29886145397913444,0.07304291341497435,0.07411319411352608,0.07131112031097779,0.2763091499909268,2,mobile
C001446,0.019471192353482217,0.02099794458687695,0.01865437606614146,0.011355258334296042,0.3406028446814647,0.01779924354488262,0.13122060636146993,0.439898534071386,3,none
C001448,0.017399233343057235,0.017639100689383416,0.016913522731708725,0.6974940399809405,0.017574063301962917,0.10022297290211218,0.018117766869504955,0.11463930018133009,2,mobile
C001449,0.014219757265385555,0.4043893817614227,0.2613034587871583,0.013407607573397609,0.04630005890819619,0.014608739105845644,0.20862201656679874,0.037148980031795266,0,gym
C001450,0.7338501330568188,0.025106112434587588,0.02600659602176706,0.02589666612098984,0.02839207805181524,0.026406256656983956,0.027878393741145435,0.10646376391589206,1,cloud
C001451,0.02237860821351414,0.6754353777933192,0.021807119285579612,0.020909304776382805,0.02173236223439872,0.011537542144363012,0.09573383685860713,0.13046584869383543,0,gym
C001452,0.0157406658440702,0.01538022000818371,0.015382443132806633,0.14057512237604025,0.057450349822995656,0.39167629079867805,0.30450978278326013,0.05928512523396539,1,software
C001453,0.049338791793858056,0.051002487268934645,0.051891364748594446,0.2908389105954235,0.052452025053226325,0.05107298723664219,0.051815749244165855,0.401587684059155,3,none
C001457,0.5597519156885629,0.022169470157591666,0.1591934172776111,0.021562771020000475,0.08394330648062963,0.021182980421088682,0.0711448584688272,0.061051280485688426,0,cloud
C001458,0.34522542548350577,0.05156402246189758,0.052390442508446156,0.053442517485383076,0.09321806629153617,0.05157850737186018,0.22734364665797174,0.12523737173939928,0,cloud
C001459,0.03872965561177314,0.011251711895294263,0.011102852274887536,0.6688985999216629,0.18678931177508779,0.011394385592545516,0.03566433638382815,0.036169146544920684,0,mobile
C001460,0.10358914724125608,0.08461747379070234,0.013846304069381503,0.015965207944721407,0.05188615698413743,0.015043300006425599,0.04954430593922139,0.6655081040241543,0,none
C001461,0.03773863970438455,0.040711978331674004,0.6672388526177773,0.03725821428662004,0.03829368530423436,0.040484272839786374,0.04278441308849964,0.09548994382702378,4,insurance
C001462,0.015659555755959436,0.015577258212809343,0.014369424792048608,0.014992811164782183,0.3924493552729731,0.06723791301154444,0.3458886966440296,0.1338249851458533,4,music
C001463,0.026543859334431524,0.12906706496206077,0.028499704070557196,0.02648726235006193,0.030393721335411485,0.030519881240756344,0.028994514263998492,0.6994939924427224,1,none
C001467,0.7108958966186764,0.02866710061343669,0.02883901005018419,0.02788927048217108,0.028138000056439093,0.02881904662025566,0.03205822726970836,0.11469344828912859,4,cloud
C001469,0.02221510911571911,0.6735316853171466,0.010820463457504984,0.10557606702353128,0.02174513305016925,0.01187498379929121,0.022100048903809233,0.1321365093328284,3,gym
C001470,0.09921313468786039,0.022639115422642325,0.4612894227176788,0.02138678268736975,0.025329509561526554,0.02109420715874146,0.26521537514198945,0.08383245262219119,0,insurance
C001472,0.010338616479249475,0.009507498616230261,0.009240409988677768,0.04655646044440674,0.02796764603354726,0.028379278956972846,0.028785868020109004,0.8392242214608067,1,none
C001474,0.46192770721992715,0.03386205293208813,0.03329731128616973,0.03262320269575719,0.032759729070837004,0.2606354714776433,0.033838233202353865,0.11105629211522362,0,cloud
C001475,0.040875838048731926,0.03938497084838634,0.04102921185497337,0.3102382288385609,0.043280477616470615,0.042692043691285105,0.0403166647599675,0.4421825643416242,0,none
C001484,0.0232826948223316,0.33493608063184566,0.25234957727225704,0.026080674029523326,0.08141174078275568,0.024560953996647577,0.18983583023942713,0.06754244822521205,2,gym
C001485,0.1877036510743769,0.01902969116636643,0.013905945164600947,0.01977837690090297,0.018308124282907554,0.022782385668849908,0.06871695746476919,0.6497748682772262,1,none
C001486,0.01542741164862122,0.025299926565801066,0.02521070401019286,0.7138606401003594,0.02795621620022442,0.025103970776469253,0.03164741841896299,0.1354937122793688,4,mobile
C001487,0.012932452045749783,0.4693258783164904,0.19319018469489355,0.012226745931079835,0.051094279409967316,0.012654681764924994,0.21530819372373566,0.033267584113158416,1,gym
C001492,0.01937384958886156,0.06564326337218143,0.02031114130169174,0.5549279310197243,0.024057465227922365,0.021543499089502746,0.028680882015961695,0.26546196838415415,4,mobile
C001493,0.34703843106329446,0.056222501307832365,0.11803825205361691,0.0894629568631818,0.09045978044320435,0.1503124094853925,0.05267785401111077,0.09578781477236673,3,cloud
C001497,0.7201632570256671,0.018767623189014444,0.0644058684548349,0.01784695083761591,0.01838035795340902,0.011972361700953381,0.018228820044367513,0.1302347607941379,0,cloud
C001498,0.3091339594494019,0.02395411297985337,0.02257010073569726,0.02137248136068625,0.1400122111478283,0.3871680383727807,0.028979092545003207,0.06681000340874897,4,software
C001499,0.01870161689412352,0.6399126532881737,0.017964605930583726,0.020948698009643787,0.02988439886874434,0.018997169024950973,0.17134014369925843,0.08225071428452163,2,gym
C001500,0.03986243345927429,0.041609164124884905,0.4340316313885042,0.04012266572677088,0.04048924508020997,0.2767717077306625,0.04018746094162279,0.0869256915480705,3,insurance
C001501,0.6662895717695676,0.025484588697695272,0.02529211743717892,0.02423698629875617,0.026294054296262664,0.02521445772716557,0.02529930410858697,0.18188891966478682,1,cloud
C001503,0.008151961447681492,0.015012945167558087,0.012961708059693716,0.02001286925346333,0.017383056549503145,0.006221677860617441,0.016365393887001943,0.9038903877744808,3,none
C001504,0.8222603190360296,0.008822077697673387,0.008402351793322448,0.10541824093751104,0.008508310692390313,0.007995600297771821,0.00864584734092627,0.02994725220437506,3,cloud
C001506,0.018364622052665387,0.018551134819091604,0.01841244180856729,0.38025570313658863,0.048031876112432384,0.01680349795234724,0.4301201244275312,0.0694605996907763,0,streaming
C001509,0.013778657369826051,0.03530043125883013,0.04669602206001702,0.5482571940960747,0.013093982891985247,0.013011134509570584,0.27011994812398243,0.05974262968971383,2,mobile
C001513,0.028463615611060544,0.7350976115784098,0.030225801895945346,0.029395872399915937,0.030567651723358083,0.030999238773876638,0.03080861200854522,0.08444159600888829,2,gym
C001514,0.014688261426346149,0.015640108177682202,0.13547115836409734,0.7336696286624436,0.014851143255163176,0.014493403050092247,0.015046576540995182,0.056139720523180184,1,mobile
C001516,0.039883830744888896,0.03529646874336853,0.01851272978792022,0.02593820525136488,0.023238974227000966,0.02886029002709262,0.016212184234408577,0.8120573169839553,2,none
C001517,0.017756762466444267,0.05775422502469203,0.3021714622509465,0.016254384355092247,0.012364693451155592,0.5215544264577027,0.014099655929857343,0.05804439006410931,3,software
C001520,0.025416151371441164,0.40785254725044096,0.025547243529442057,0.025421923591696427,0.03024751773546521,0.3693149137092149,0.03620656477494976,0.07999313803734952,4,gym
C001524,0.015443339175791479,0.5444062520642048,0.013989118144830089,0.12469723023794704,0.17766907725110725,0.01467890964058147,0.032362426279223803,0.07675364720631418,2,gym
C001525,0.051623379398844475,0.05820369774454305,0.056936411193157774,0.0900907743979999,0.15209915136261823,0.05396972550203624,0.0531364627197711,0.48394039768102926,0,none
C001526,0.011168913337620087,0.8948936093848876,0.011666226896272251,0.010174154471562778,0.010410582729052615,0.009822606274545283,0.010323929977227508,0.04153997692883184,1,gym
C001527,0.586997989172021,0.11750112371240906,0.010031108037652472,0.015245891254787458,0.0077235562212515825,0.20474563472950205,0.014691862913764377,0.04306283395861196,2,cloud
C001530,0.05231560239854562,0.052418846751741036,0.05324271923405682,0.43336933434119185,0.05189101567225059,0.05250273463566899,0.06340269792960268,0.24085704903694238,4,mobile
C001533,0.013139914565339037,0.26500612920560745,0.02146180720727643,0.22194633175917322,0.023623921485541148,0.2384634144234838,0.051640725445870485,0.16471775590770837,1,gym
C001536,0.059304250530564415,0.05550847405587018,0.05568540356019665,0.05423935500279119,0.06329528115949835,0.3071925462444372,0.08547297204282454,0.3193017174038175,4,none
C001540,0.03212332599348392,0.3468105158947907,0.030740606219509366,0.418192424383109,0.03176442533043634,0.029942111214892472,0.030555779774614485,0.07987081118916371,2,mobile
C001548,0.017424542629934044,0.013773397507732547,0.5635901971590099,0.012557743120310463,0.30360198062577654,0.013121363954962679,0.020183260015537732,0.05574751498673607,1,insurance
C001549,0.01601428989051541,0.006263306657834903,0.012575696812531182,0.8861184586018008,0.014859496997169739,0.012350523483477573,0.013604970974634345,0.03821325658203607,2,mobile
C001554,0.14866429726176783,0.25912842800360475,0.30872139944305843,0.015939199998721138,0.016360077681587253,0.014700514678144948,0.016397877808371295,0.22008820512474447,2,insurance
C001555,0.02034941816306568,0.020808106265259307,0.06740077867105043,0.021716845945270825,0.019640064450091255,0.10838205331807302,0.0198626087095299,0.7218401244776596,1,none
C001560,0.015981779219100767,0.01541160573519594,0.38843909275036026,0.015354995921780856,0.08050865298805286,0.017731871131891078,0.4177980337242351,0.048773968529383066,2,streaming
C001561,0.05751420297959514,0.05361711164782564,0.05403642971392571,0.05220081701122942,0.06015132656849086,0.05765295070594835,0.07060359478478792,0.594223566588197,4,none
C001564,0.04645311222141278,0.045872584575987224,0.5486104165214709,0.04442744854532922,0.04489072515991158,0.04400928703531424,0.044972709861735724,0.1807637160788384,0,insurance
C001567,0.013368430017897334,0.47488488721294086,0.197487032476173,0.011053496867864094,0.24935058921881514,0.01072475035608451,0.012378176623765487,0.030752637226459496,1,gym
C001569,0.018630636755913,0.15389178169769227,0.01778510453516606,0.016955847771869786,0.6651069587848889,0.02033129998713759,0.04552453740228364,0.06177383306504883,2,music
C001570,0.06863010678791327,0.6348917349275273,0.008479626753232997,0.0076100430805266656,0.007810627575502684,0.21955631770663386,0.01988009916765417,0.03314144400100908,1,gym
C001571,0.015112475253582102,0.17477280882308804,0.014408393697661887,0.07102720035344989,0.030754838963464627,0.5953894054742157,0.06901041775244185,0.029524459682095897,2,software
C001572,0.45142211662180115,0.02749374181833044,0.026643926656023664,0.32504657943136345,0.026022294961268542,0.025179662376106915,0.02754590186810982,0.09064577626699605,1,cloud
C001574,0.054257261053882136,0.05783768191439649,0.06755991285991308,0.057683925597038464,0.06212549480984274,0.3038415221189033,0.07906562617753798,0.3176285754684858,4,none
C001575,0.01670134058429772,0.017720738119320782,0.016478732544745255,0.8102861572579816,0.020677399086512394,0.01775122271909767,0.02058519233514172,0.07979921735290285,3,mobile
C001576,0.04434545551189335,0.04505037722116055,0.04166794326096364,0.05302504573337433,0.2116389825832159,0.11599169709677445,0.10028704864289902,0.3879934499497188,4,none
C001577,0.017184307180776563,0.3788587904067755,0.017480364338859578,0.019123532953753665,0.11267118771527213,0.22897015070033772,0.15858349251297477,0.06712817419125008,3,gym
C001578,0.020118183719295454,0.023496639107264246,0.018241138859310495,0.016441209162376347,0.01790460963260234,0.8090403254089369,0.016917244630607592,0.07784064947960673,3,software
C001581,0.05789016318269261,0.006308613362935726,0.01829456025955541,0.022365772279965966,0.01395972701883033,0.01944634525738724,0.014689951888733286,0.8470448667498995,2,none
C001582,0.09820431456122755,0.6010812797286943,0.012563199591428069,0.019478540335027227,0.06062925561574718,0.07584357888109165,0.012714145979686235,0.1194856853070977,1,gym
C001583,0.017649804376033355,0.01821444786969159,0.017440318526511664,0.01686550905749057,0.4428181205575782,0.020436899575043875,0.3737956619798569,0.09277923805779388,3,music
C001584,0.041250224001985865,0.043057484612880746,0.04049588085437726,0.03909094652459753,0.04303900864165591,0.04015140422488071,0.22889539198421366,0.5240196591554083,3,none
C001585,0.015389868864678684,0.04912592568913505,0.014812103842924262,0.01392388177095932,0.11554698778377845,0.3928315030938808,0.35484485547024186,0.04352487348440147,1,software
C001587,0.015105762730747459,0.013481333940671452,0.013919834156695282,0.07022509848462843,0.08057652553005885,0.0037973871561794844,0.1578772757792502,0.6450167822217688,2,none
C001589,0.05034348821782755,0.05027790196729621,0.1413022202542642,0.3051831651370529,0.0527415548112826,0.05125365678425923,0.056828662773021676,0.2920693500549956,1,mobile
C001590,0.01096052320648712,0.0114375603187807,0.05828387629024575,0.8365538636558452,0.010228608412651108,0.009979068246667439,0.009986703666003908,0.05256979620331899,0,mobile
C001591,0.018093519270251938,0.017692940255977944,0.6861100884063132,0.014055760363022392,0.11200771926530922,0.0300839816320777,0.012908286164565397,0.10904770464248217,1,insurance
C001592,0.04063522969969488,0.04288017584914834,0.03943198883989322,0.03853273670830347,0.2889281126889561,0.04045753919217753,0.25714439617645435,0.2519898208453721,3,music
C001593,0.04426669434704067,0.0447052428485398,0.4733318258637333,0.04281659787676029,0.04292516527697439,0.042257275302247696,0.05839171648934754,0.2513054819953564,0,insurance
C001594,0.048400215714033926,0.048909059274545696,0.32281753215909453,0.049722525005449734,0.05140571457568331,0.0522891914778761,0.05071936119721993,0.3757364005960967,2,none
C001599,0.008934588188934231,0.009442999603839305,0.009096869415425885,0.005098877399930876,0.7546384008808347,0.00927782168707218,0.12263109514557852,0.08087934767838435,2,music
C001600,0.08681422171490392,0.03207552559697868,0.032873853901829994,0.28610424288281366,0.09148882372246225,0.030682443693162795,0.32390318821693775,0.11605770027091099,1,streaming
C001601,0.3204490660633781,0.18369570764852944,0.014335169064202583,0.014238705021500602,0.011646906169331808,0.014645343127564055,0.40298962418942696,0.03799947871606639,3,streaming
C001602,0.041161313726208716,0.04081989210763965,0.04353770796461849,0.04052819472303521,0.04267330923314733,0.043911552399381756,0.04071533482815608,0.7066526950178128,2,none
C001604,0.03143397582002484,0.28715141782818887,0.03428902317472561,0.03154371938670038,0.0350984390392533,0.15938970660353266,0.036181993254718416,0.38491172489285597,1,none
C001607,0.02212455599870982,0.7688186249680242,0.022286713008837195,0.021733851963081793,0.023053062936093032,0.02266478644180063,0.02519962982318404,0.09411877486026929,4,gym
C001608,0.018906048014509493,0.7942496115912026,0.017952600689885412,0.017046515553187373,0.01879060444953072,0.01785057678034912,0.017967510691927775,0.09723653222940773,1,gym
C001613,0.06719991970605035,0.026667932272789956,0.2359113441269068,0.02497243406587569,0.08626391949534978,0.11829601324494773,0.3797854947049988,0.06090294238308092,0,streaming
C001614,0.017008415563306165,0.0170123660085763,0.8264125602293714,0.014193129138465686,0.015398436529975783,0.014375062408575678,0.013570234261589622,0.08202979586013945,3,insurance
C001615,0.011029005552927951,0.009940643986434773,0.7633823429699671,0.012020105164845658,0.06991238663724283,0.0058174204928844436,0.07534043289895695,0.05255766229674018,4,insurance
C001616,0.020026163951453062,0.5420208467412599,0.01973667410150462,0.031149955837172803,0.02020244103829883,0.2090506330869647,0.01947984213658052,0.13833344310676543,1,gym
C001617,0.012271237237025676,0.01211706396307668,0.011414153639911996,0.4325649646116062,0.09745119998534293,0.08117321530321644,0.2978235762146546,0.05518458904516538,2,mobile
C001618,0.031065086648450844,0.12106314081462541,0.031799006426380595,0.11640358887538418,0.031223214448318517,0.03145878366898976,0.031930854441316374,0.6050563246765343,0,none
C001621,0.033936304134897975,0.01528103042004154,0.03142139429378722,0.03314505366442486,0.3680971086333749,0.032927163784857535,0.34352825046525115,0.1416636946033647,4,music
C001624,0.6644292814210154,0.03644967608187458,0.03570531301760167,0.03509736971199522,0.037381803255614965,0.036409367775810594,0.04915115743437164,0.10537603130171588,4,cloud
C001625,0.060717568147642426,0.06037547709863608,0.09811513916524114,0.06130507490482514,0.06339985793707052,0.07367007941482814,0.06191988818321631,0.5204969151485402,2,none
C001626,0.06798846314738789,0.059867383452875095,0.06136686458112349,0.211980790418809,0.06588991919350054,0.06388745612035339,0.07831789168926143,0.3907012313966892,4,none
C001627,0.016062432562075398,0.0151795042570823,0.015083272718981083,0.3454516011563177,0.03517079112696337,0.021159771569495597,0.013851509308207683,0.5380411173008769,1,none
C001631,0.054985500684756036,0.05805340062439043,0.30943569358711176,0.05925132467472008,0.06086990725708348,0.06065026982409524,0.06368417347719735,0.3330697298706457,3,none
C001634,0.16675478632820537,0.02222137174536813,0.02146239719400248,0.5415313463226636,0.1352339924026016,0.021706234195218194,0.05642653266165716,0.03466333915028345,3,mobile
C001635,0.28179597119175603,0.2087912303440089,0.015202500449611984,0.01701417327582018,0.0916586334044911,0.008552641633959017,0.3131969094354146,0.06378794026493831,2,streaming
C001639,0.026375984784198232,0.03293405854541946,0.03354202947786834,0.030622132570859426,0.4162456402558298,0.03164393649436576,0.26220015772476135,0.16643606014669762,1,music
C001640,0.030831644513977262,0.02723582462232952,0.026067144192319293,0.4628688822492443,0.0316957665780072,0.027043427559886247,0.02677095088103022,0.367486359403206,2,mobile
C001641,0.03136077319742487,0.030653627092647535,0.03271961585264404,0.03029834925420146,0.08956573166228646,0.03399225962103297,0.03602051723059922,0.7153891260891635,4,none
C001642,0.07210997393286728,0.07176855231429821,0.07446628096149843,0.07291285364283061,0.07673673872136573,0.0781606378837572,0.07510273723325622,0.47874222531012633,2,none
C001644,0.022910811534584137,0.02197967703472155,0.021703254990141453,0.03282050688324154,0.04780631517452906,0.011947461612180616,0.023671835950484662,0.8171601368201169,1,none
C001645,0.03551634488708229,0.5742113288827245,0.035188452806212266,0.03340407544437545,0.03399695368950703,0.13553900857236578,0.03441529698576695,0.11772853873196568,1,gym
C001648,0.020679142422067365,0.021577310950493776,0.02030794554037021,0.019162451145092817,0.020740644152869685,0.5417945009493652,0.02563358785821889,0.33010441698152193,1,software
C001650,0.034246325932230495,0.016056812552077512,0.6841512174491178,0.03323729314295169,0.03462282680459346,0.03415967047289224,0.034060298518607,0.12946555512752977,2,insurance
C001655,0.00824624852887116,0.00853204114228506,0.008141828478178388,0.20373841804345882,0.3953249438952934,0.007712385667821743,0.2942921917015563,0.07401194254253524,0,music
C001656,0.01125045859670387,0.3622698715945373,0.413805942253922,0.010060291613609813,0.010580763357756474,0.14608376138291299,0.010515787857724317,0.03543312334283327,1,insurance
C001660,0.027754726026267506,0.02710947345144659,0.02886662453068494,0.19805556210321396,0.028951885652806552,0.03008631448352074,0.0293011433701402,0.6298742703819196,0,none
C001662,0.034217458866950407,0.01127915331567856,0.011077703564289262,0.010630187697717211,0.6616990091414627,0.09574694402831314,0.12972380365381214,0.04562573973177652,0,music
C001664,0.017843958113876474,0.01934707113907859,0.018095431815923765,0.020842173322684687,0.5511822995513905,0.1471280727620085,0.16589388504379643,0.05966710825124104,3,music
C001665,0.03260199480226287,0.03378702429253423,0.03154950751942465,0.030919424462857063,0.03236017668375716,0.5544286165098171,0.036990115072153516,0.24736314065719345,4,software
C001666,0.012085673651354562,0.011350607024071084,0.010314334505140719,0.011085144700297688,0.006071938950918982,0.007196039232197106,0.005862905183079241,0.9360333567529405,4,none
C001668,0.01898576867689619,0.021103310347107555,0.018155024241715476,0.2290260850362355,0.43762160773229036,0.03200782535656943,0.06751880337753684,0.1755815752316487,3,music
C001670,0.024444707422235885,0.5565515776777548,0.023599552956521604,0.02708503425277968,0.025642537012919756,0.22806436892763848,0.025752938084199758,0.08885928366595001,2,gym
C001672,0.017057368103617267,0.01626639827809136,0.016411613739854017,0.7594306169000373,0.0165409068107352,0.01596350715906552,0.015904146801422932,0.14242544220717637,2,mobile
C001673,0.01299049345747412,0.01360162252105395,0.4386938610329958,0.012350048477387084,0.019598970711191908,0.0121578527554849,0.45995148651014106,0.030655664534271196,0,streaming
C001674,0.009757630888038372,0.009637457930192229,0.034191945425192355,0.6924269116505761,0.10230728777251671,0.009884455268927481,0.1088696410029249,0.03292467006163194,4,mobile
C001676,0.027888575839801914,0.025990889694811364,0.026938077542140337,0.011492237172911177,0.019153181428996663,0.22765953939058325,0.5357190862766037,0.12515841265415165,1,streaming
C001678,0.03162867902742145,0.6882974900375433,0.03149979914266483,0.031082518750843894,0.03195311798000752,0.03140270741724612,0.0372442734457252,0.11689141419854775,4,gym
C001680,0.1820187810680685,0.3643480511364299,0.026439994555341392,0.02633854654028738,0.1322615598320277,0.029309634245657627,0.13510540049485992,0.10417803212732751,2,gym
C001681,0.04392256156769929,0.2208568846565165,0.045571471499976854,0.04478824482086159,0.04781828174247424,0.04847146755263275,0.28804136788588364,0.2605297202739552,1,streaming
C001682,0.043876895449280584,0.04128200802410274,0.0424681212302806,0.07123499821045104,0.041946813036213906,0.04177710828241741,0.0514870735354338,0.6659269822318199,4,none
C001686,0.013726248086383803,0.014620597373674707,0.08248540434197231,0.013702226261099518,0.5981707451533936,0.013762655825532377,0.2088765785337267,0.054655544424217,4,music
C001692,0.03466675257460532,0.036241698352057566,0.03427047251681184,0.03461017738762962,0.04670517109861885,0.5607679774077916,0.040498948052699116,0.2122388026097861,4,software
C001695,0.07013641652145934,0.07070142957245111,0.051777707129356525,0.07705459732213152,0.08005981376403054,0.07846531733476515,0.07259032402648646,0.4992143943293194,1,none
C001697,0.02217870155021811,0.018616756996956814,0.05565679138648219,0.04343059387726477,0.014778935723488673,0.024164661188275954,0.015507427843274383,0.8056661314340391,4,none
C001699,0.01769165627718995,0.02225261866883623,0.041466206243277834,0.08982315724475073,0.02622681353674676,0.0664360409244103,0.17207021900806407,0.564033288096724,3,none
C001700,0.04666394150394593,0.047993366238887926,0.01976669058978277,0.04819969381931027,0.04955526983324189,0.050171099657295076,0.047849220262010925,0.6898007180955252,2,none
C001703,0.06513254610446693,0.07069187103714947,0.3522041954529363,0.06952328164872523,0.07400171320789378,0.07247455779650183,0.07203212899858513,0.22393970575374134,1,insurance
C001704,0.023315621588337616,0.14302222622685218,0.0223624061630874,0.3839573776205134,0.2695114625257068,0.021471203367196316,0.008576192635185316,0.1277835098731209,1,mobile
C001705,0.3693626635777705,0.018570455806809102,0.017855261514610404,0.052484635546270066,0.049574779878605306,0.006687933323617383,0.41542326193994095,0.07004100841237632,2,streaming
C001706,0.4634676424454447,0.03053791394474,0.3127087224442563,0.02666919248500621,0.027065167969553994,0.02721947172337439,0.02751743716651202,0.0848144518211125,3,cloud
C001707,0.005702396933126061,0.5539376524350885,0.005591840978999855,0.006406051121937986,0.3611350383284134,0.005702285559308607,0.041623612184079464,0.019901122459046208,2,gym
C001708,0.01638579681279942,0.016287869402392224,0.0637097344001629,0.30037111689433055,0.015759935613670333,0.07388033887232315,0.015944353368293775,0.4976608546360277,0,none
C001710,0.02081631987381912,0.018917361760693863,0.26275093817889295,0.02139356806804199,0.19890905415622667,0.0237970770437366,0.022296285435753686,0.43111939548283507,2,none
C001712,0.010531645813512996,0.010150815781470262,0.6302398903671816,0.2653523282138821,0.011062781917982555,0.00955047348733721,0.011602993115354548,0.05150907130327872,4,insurance
C001713,0.15942001993796012,0.025392588824315922,0.11102716641351465,0.025541973652474986,0.1128307841134508,0.05341278383632132,0.16390061003546352,0.34847407318649876,0,none
C001715,0.2108489812115233,0.127460668938462,0.01619794899849726,0.016379929434353773,0.15132335044893766,0.4233032853794759,0.018903501060781466,0.03558233452796857,3,software
C001717,0.6953529762309438,0.02791212871807705,0.028598979331791598,0.02675701567514343,0.02949660069349315,0.028567797332512537,0.02945407453504959,0.13386042748298874,1,cloud
C001718,0.020827038913312182,0.15301706686290573,0.0509205576250783,0.5125978694975447,0.11616674886414205,0.019722706127828248,0.01789400648117403,0.10885400562801475,3,mobile
C001719,0.01404554614893971,0.858818470072204,0.015221122258959259,0.013917734072917569,0.013934833774734279,0.014617208908426754,0.014899075305853923,0.05454600945796447,3,gym
C001720,0.028142513352252173,0.01582220559194275,0.024509085351722346,0.021276364353495586,0.09132033257489684,0.022246534823151733,0.017116466978483458,0.779566496974055,3,none
C001721,0.010229412207953172,0.01185710477514292,0.011447190636764139,0.010935677961648528,0.03408845536335019,0.01166941260826894,0.8688995555340708,0.04087319091280128,2,streaming
C001723,0.025961381656676885,0.02832909427827047,0.02747578518017265,0.028062741630501705,0.06203469913974246,0.02659486003949383,0.7053477552862809,0.09619368278886106,3,streaming
C001724,0.016736280023061538,0.8270090636136381,0.01613014195873266,0.01683726229917632,0.016934038316880326,0.017489339866145807,0.017427512796329557,0.07143636112603571,3,gym
C001732,0.041987384067513,0.3310463350527521,0.15682272518680393,0.04026781155389601,0.08611255446027974,0.03915589873103309,0.07364098902421093,0.2309663019235112,1,gym
C001734,0.4956220983191456,0.03908264982589664,0.03854724362681307,0.037678168300702156,0.04039493078082983,0.03914217666872291,0.05047189961680261,0.25906083286108716,4,cloud
C001735,0.20501801735335967,0.30958965643734515,0.011913779360392738,0.013529197628448491,0.2420836752610701,0.016696826671307376,0.1575812611925178,0.04358758609555863,3,gym
C001736,0.025777206141903684,0.023229198088726366,0.026646915448194933,0.02480969251339108,0.2042551559268134,0.015539473920868897,0.02784099477787815,0.6519013631822235,4,none
C001737,0.3010808459980629,0.293394762864417,0.06765846449696883,0.10723228250057629,0.014177876130906441,0.01368721349224264,0.013938153960153847,0.18883040055667208,4,cloud
C001740,0.6664374370490909,0.030389172276254643,0.02930170193182618,0.029137378308350777,0.05324542661600288,0.02991576813696975,0.05119757608844816,0.11037553959305679,2,cloud
C001742,0.038118908844781814,0.037859050652708656,0.17418784665351844,0.03727907124979862,0.04100597282646821,0.5030411433153097,0.043061397685597504,0.12544660877181701,2,software
C001744,0.014968019894975622,0.003051254866543171,0.23191567826743426,0.013959110400635074,0.05318717840295488,0.3602602477518734,0.2460579657409568,0.07660054467462685,2,software
C001749,0.21453728216461268,0.014883614883398386,0.01875800479902213,0.12447420168001908,0.14320629206855154,0.014373071691916216,0.3597979616026197,0.10996957110986025,4,streaming
C001751,0.016639736511846824,0.0186956911889085,0.11734791343435834,0.017616087424131566,0.07597374715446203,0.015193681003561162,0.13417773235179412,0.6043554109309374,0,none
C001753,0.014382864341062474,0.013174133381973744,0.032571225657453365,0.01112422822335307,0.010749534672105467,0.8605370915292292,0.010947688027157865,0.04651323416766483,4,software
C001755,0.023335806326015295,0.022914358980150908,0.021850767341334093,0.02228259007791613,0.2466585291888696,0.04014000698469746,0.45268945904765623,0.1701284820533603,2,streaming
C001757,0.3134850881923931,0.03883661017585091,0.03840831945454849,0.03619818807880613,0.200778925020402,0.03849171016252717,0.06935866431913165,0.26444249459634056,1,cloud
C001758,0.6541589109625287,0.028448017902671666,0.05050726828165009,0.027012476887908823,0.027962145460554498,0.022724519281428136,0.027322325257523095,0.1618643359657351,2,cloud
C001760,0.029969953728840606,0.02962853211027154,0.032352031123782786,0.02938362136274135,0.031425897213742095,0.03260119961103014,0.029126378419248783,0.7855123864303427,2,none
C001762,0.02656935320370659,0.010722930166300368,0.341098062831661,0.009361969642449414,0.00995917440863191,0.008847194277386164,0.009393402046757177,0.5840479134231074,1,none
C001765,0.028854433887209346,0.023405188321609212,0.02373011427041849,0.02815698540509538,0.03527817293500942,0.084342066789927,0.022405560373156767,0.7538274780175744,2,none
C001766,0.0258182209974659,0.10173152192866045,0.025810245717497866,0.0303614772836892,0.026693672042309175,0.1457723730022613,0.026397345346264922,0.6174151436818512,2,none
C001768,0.048726423272513496,0.050291684813844904,0.05175245843974402,0.04857125785026887,0.18032285646531848,0.05917126175696317,0.24602835541564422,0.31513570198570284,2,none
C001772,0.03953999796291738,0.011817402273596544,0.010055763834526589,0.007690246699154275,0.7122053167733251,0.01058327507333385,0.16089296694934585,0.047215030433800355,4,music
C001773,0.7036219105802962,0.028536219564324485,0.028650260235291186,0.028776545968100038,0.029411637469193355,0.028967179167995516,0.02874144459791829,0.12329480241688094,2,cloud
C001778,0.03530945353424638,0.03256268931699784,0.2838821431314156,0.034656903378646124,0.03533865321070469,0.4379476485789112,0.03754091045659232,0.10276159839248587,0,software
C001779,0.012562308158664133,0.4082981452127093,0.012760381195741235,0.2589577683014853,0.013073016725002521,0.2243962127768498,0.013345626461801815,0.05660654116774583,4,gym
C001785,0.034876398404651565,0.034930522018864735,0.03404856023582559,0.03431250866009682,0.3996290444065066,0.0362919089699498,0.28778103196933447,0.13813002533477026,2,music
C001787,0.38240049953327876,0.08381070882564637,0.014623291004939094,0.039006986705147004,0.014441015627511137,0.39525392061873527,0.014321315487601367,0.05614226219714097,1,software
C001788,0.5577290035377906,0.07118066201444238,0.020846672177172395,0.01956344336924595,0.020446619590558254,0.020136552158560195,0.02066473678452995,0.26943231036770027,4,cloud
C001789,0.7104905364236785,0.029844885372205268,0.03143052771817159,0.027573113989931848,0.028734112416841994,0.029524074337824946,0.02988273413137081,0.11252001560997493,1,cloud
C001791,0.019721718671939583,0.02117356744947951,0.021765980567405793,0.6692281460890575,0.02030662921214874,0.019483686188459835,0.019499428605814408,0.20882084321569475,0,mobile
C001792,0.038523908518326044,0.039643347441786166,0.03910128830798679,0.03737571504617185,0.036839666022495485,0.5716151637101385,0.038958861075873485,0.19794204987722164,0,software
C001793,0.17293177778599178,0.01948912569351461,0.019093425422615426,0.018133815743284147,0.0734705347351171,0.640209818191674,0.018981329089349006,0.03769017333845391,0,software
C001794,0.06690220518866467,0.01831770259521591,0.09370331106083193,0.04549448658194889,0.06394999046921529,0.33072603500459063,0.3290544006711634,0.05185186842836916,3,software
C001795,0.01626801293879438,0.01690193321176589,0.00851882096433799,0.011724406345636153,0.020743603888810858,0.015888582860225632,0.7683328047460485,0.14162183504438053,3,streaming
C001797,0.013695233953248481,0.01676043543812967,0.01645706000990837,0.037629192073142984,0.022050019909473802,0.03190715587475919,0.022293112091460628,0.8392077906498769,1,none
C001799,0.01308765002346449,0.01307118800562083,0.012645632670335501,0.0037071860823401142,0.04333469872263799,0.24451910895615542,0.561944567736053,0.10768996780339264,3,streaming
C001801,0.008766728588299598,0.011484090783224042,0.011902627209512217,0.030255363297325494,0.06663133989497311,0.02790671226810532,0.012457156810759666,0.8305959811478006,0,none
C001802,0.02167331606638087,0.02224160544665957,0.014270738361576739,0.028637730583283606,0.01214665295352731,0.012048922305818718,0.012181934383504046,0.8767990998992492,3,none
C001806,0.012426580823570368,0.014775344867879375,0.006854728830525937,0.013923693682652772,0.7410817564780927,0.0141648565857012,0.14028148010944747,0.05649155862213016,2,music
C001809,0.3096248300788866,0.13681704115184257,0.05509296957614782,0.2236110385160623,0.019456224925384458,0.11508745180643434,0.018932158441875832,0.12137828550336614,1,cloud
C001810,0.02117902901841945,0.231716384527965,0.021377215385775535,0.019896188820544038,0.19514303251870171,0.03403630200318727,0.1983060542332431,0.27834579349216393,1,none
C001813,0.03330146482934436,0.03542057808316816,0.6742875713925639,0.035033488258192885,0.035621197994074864,0.03644225934143995,0.036993769788168776,0.11289967031304715,3,insurance
C001815,0.020594278360225364,0.7859072004485573,0.021139349114134627,0.021257349185891193,0.021898479095854597,0.021942500479362685,0.022390012330809693,0.08487083098516457,2,gym
C001817,0.02191090403352093,0.019030442200464428,0.018731629847937973,0.019887156094702624,0.41826076949864,0.002796073894593145,0.4232642477350119,0.07611877669512898,2,streaming
C001818,0.03688197456632144,0.26238973140076155,0.03850557347607271,0.041275828920427735,0.10513258394064842,0.04098769123674455,0.3008574491858843,0.17396916727313927,3,streaming
C001820,0.03686624177218792,0.03420467671433694,0.6516278881530191,0.033666568790245835,0.03604945677238611,0.03495684779106101,0.03495123401883975,0.1376770859879233,2,insurance
C001824,0.20655168822794656,0.02609960799369026,0.5516749167334017,0.029348003148477214,0.02483141199017405,0.025312220295294986,0.02920572812565394,0.10697642348536122,4,insurance
C001826,0.03753692402979173,0.0374590832650044,0.03749016308401262,0.037075081337969204,0.08276239842477931,0.035702438945654516,0.600098047724437,0.1318758631883513,0,streaming
C001827,0.03511573642301242,0.6611179703583671,0.035006890605731464,0.03387074312733543,0.022300533978848017,0.034706733062825845,0.027003817308157218,0.15087757513572259,2,gym
C001832,0.26135648174601844,0.016150049853334895,0.16912694821225227,0.014987174937443313,0.15642856129476967,0.015311632011453902,0.25085784947333634,0.1157813024713912,2,cloud
C001834,0.06383043266069102,0.024622459815549627,0.024901260212681436,0.6045529407684787,0.025359206506633356,0.02426033602582329,0.025706911341148067,0.2067664526689944,0,mobile
C001838,0.01468119386237876,0.3492286315194648,0.015199512642212774,0.015307346181526224,0.2113190334331597,0.01606664892280233,0.23046125748867907,0.1477363759497763,1,gym
C001840,0.18159772410477695,0.044777956223654804,0.009930216216492333,0.008975031331824698,0.02973801160205644,0.019147541559250185,0.03421836575415935,0.6716151532077853,1,none
C001841,0.010236707099420138,0.013722847862825176,0.011846412996975015,0.011934979750247132,0.7478205734694694,0.014703040054350622,0.1124534763002496,0.07728196246646302,3,music
C001843,0.011360863696497886,0.011748462990326492,0.010233508877040259,0.0982569344935902,0.0793932781245131,0.07039346054336416,0.6440577692545938,0.07455572202007402,4,streaming
C001844,0.07581038982571718,0.08777691946964787,0.010294497679005966,0.7155896743164636,0.009967700887315339,0.009784651712033405,0.05122086395001137,0.039555302159805274,0,mobile
C001846,0.03197582986613155,0.032522587791234556,0.2481103038702786,0.032835108236774005,0.034547919830905216,0.447759940709531,0.035064748565480384,0.13718356112966468,2,software
C001848,0.0974534639403562,0.02205104011521731,0.012504145839655851,0.011103878707117248,0.6179994806857714,0.01213381951050305,0.1951207553389555,0.03163341586242342,0,music
C001849,0.06408927273849602,0.06619769550449166,0.06797771458667227,0.0665275554979029,0.07052480050560934,0.06686622822903772,0.06934296653842187,0.5284737663993682,3,none
C001850,0.5579354120240843,0.02112570301992856,0.020480547636994258,0.0207567498256835,0.022843539320481346,0.16922339134611128,0.02115320429012777,0.16648145253658908,2,cloud
C001851,0.31353111943389395,0.02081492886103138,0.019587733477322553,0.01820381942474475,0.029027660015284455,0.018503912940702243,0.5234602639002841,0.056870561946736654,3,streaming
C001854,0.01090435269445094,0.789524552216998,0.011852415551393691,0.010839891508092477,0.0699948314669078,0.011196680277849314,0.020047568003972897,0.07563970828033481,2,gym
C001855,0.024360942594889516,0.026502365132516182,0.24052765602247062,0.031140580516015606,0.1479751637153255,0.01138738802850372,0.1516356250808885,0.36647027890939043,3,none
C001856,0.7366707207306249,0.015599906718409934,0.01657014588185789,0.008626223727823736,0.016415612014457834,0.017273841138309088,0.01744716472782407,0.17139638506069244,1,cloud
C001857,0.014584996215555516,0.04377978332168624,0.014231974640022984,0.04383607286136894,0.17487617374839923,0.012813560985768154,0.6217082345992895,0.0741692036279095,0,streaming
C001859,0.13740282707643428,0.030182756268166015,0.13726228713102037,0.03010841193826768,0.41329408026357384,0.029252238905198975,0.1295138976922683,0.09298350072507058,3,music
C001860,0.03025792259153031,0.03285481852917586,0.030869501141588464,0.031261396310172926,0.5010453677454509,0.03718190852204044,0.1415620584629178,0.19496702669712324,3,music
C001863,0.0337144185473155,0.03548121033621643,0.03347633268034652,0.26938701078169364,0.0401382622471321,0.3527778809993608,0.0448051923522227,0.19021969205571232,1,software
C001864,0.0228293091721077,0.01859214914439541,0.1147486336855904,0.024133950269539146,0.0183171701240748,0.03850894889900329,0.019404316904183518,0.7434655218011057,1,none
C001866,0.04965633686574627,0.036641988908435966,0.0626851171589922,0.05842091318686858,0.06379649774230658,0.06173532883767061,0.05940364754426315,0.6076601697557167,3,none
C001867,0.2615099162861934,0.020754097352915814,0.01968989747688457,0.15704746145633922,0.021256240710782456,0.10651231525637367,0.04681589079182892,0.36641418066868203,2,none
C001871,0.06221783175238853,0.062156607797179145,0.06599989028843166,0.06486012647926634,0.07099073988414466,0.06936587254521603,0.06966063252179823,0.5347482987315755,1,none
C001873,0.14518028815826706,0.042541805345556925,0.0405214518920618,0.04161272657376056,0.043547009251998274,0.043532962484962696,0.04499871996525555,0.5980650363281372,3,none
C001875,0.026674081274410507,0.03213950668862767,0.02916236997359254,0.03050196576387879,0.5749991638986771,0.044989073763860854,0.1689767679413191,0.09255707069563351,3,music
C001879,0.05605331315874458,0.05629418257599488,0.49108238062327797,0.05499116552475535,0.0701410219228353,0.03101336351975386,0.12017314077558097,0.12025143189905702,3,insurance
C001880,0.016736686363105772,0.015498867134363556,0.013673541358842557,0.012658172083025804,0.03522722739637081,0.01527598054729909,0.03163660978996491,0.8592929153270275,4,none
C001881,0.008788188005337457,0.007881374666731996,0.34989884706160046,0.007677754217655997,0.03677309527815626,0.00846953574880273,0.5548010550083502,0.025710150013364966,0,streaming
C001884,0.012043896532257414,0.010910158475167518,0.14955387993689506,0.7458578260414184,0.010857830055908955,0.00992978749989085,0.009990764256074246,0.05085585720238757,0,mobile
C001886,0.014034456133480408,0.8304862064040173,0.012747356252755292,0.011694803069520357,0.033110424328913514,0.011612711995409903,0.01168929144004091,0.07462475037586234,0,gym
C001891,0.01871776050752747,0.4600390146808575,0.17787762694261688,0.24018381132042638,0.018291949135592518,0.01768818312213578,0.019006685872162633,0.04819496841868074,0,gym
C001893,0.02153462956131163,0.019213016267049507,0.018530570003509696,0.7801715373308844,0.019810406325933023,0.018758635328505836,0.018814088126040674,0.10316711705676526,2,mobile
C001894,0.629617486433139,0.030760352445247136,0.030918214770686594,0.0907231740973368,0.029949276442798857,0.0291392439432887,0.030654741240383462,0.12823751062711944,1,cloud
C001896,0.4090623468848756,0.22100603099944938,0.01614899800419542,0.013276212299787392,0.056110530681388944,0.0882209379453281,0.14854878796479348,0.04762615522018166,3,cloud
C001897,0.044150745915686115,0.12824524051716021,0.3274622834992772,0.04414304600978064,0.045236049511697886,0.04536430068377813,0.15806789944297783,0.20733043441964197,2,insurance
C001898,0.012561050609810425,0.5803316830914134,0.014186994312878122,0.013891822741796437,0.07480219011654199,0.014075819489459601,0.23961049436994608,0.05053994526815397,2,gym
C001900,0.012221422479966182,0.6103247321974877,0.10104946771116281,0.010713280092626495,0.19615602686640973,0.0115026198300412,0.0061707088810486034,0.05186174194125722,1,gym
C001903,0.1266405685221067,0.19852095520834004,0.027937013866642386,0.50203915916803,0.028282053867467676,0.02726931831364624,0.02989622111177862,0.0594147099419884,1,mobile
C001904,0.393603425015044,0.02256944924151665,0.18659967393915067,0.020710018175709444,0.042220343341096235,0.11650078637083601,0.08333308031464029,0.1344632236020067,3,cloud
C001909,0.048801262975837346,0.051641953494925896,0.3451101743051431,0.05240636528950647,0.056397039788518795,0.05506705446194338,0.06718466216134608,0.3233914875227789,4,insurance
C001911,0.6653105874578901,0.11830096464633874,0.014140112898786288,0.012477045062342174,0.03430579128043292,0.013203127580041323,0.11366672731352277,0.02859564376064564,4,cloud
C001914,0.031338266236315526,0.03098557799730621,0.15906211398480974,0.06703255157047622,0.05116107264560671,0.029953411503727385,0.5062149233627329,0.12425208269902535,0,streaming
C001921,0.013995300322037475,0.010828930985798213,0.010525066078229242,0.05090768509870114,0.011667705929510795,0.014227902456850964,0.010459334330576872,0.8773880747982954,2,none
C001922,0.008199935489944611,0.008613270898492195,0.07049244177239244,0.7994883770441552,0.04826692720831262,0.007613177572759808,0.02767517729404171,0.029650692719901336,4,mobile
C001923,0.011704475172023023,0.00954828676931805,0.009877905175795641,0.009270796990718255,0.5451533795636925,0.00965909079122228,0.3666969733435109,0.03808909219371945,1,music
C001928,0.05242376008565526,0.05923128422575244,0.05598762238818313,0.07231772366880608,0.053186532359956906,0.052434365052397236,0.05763784925280793,0.5967808629664411,4,none
C001929,0.05760250768824636,0.04978244029328314,0.050702709034089,0.05247545734031628,0.20113805142471028,0.05343401098909509,0.2276791523975696,0.30718567083269027,4,none
C001930,0.10620749961586201,0.035827573180939,0.7264590213317905,0.017068346896986667,0.017576788764749586,0.01726456125396351,0.018836104213230113,0.06076010474247849,3,insurance
C001931,0.02426152018883554,0.02236332549188201,0.05254900767529818,0.022074271786415276,0.14015933264941027,0.026771252970978904,0.5672858536227221,0.14453543561445764,4,streaming
C001932,0.184437961623758,0.04435272584643945,0.04482361629200534,0.0708108278551359,0.04966152679037787,0.2434794159247654,0.05350656923335227,0.3089273564341657,0,none
C001933,0.008992996563674213,0.0649592348471473,0.005483623628398516,0.19630364875085582,0.051871356110364954,0.19211519994785772,0.4322100908879677,0.048063849263733804,3,streaming
C001934,0.03152746308233878,0.01404788158378477,0.007136776915281333,0.019930345104908643,0.013269473902085514,0.01119366659425793,0.016099888934725103,0.8867945038826179,3,none
C001935,0.024030396848049765,0.02496364768925262,0.023007151707047525,0.024858125558772627,0.05137235040182062,0.02264897800583388,0.7129777925146783,0.1161415572745445,3,streaming
C001937,0.02127516074620566,0.019973403122074983,0.7488119824187431,0.01933080037211463,0.06846521627245968,0.019936181582901072,0.020924401778786496,0.08128285370671441,1,insurance
C001939,0.06198551216978718,0.057977501399208244,0.05991528489279403,0.06103059852194272,0.06404829915192145,0.0627847919298788,0.05895782628387912,0.5733001856505884,0,none
C001940,0.01829659062095508,0.018022597795637904,0.017371028565121578,0.5048872450183077,0.02129838063412015,0.016739082154502385,0.3152240481120331,0.08816102709932201,1,mobile
C001942,0.01888752726810953,0.12577796799330487,0.09821246802615345,0.01932642034928739,0.4696503447861741,0.07314963092843421,0.08537500861642991,0.10962063203210651,1,music
C001943,0.010539526773318422,0.1400842039386866,0.7007093253523542,0.011059691394223014,0.012375875947067135,0.013196676531232255,0.021583718705685345,0.09045098135743297,1,insurance
C001947,0.07504196393978964,0.04919730186881547,0.2330639815682125,0.045474484752629926,0.34302794863617125,0.045575372968801146,0.09808069298356385,0.1105382532820163,3,music
C001948,0.011940587540903156,0.08008143836440906,0.038264588444010074,0.009919210492755043,0.01323005183384099,0.018641078699215316,0.01819692506661239,0.809726119558254,1,none
C001949,0.3830068460689048,0.18092649052956988,0.30310033474448245,0.03191700723059463,0.017997675618079755,0.01801739764329613,0.01831580990176356,0.04671843826330885,2,cloud
C001950,0.008906173980018686,0.41287545756542976,0.03370880427552585,0.008579926193824427,0.00930945268285471,0.46924168207412414,0.009489259001080962,0.04788924422714138,2,software
C001951,0.06031471975395729,0.028566170154159968,0.027387572420097428,0.027792092536973338,0.507642508024819,0.02718236664268396,0.18016231433581464,0.14095225613149437,1,music
C001952,0.014255842445608975,0.012533953011702901,0.012187313279036051,0.026185719157996074,0.012334457557431847,0.01897155654384948,0.011819543637150624,0.8917116143672241,4,none
C001953,0.04777139507851417,0.0461838184870765,0.049373425780439156,0.047184088468842256,0.049839255542180494,0.0469874243615881,0.04598829695578,0.6666722953255793,0,none
C001955,0.0321736124721198,0.014950653907506474,0.0146094352705896,0.013332798098945553,0.3379160856107505,0.4298301141403411,0.05801611437131496,0.09917118612843205,1,software
C001956,0.016231560824461547,0.08607291276544246,0.06425844349435478,0.04152959824235332,0.011543334936077431,0.016228992724034608,0.01274292769175747,0.7513922293215185,1,none
C001958,0.4236745569599982,0.06850518166936155,0.0103760160511907,0.013446016158908763,0.26718752498871695,0.11136630193072304,0.035317881540913865,0.07012652070018696,0,cloud
C001960,0.052966704321238914,0.05724302932313323,0.032902232643483166,0.43729769518753214,0.05817451187480777,0.0572577194686225,0.05900432207292863,0.2451537851082536,2,mobile
C001962,0.0073544601872192064,0.011803020341311105,0.08871875804122105,0.017348796333600133,0.016767053387121617,0.013563576550898255,0.017460202996732184,0.8269841321618965,1,none
C001964,0.026113125696586317,0.02629140209916242,0.025888006399895316,0.024483695333667822,0.03133997657343137,0.024452556175799375,0.7466819363956178,0.09474930132583959,0,streaming
C001965,0.6406763416909826,0.01924393142750449,0.017926658467605935,0.15930830064651275,0.018617437238745933,0.017887955212384142,0.01906468617900181,0.10727468913726222,4,cloud
C001966,0.01886360103636131,0.034784430973143016,0.022294707702081574,0.021193279798722264,0.6953799434099255,0.022725035448272698,0.02239665060284321,0.16236235102865038,3,music
C001968,0.012961337480780023,0.013510001992594795,0.019867628856014945,0.015536627436231768,0.03607780399601991,0.022086541814274427,0.09223728848626103,0.7877227699378231,3,none
C001970,0.04250205871852657,0.016112368349853516,0.014843740309184502,0.3453922021351305,0.11959736826800749,0.16185409642475818,0.23865282420810172,0.0610453415864375,4,mobile
C001973,0.024803272924813376,0.024239685605448872,0.024164989643420565,0.7885333626494933,0.02510063822446702,0.02392128628649392,0.025806813074983285,0.06342995159087972,0,mobile
C001974,0.03087746278604093,0.030931867703828327,0.031277943919285595,0.13127082634665932,0.03397498545780818,0.5977828026230623,0.036782543786100276,0.10710156737721524,1,software
C001975,0.009166781345444339,0.2284393654714639,0.0129356727861407,0.1485512094414561,0.013943081646346236,0.02797513688649961,0.013849333630868708,0.5451394187917804,3,none
C001978,0.018357489953071373,0.01764701718691173,0.6344826201424301,0.016782757403646507,0.017705628085586206,0.2131125610178011,0.017706852697651758,0.06420507351290143,2,insurance
C001983,0.013819012923191687,0.01364099940931866,0.01322598358777262,0.012608103795213278,0.5818018835155412,0.3036449790875567,0.012880558727131822,0.04837847895427395,0,music
C001984,0.028013896934205484,0.7180212848096523,0.029067623083444634,0.027643518032601615,0.02808623856037818,0.028211258339140465,0.0289048119938655,0.1120513682467119,0,gym
C001987,0.020945948580942692,0.01925586255703854,0.018725967284105305,0.14116396116917168,0.005992004990032541,0.015087810203834397,0.00796882303496766,0.7708596221799072,1,none
C001993,0.00864733071168008,0.010171991601353132,0.010059598806504992,0.027982486508660816,0.01800163790528767,0.016146433519071923,0.01987200407401949,0.8891185168734219,4,none
C001994,0.013194040035250685,0.014734091779237988,0.014218290456261731,0.8065926024898487,0.013889284507615772,0.01454331490555576,0.01438200239889166,0.10844637342733784,3,mobile
C001995,0.02937196189274797,0.09203315660940839,0.06349278870884222,0.023608378503328545,0.2588172449826914,0.020074004517670968,0.15822859263693137,0.3543738721483791,1,none
C001996,0.11956698424958498,0.009480741706876109,0.42079215537254755,0.00823547875263141,0.015619360057809006,0.00878481347705607,0.3794141308645389,0.03810633551895593,3,insurance
C001997,0.14343645509726527,0.013303364041583455,0.01225969825618895,0.012360077191318613,0.656941904931051,0.012361114160158714,0.09745089597380782,0.05188649034862616,4,music
C002000,0.8341832793109021,0.013507829453263483,0.014620855961346196,0.014249173310829453,0.014659610536607167,0.015246326542953359,0.014485772243016053,0.07904715264108222,0,cloud
C002002,0.01825425074838253,0.020708833752213975,0.02259153962381659,0.11259503734893643,0.13666311980469756,0.06543973197305143,0.0686626633425369,0.5550848234063647,3,none
C002003,0.06276255574918849,0.12238923525794457,0.0680563118665061,0.06756807376966997,0.13471396234654615,0.07547388715266834,0.14663795568754973,0.32239801816992664,3,none
C002004,0.015142284023531249,0.015041494696782504,0.1123629679207699,0.09668129285978626,0.6155055358929487,0.015531724320566842,0.07657385485184398,0.053160845433770705,4,music
C002005,0.011535872130500504,0.012209562556930785,0.18953570774416317,0.012095817666351674,0.1396526033018252,0.5429512370648165,0.05467960198604308,0.03733959754936899,1,software
C002008,0.021637075330133468,0.11614802447889468,0.4384890567159516,0.021047152504249933,0.2621546297717576,0.021117486921806258,0.05568377086621904,0.06372280341098745,0,insurance
C002010,0.010631425663373021,0.009932844851275678,0.429514279563009,0.009284142071321456,0.22942232027890685,0.1901623729888121,0.06206472655134894,0.05898788803195291,4,insurance
C002012,0.046184811061196554,0.04701842105846821,0.04529590445635222,0.04680314829116763,0.048770761482694144,0.049584922457934735,0.045860757838137006,0.6704812733540495,2,none
C002013,0.44071070462055506,0.03120072096141352,0.12780366816050037,0.028440367400158886,0.08334031190805846,0.16950926799742444,0.046853712359918004,0.07214124659197127,3,cloud
C002014,0.027719489026730788,0.2450988505865369,0.46459309946457594,0.013101865113386707,0.027278421330122857,0.07036075322207677,0.026849903062134667,0.12499761819443539,2,insurance
C002015,0.09827598649173898,0.012078500028956163,0.5043050455090046,0.012408154974115834,0.0505291199149851,0.011550519248992318,0.2836142401077932,0.02723843372441383,0,insurance
C002020,0.036315508734017427,0.3711607708938427,0.03557485935380508,0.12052766270328258,0.26195643548183706,0.03509218608468549,0.05808084301983123,0.08129173372869845,0,gym
C002021,0.5306580279884974,0.015390321981777883,0.015037374249745345,0.21252692596714284,0.014696109454959156,0.015606740397142563,0.08546384574626532,0.1106206542144696,4,cloud
C002022,0.43378972529354864,0.019006079507203,0.019467784156699322,0.01779588178278084,0.14805025880694672,0.018144033450530277,0.2667842177055091,0.07696201929678213,1,cloud
C002024,0.011648443334134038,0.07294959111421913,0.011584469217021219,0.45740356525979853,0.21447203622261815,0.14504035845422283,0.03210178212976578,0.05479975426822025,2,mobile
C002025,0.01470300376243735,0.47342733403213666,0.014772084632444732,0.06348145536383179,0.022742877514549942,0.32788643386083677,0.016713448537781686,0.0662733622959811,3,gym
C002026,0.03066689251305446,0.029714788935721288,0.019914060274118416,0.012000393708440665,0.025539323569140186,0.014677856447398677,0.11585731277484418,0.7516293717772822,1,none
C002028,0.02157005597178904,0.021744397372487855,0.07850250422020441,0.022915780921294596,0.02386867049412069,0.11782424463372854,0.025063014873677656,0.6885113315126972,0,none
C002031,0.0082463477228182,0.017516061764625335,0.0160195628535815,0.07503661578361795,0.015926592227909823,0.015476605014055404,0.13742823169582008,0.7143499829375717,3,none
C002033,0.015228825123225254,0.7174059288321724,0.14563844347566404,0.014719939291432135,0.015460200085962396,0.014911189281410196,0.015066138059344373,0.061569335850789095,2,gym
C002037,0.020325827551202172,0.3792154316587486,0.018452162138167725,0.0095572045089912,0.4211937403820599,0.02009619262101552,0.06105508598792747,0.07010435515188736,2,music
C002039,0.025135641101477302,0.019444498881063504,0.017970747313459125,0.019110779350360853,0.7201117988292931,0.016734780201388043,0.09444551877993348,0.08704623554302456,4,music
C002040,0.043924576960830505,0.24891363792936855,0.01483892306279918,0.014641036398263127,0.5593939754648308,0.014059240955516772,0.03721103608188228,0.0670175731465087,1,music
C002041,0.19851276871267687,0.01322928410854188,0.014094693035469504,0.6556723520516725,0.015913257038713186,0.013140150736545078,0.010647126113995254,0.07879036820238568,0,mobile
C002042,0.02871349657664553,0.02842093214554767,0.14923436541532917,0.032915295940311826,0.029431798405651806,0.5896258316331956,0.029566025828820418,0.11209225405449785,2,software
C002044,0.0206247023383831,0.02014256484069573,0.02004427069117079,0.79741055776536,0.020914119086645058,0.019487661647392865,0.020191881282566736,0.0811842423477857,1,mobile
C002045,0.036614119618361224,0.03875088050720182,0.036607447249376854,0.6074453685429471,0.043298535570652115,0.037835897042577976,0.0452623475456361,0.15418540392324687,3,mobile
C002046,0.0462741068874116,0.168980504042626,0.05291563825341214,0.04653274137580904,0.053016488047481394,0.05303666518406753,0.061640019128951215,0.5176038370802412,4,none
C002049,0.008979934919824283,0.8508543407725819,0.0070841249680819885,0.0071490480812132565,0.015716609759940468,0.00685739086029967,0.07966474302403002,0.02369380761402826,4,gym
C002050,0.4179300949433204,0.05264216257713848,0.05073761365957454,0.05101021210326637,0.05352056198524806,0.05154418138771304,0.0628825795332815,0.2597325938104576,4,cloud
C002051,0.035583891827308256,0.07814038689203259,0.09345842789051462,0.03364806484107184,0.05162812379051995,0.04058742117317507,0.06411697087294564,0.6028367127124319,4,none
C002053,0.013393429515130168,0.01434509488024296,0.015031898995747377,0.017604915872003125,0.018054883634881433,0.014700594458475895,0.014329242865856818,0.8925399397776622,2,none
C002056,0.021498140057800715,0.022699253547151882,0.02324340350226491,0.022393535290717765,0.6594153463873725,0.023017095223671263,0.16759371976348592,0.060139506227535056,2,music
C002057,0.010239569421388029,0.011031206599938653,0.008399999227587183,0.0818894840539105,0.7665776307138358,0.010160954750183806,0.017451762793855144,0.09424939243930097,3,music
C002061,0.010788911780455858,0.011577395567402244,0.13225571699111388,0.011804486162962027,0.28365974589252246,0.4672288846685225,0.044339071446933234,0.03834578749008779,1,software
C002064,0.7366726419763456,0.014277756541500269,0.013354642796753417,0.013295550943063854,0.0593881612607413,0.013241959811245353,0.10771884446678587,0.042050442203564284,2,cloud
C002067,0.6436689518543361,0.014280479655562284,0.16614935657420662,0.06818709529840158,0.013643664273297836,0.013427618117845885,0.014111539238690116,0.06653129498765938,2,cloud
C002068,0.02312156940997146,0.01827834057412757,0.02194078640664217,0.025898128809288986,0.07180347058587036,0.07572074825733412,0.0911026979981351,0.6721342579586302,3,none
C002069,0.8055201471873628,0.009242864310778118,0.0951519469452878,0.007317821131524916,0.006842165831125173,0.04359788402795601,0.007023164730214509,0.025304005835750754,4,cloud
C002072,0.38327580705116415,0.2505710634764256,0.021077773270912092,0.021798550267747942,0.022502753009554143,0.021917342881348032,0.024152403030365477,0.25470430701248253,3,cloud
C002074,0.02167758887985025,0.022569589080534073,0.2906053794698738,0.3768950430281539,0.16244779674724508,0.020038807217630916,0.033215702896071314,0.07255009268064065,3,mobile
C002075,0.03142001504631074,0.03391038291162513,0.03585355828066125,0.03073619611940881,0.031841892798841635,0.17125207860580183,0.3892355730717253,0.2757503031656254,1,streaming
C002076,0.025999524192940243,0.14564639557317446,0.04354358072915239,0.013207306598357092,0.10683786353282136,0.013392838086179535,0.6157826583026365,0.03558983298473841,4,streaming
C002078,0.2550205554191982,0.020848297404231633,0.505110289168877,0.029335860463140805,0.040911843331792985,0.019169666715599193,0.04761963539547942,0.08198385210168084,0,insurance
C002079,0.0064769549861596245,0.06596344423762804,0.049134424386109404,0.0060006663727553144,0.1896706508176469,0.006327200729539316,0.6551532346046555,0.021273423865505944,3,streaming
C002081,0.010402470891497038,0.011427172287512253,0.6093491311315381,0.0094743855947942,0.2974549431971224,0.009511002202913423,0.017188881305689078,0.03519201338893352,3,insurance
C002082,0.03513777643170929,0.03414967954289034,0.08027014933061552,0.033943020295926114,0.037054436126786425,0.037306398520583546,0.04096829340324727,0.7011702463482414,4,none
C002084,0.0737327951416804,0.01839855798111166,0.0253073063669635,0.43443386374964643,0.29833897432967593,0.07554607511223091,0.013036009145667792,0.06120641817302334,1,mobile
C002085,0.02357741470721711,0.09119132026033985,0.024732921720556758,0.023111226841865416,0.023473101237795058,0.024034432021025592,0.1405426140593981,0.6493369691518022,1,none
C002086,0.21439401266344782,0.49255309095363753,0.17357603410204409,0.01623224769151044,0.01661469490350994,0.01653188204899865,0.01637054569847588,0.053727491938375546,3,gym
C002088,0.25150243495707464,0.02743517139291286,0.18307527137117235,0.03413088860907827,0.05696702240151175,0.025985543153761018,0.237906052497105,0.18299761561738415,0,cloud
C002089,0.04904482262034955,0.04679919477116607,0.04879665093152051,0.04946483939011089,0.28257816861919083,0.05007544055481333,0.0503249252467523,0.4229159578660965,0,none
C002091,0.0053642317379144,0.582544571151469,0.029592363000917807,0.09358207657792317,0.22521256800355618,0.005396974033439271,0.03973448128063427,0.018572734214145934,2,gym
C002094,0.016027034276013527,0.01571530252749427,0.015515179965301128,0.3016845714830133,0.4450390100396776,0.014298266022822189,0.11581542798936541,0.07590520769631262,0,music
C002095,0.06662489037450274,0.0657705673951125,0.07133542050010735,0.06543045020033961,0.07045977297138983,0.08214755646396459,0.06733086506782794,0.5109004770267555,1,none
C002097,0.03313850291611431,0.035013746382779015,0.03409124437682351,0.03659473058263034,0.5342477109175432,0.03564154881010968,0.19378940030644973,0.09748311570755025,3,music
C002098,0.013747408494884539,0.014176467700810266,0.013700665851106197,0.012065870677041238,0.009175668931415264,0.866178267319422,0.008008527740286594,0.06294712328503378,3,software
C002100,0.015047848916655036,0.013552403148385989,0.012646437898699452,0.7455633322884219,0.014602079273422844,0.13470413931547193,0.014172093701697884,0.04971166545724502,2,mobile
C002101,0.023047452863140812,0.023470005920802797,0.10009122137136037,0.3678602444826522,0.18374914439740306,0.024733612377458757,0.027832751868791243,0.2492155667183908,1,mobile
C002103,0.010842037522474823,0.010726618328434932,0.07925282607801651,0.00968108893992576,0.0716304989470494,0.009481767227941609,0.7781510983653046,0.030234064590852372,0,streaming
C002104,0.049632124480930497,0.05031311819961286,0.05019505715930091,0.048583535478692076,0.24589317129054167,0.05148405995583118,0.18524787897716638,0.31865105445792447,0,none
C002108,0.022862678468827398,0.15326586661284794,0.6285343247968811,0.02280313237682605,0.023344177648694762,0.023494446768617776,0.023431728970538773,0.10226364435676615,2,insurance
C002111,0.01175960553085363,0.017408229396125678,0.016599820909246287,0.028028079345692052,0.11771731940955366,0.012144186629352264,0.05901802503715053,0.7373247337420259,3,none
C002113,0.03141181659550637,0.04936072775448934,0.5428270384161371,0.021119828476481424,0.08455964575168592,0.021313696940278973,0.17252363929223224,0.07688360677318862,1,insurance
C002115,0.04944233552814346,0.0490240162653337,0.05269132507989065,0.051112373396096214,0.056808807681848594,0.05458119676903889,0.05352504187223851,0.63281490340741,1,none
C002116,0.25619931864809553,0.017516305518827695,0.42483644933861486,0.06592495693642146,0.009650672207711836,0.17496953107708063,0.008058506090273001,0.04284426018297495,3,insurance
C002117,0.6945187112246523,0.009879263399950867,0.0121431025105067,0.010586905727590324,0.011490288362502878,0.21340183484754305,0.011373654196663537,0.036606239730590316,1,cloud
C002118,0.027405856171953173,0.02594305436020233,0.025659385198586574,0.026191120694032774,0.7232769087134938,0.02756247212624987,0.050626050151207296,0.0933351525842742,2,music
C002119,0.07931568999159223,0.009805278417683751,0.7545668332701683,0.07342825988560672,0.009394015525048493,0.00955044967251315,0.00950159026841286,0.05443788296897449,2,insurance
C002121,0.49590676438344267,0.019904287311651336,0.02018110974129373,0.19018419913497586,0.022785309938166663,0.10321172692310282,0.02155006823679062,0.12627653433057628,1,cloud
C002122,0.45206089835128926,0.05354330531942135,0.05428702928300668,0.10998705448200514,0.053158274050099055,0.051448866487600955,0.052026992188186516,0.17348757983839097,0,cloud
C002124,0.04485217305007505,0.04625648426264556,0.047693446755619553,0.04807830216882111,0.02373598516724447,0.10026083275196176,0.02676726837131126,0.6623555074723213,0,none
C002126,0.25359375655105515,0.018775616519992572,0.018638686993645914,0.4774365947836283,0.08837068808782128,0.0186565314191387,0.019267819574080705,0.10526030607063736,0,mobile
C002127,0.019409129461764065,0.013161018841292539,0.013429690389685223,0.857418576288427,0.010894214659343461,0.011427103764710192,0.010889913823481456,0.06337035277129609,1,mobile
C002128,0.04541920104670303,0.04336802234775791,0.0457723856297082,0.0461281008466193,0.049429587478171375,0.04815975065230655,0.04717431711762772,0.674548634881106,0,none
C002129,0.02085393525733177,0.020930642327338884,0.021981871095212248,0.01813004030823802,0.6049854631295339,0.02441354438944971,0.16387572122379962,0.12482878226909583,1,music
C002134,0.024763386229790567,0.014933555234989362,0.015370406382531506,0.014441883842606449,0.014983497344397488,0.8322468306219232,0.014472136625851903,0.06878830371790956,0,software
C002136,0.023339652410837446,0.023612742035957292,0.023385059823282362,0.022760019976265047,0.1521929966715527,0.18205354017985864,0.48735594182922115,0.08530004707302531,2,streaming
C002138,0.5347214720809771,0.012434432134088043,0.011709773348504633,0.011783664789001603,0.155826769961527,0.20886860504368784,0.03230550241433788,0.032349780227875956,2,cloud
C002139,0.03772876156430323,0.038984477138059734,0.037452814231753784,0.04256364962901017,0.04889598556689303,0.26540478260606487,0.06734951334318402,0.46162001592073115,3,none
C002142,0.01923037989096444,0.07919878352372973,0.017972685763312922,0.747745912942398,0.01835462910992415,0.018840979484481532,0.017906567868787162,0.080750061416402,3,mobile
C002144,0.05447773486752371,0.053943123593206105,0.055391413073255985,0.3270773618949058,0.059735877410679414,0.05831950296306925,0.06910646820538974,0.32194851799196994,4,mobile
C002146,0.06188804117595017,0.05970316110853685,0.02744078912904404,0.060650552803534645,0.06025810025492072,0.04375368525624741,0.06914281091610432,0.6171628593556617,4,none
C002147,0.022880916685294087,0.023602593946396112,0.5417783029161333,0.023387005874786947,0.2611703292662388,0.022638740472646544,0.03917739430535728,0.06536471653314715,0,insurance
C002148,0.012125684045846158,0.011512139930280165,0.011853099008824183,0.011687272743126791,0.35974117543489903,0.3983401430164333,0.0843137887155693,0.1104266971050211,0,software
C002149,0.022204419655765428,0.10642011358673795,0.020104474338068893,0.6774063777283292,0.021379042215589363,0.021862993216202324,0.021780063709068233,0.10884251555023856,3,mobile
C002150,0.0249008598369145,0.043438124718938,0.045183710178864855,0.04314613749653838,0.0464299004280677,0.046625070423892155,0.05401991993367029,0.6962562769831142,4,none
C002151,0.015102321116644387,0.015189966334825604,0.015085597882177563,0.013538419289741675,0.7175496197272293,0.02510922593534972,0.09321108491879129,0.10521376479524047,1,music
C002153,0.028406111513629734,0.029949937463278772,0.03170916592445947,0.028896190130659916,0.03314859554715481,0.030244332074804346,0.028520366106589114,0.7891253012394237,3,none
C002154,0.04005863094092824,0.5691131275950712,0.038330100150310825,0.037045453734936146,0.040695439005661256,0.1415654452846516,0.04042834655255377,0.09276345673588707,3,gym
C002157,0.03666278983134049,0.03768513266439901,0.08556377062489703,0.03786703437459807,0.06299395964082523,0.0378082407448407,0.5868524002282082,0.11456667189089133,2,streaming
C002158,0.0453946755677162,0.04719038169604457,0.049071560839658634,0.046998228158315454,0.05192445186089829,0.048177699639845875,0.04556781843474446,0.6656751838027765,3,none
C002160,0.021506179872954202,0.022396556066712103,0.8066104429770695,0.020073043290944243,0.02023183966782795,0.019686377795014056,0.019732812244362727,0.06976274808511516,0,insurance
C002162,0.1386690075615144,0.0735887573483303,0.4876282256050005,0.03804657328594304,0.03833886576051278,0.0380759674861084,0.037848881819765874,0.14780372113282475,0,insurance
C002163,0.01311734203328369,0.022877917703516885,0.016048810378750795,0.014953737314493511,0.015531481504090859,0.015218122867174243,0.015053887873878262,0.8871987003248116,0,none
C002165,0.15807844698848067,0.005628558428600347,0.020162816837725722,0.019437473583910903,0.021141942081570234,0.5876563878606413,0.021232972250045987,0.16666140196902474,2,software
C002166,0.022272499271241898,0.24195857584868727,0.023450953058689373,0.02283406177343714,0.0252397139881453,0.025473144140228717,0.418650108090989,0.22012094382858133,4,streaming
C002167,0.020696654374007868,0.02052198723327666,0.057440627328446486,0.02633480193655504,0.020313282406788598,0.09024066925252211,0.01777496842802604,0.7466770090403773,2,none
C002168,0.022403466773747112,0.03776229977181979,0.02058010819868407,0.16935691680492918,0.08076466716740624,0.04788840425965993,0.40753619246672623,0.21370794455702746,0,streaming
C002172,0.047585873492272834,0.04958257518463328,0.04930872538222828,0.4863727757843134,0.17456001988029213,0.050490097506731405,0.053032308960550355,0.08906762380897829,0,mobile
C002173,0.2973864304887848,0.02603375718941318,0.025038104198987172,0.02404746275915909,0.4912760602071716,0.024265243070498085,0.026573969198611075,0.08537897288737493,3,music
C002174,0.017318026226092863,0.016839475016274245,0.016430513336189324,0.01593333303051283,0.8291741964183243,0.016506845435191108,0.017875228810585984,0.06992238172682934,4,music
C002175,0.03592850605244359,0.12535000962752585,0.03319968135772088,0.03310508917871855,0.16694131218420272,0.11878973204519573,0.3451322197455793,0.1415534498086133,4,streaming
C002176,0.011116314188323057,0.011670177248390836,0.011014233417545951,0.062499745681157196,0.300576968552417,0.010360656038754985,0.5390596694806992,0.053702235392711836,4,streaming
C002177,0.07058406065725019,0.07373887860922693,0.07768112442746815,0.07594558036871299,0.3199284696038948,0.07835191117956002,0.07871383707631861,0.2250561380775683,1,music
C002183,0.016036228772445277,0.01629158944419097,0.016011828578910932,0.27349698566025127,0.4867662051186064,0.015550006473918474,0.06138343221638756,0.11446372373528893,0,music
C002184,0.29734346287037494,0.4741724528460385,0.014285983573920465,0.1395368705672453,0.013511857835500879,0.013265297594196661,0.013839750217009669,0.03404432449571361,0,gym
C002187,0.01670656278331765,0.01784583604546677,0.018083179555297,0.16121302879741164,0.5997556277151601,0.016649641535561123,0.12605972452531883,0.04368639904246689,0,music
C002188,0.01173839119004291,0.013355481917949028,0.06117724817454813,0.029245289408424874,0.011792796198871159,0.015780404625779385,0.01124440772567208,0.8456659807587126,0,none
C002189,0.019965854998729743,0.18336682361493273,0.648785076028257,0.020712161346904397,0.020977996518637188,0.02102058572745723,0.021200021690369893,0.06397148007471187,0,insurance
C002191,0.019928721106211703,0.5445446433261303,0.03911603070026558,0.019707829051184903,0.010258620337157298,0.021192679742368038,0.011895050767472068,0.33335642496921014,3,gym
C002194,0.012004581422946817,0.021715775158426633,0.09878801911390234,0.023553271961684975,0.24133504584131985,0.0477864409549787,0.12924096695677081,0.4255758985899699,1,none
C002195,0.053364489638069765,0.24351495098655718,0.0665035555525019,0.05837179674211989,0.060714359979984964,0.06167178610556396,0.05983667377461302,0.3960223872205893,3,none
C002196,0.029075442965387173,0.24787728974320333,0.02976682119526903,0.0289203828263666,0.20011630277990367,0.03213535388334589,0.3495357823258461,0.08257262428067823,0,streaming
C002197,0.016997885021501843,0.021765424889322663,0.02032700912642346,0.03857686453624598,0.015822152184369536,0.0658422533035201,0.015498174978175162,0.8051702359604413,4,none
C002198,0.011176342378153207,0.007555581435107819,0.010647397819670262,0.01936183482790064,0.027960713506680383,0.01317084239799727,0.01797628286613287,0.8921510047683575,1,none
C002199,0.04706960998098329,0.016493798678187212,0.015230887741557843,0.1102280886675063,0.015373085059319636,0.044854593974287274,0.026662615209164145,0.7240873206889942,4,none
C002200,0.01949769523000796,0.3949487088360194,0.3294472336381816,0.01835312894552002,0.01846062862752703,0.15951460427200162,0.02508663474124055,0.034691365709501806,3,gym
C002206,0.17948123435189606,0.02073154330296604,0.03599430144763688,0.020724079078534925,0.1288832631726821,0.019955072030621326,0.5225237018942719,0.07170680472139085,4,streaming
C002212,0.01597270621904688,0.017199956663447813,0.01739810958616571,0.05019769453052227,0.7055916839207372,0.016565128565042005,0.1285037177619213,0.04857100275311666,0,music
C002215,0.16635783233211862,0.019313824668032362,0.016967403092661898,0.017152694797265878,0.3832997140160968,0.017560929334905426,0.30326851554847956,0.07607908621043942,3,music
C002216,0.031838272814595364,0.2251371372079632,0.03510059128955784,0.13473844976839358,0.059097325461607314,0.035908452944023644,0.39080653506511326,0.08737323544874578,4,streaming
C002218,0.008828386291976699,0.3494833078699151,0.007256516135071981,0.008339481490342051,0.22557127397290078,0.33244378794716223,0.044484440523549024,0.023592805769082112,3,gym
C002222,0.022842353622465998,0.01773811864956546,0.14630294753317782,0.0177354624598446,0.019219489915214907,0.025218844335448052,0.019394154104147125,0.7315486293801361,3,none
C002227,0.010236020955865266,0.020789249828222847,0.01944489507736732,0.029673916490135552,0.15447084369959785,0.032624496897315135,0.5655415917482394,0.16721898530325668,4,streaming
C002232,0.14242456273221066,0.3106312088582419,0.022666602698786575,0.04649075355332891,0.27124260455880417,0.022384594777177542,0.04128448757638476,0.14287518524506543,4,gym
C002234,0.020590157398937624,0.019236912886734438,0.01829961382319852,0.019492088881155886,0.010614062436103584,0.020181204317376543,0.02009087178483171,0.8714950884716617,1,none
C002235,0.025749641693410676,0.7254099850284269,0.02578055684467189,0.026471711219882565,0.02729218808565441,0.026866415819086612,0.02602558010311703,0.11640392120574986,3,gym
C002236,0.015362428507008096,0.014329297395843963,0.4958316121026188,0.018312221759407856,0.10105166752750241,0.015000958013359567,0.14260050600541507,0.19751130868884423,1,insurance
C002238,0.12534225029779,0.014334681409565701,0.013047687970798173,0.01036692507272567,0.012359328734156448,0.013645166076326237,0.1022442704292004,0.7086596900094373,3,none
C002241,0.06491675600855082,0.010405703794018879,0.010968191505356915,0.011072181137949232,0.1800615129549233,0.01054782800721378,0.6578003552182802,0.05422747137370695,1,streaming
C002242,0.01063411890207095,0.011070040943887721,0.010288348053431436,0.012520636140879988,0.7209548179651473,0.16085551338989504,0.03953042785878205,0.03414609674590552,2,music
C002243,0.07289822847190344,0.011163952373189163,0.010897748129919475,0.06399782173646351,0.18015896445521581,0.3312362425171643,0.2863421822188781,0.04330486009726615,2,software
C002245,0.016222883660016417,0.013601287664976695,0.013125344440910907,0.011793821879138005,0.01211066971916128,0.04364192261937038,0.065970050945069,0.8235340190713574,1,none
C002247,0.02728412621594891,0.12752987603813756,0.16987338585108658,0.027930134830842702,0.027526013666211418,0.024416399240221667,0.3916184066543972,0.20382165750315392,1,streaming
C002250,0.015873777649338776,0.10930644284059397,0.6131271974581914,0.0842768089632822,0.0634528136483736,0.01484678865105081,0.061766609321975294,0.03734956146719391,4,insurance
C002251,0.16441840901502736,0.0214236243033619,0.021510514233925464,0.019894537388121213,0.020541014161770225,0.6786773230678339,0.02104053968315019,0.0524940381468097,0,software
C002256,0.25723873541462455,0.042453054699484474,0.04367498849570225,0.04171280292532978,0.04261800162551341,0.31983341158240963,0.04228341841136406,0.21018558684557181,2,software
C002261,0.011115342585407506,0.7219062108102262,0.011936974927671772,0.012366810071833191,0.0453622211862691,0.10221896414747839,0.04804887083982476,0.04704460543128924,4,gym
C002265,0.08521242348327429,0.09287464949390888,0.08774116479044025,0.08106032428817828,0.08278442117642902,0.08242393917127538,0.08225492958619611,0.4056481480102978,2,none
C002266,0.018183436770195023,0.019604107858799857,0.019359216220510574,0.09892685622103202,0.6531009814488046,0.01863593915284599,0.08864929503598361,0.08354016729182834,4,music
C002274,0.03926191128996449,0.037570156793657924,0.037080966440112786,0.2365975780793359,0.03784077732496498,0.0385974051794815,0.03796295904567447,0.5350882458468078,2,none
C002275,0.01717899904769858,0.8681321625675147,0.014582854685798815,0.012493835625691299,0.012986021466593313,0.01274278005051812,0.012614064054856947,0.0492692825013282,1,gym
C002276,0.006979534285044037,0.016620613114615403,0.015996759474625817,0.017282783128988108,0.014571782654473748,0.011671216804076795,0.014003902434835227,0.9028734081033409,3,none
C002277,0.015778468680925303,0.0141218836875555,0.014436508174559477,0.014731459100757415,0.03793219875466976,0.7928334700981081,0.06041406753936612,0.04975194396405838,0,software
C002278,0.11911261512851201,0.02943784275950427,0.012021208688024166,0.010711726011397419,0.02930757190363311,0.05122042428980621,0.03514349328659626,0.7130451179325266,1,none
C002280,0.05958902315863114,0.056242757209059614,0.056925920190938506,0.05509030748824222,0.06201298206820276,0.05946122938389703,0.07325225617538139,0.5774255243256473,4,none
C002281,0.018081643758861045,0.012387853452130882,0.04049815743382571,0.014617473194388171,0.014776142870936915,0.011119533271434213,0.014445788619199804,0.8740734073992231,3,none
C002282,0.3845335744763453,0.02884155327671957,0.027250661757858133,0.37626251306770836,0.02624053068266028,0.026806252938512264,0.028871302407434463,0.10119361139276153,3,cloud
C002285,0.04853798633065255,0.015112120305734805,0.2986943888069811,0.04953749968877685,0.11719108417372351,0.04801590615043796,0.09396067550811557,0.32895033903557763,3,none
C002286,0.01918948461809889,0.020053456042550263,0.021763568175345183,0.018060664508317704,0.013304041414463274,0.1134975619601752,0.019021555228649862,0.7751096680523996,0,none
C002288,0.12527792314983158,0.29154366713497815,0.01940471403822159,0.46438211741824403,0.019053870130124946,0.018682578517618124,0.018511620621952732,0.043143508989028856,0,mobile
C002291,0.3846325149220062,0.18973016297025255,0.06506579743009738,0.05745966228064603,0.05842428270364994,0.057108260265865275,0.06088374616011768,0.12669557326736497,1,cloud
C002292,0.014220579955145276,0.12999117772117286,0.027898248074726673,0.735215281561162,0.016134681925194346,0.013748240478107795,0.016023694159759454,0.04676809612473165,3,mobile
C002293,0.09080893084005538,0.052326134773012394,0.08665973348127229,0.05290866696311594,0.05691845884660546,0.26968840865688426,0.06108120395965171,0.32960846247940256,1,none
C002294,0.01474352145055134,0.28746156641186704,0.015616403077757007,0.013416798235250785,0.11274804999522656,0.4325879165982554,0.07664884063704841,0.046776903594043344,4,software
C002296,0.08408585763227754,0.11295559119879464,0.01824293645062806,0.017646364518489884,0.018045224553330328,0.15270119715076674,0.018260803711907653,0.5780620247838052,3,none
C002297,0.01345838752115053,0.04115179540959815,0.013159888921581755,0.014714877294041622,0.08199585634860604,0.01325402307396104,0.7737351012516109,0.048530070179449956,3,streaming
C002299,0.026646819974778982,0.26237399314874676,0.025390366592692136,0.026042198892819994,0.13828170139099666,0.027027073801910544,0.25552268146581525,0.2387151647322397,2,gym
C002300,0.20281100620077652,0.02469710216864865,0.02386809883530651,0.21608190868519633,0.024668344472427675,0.40416476306685245,0.02568357452922774,0.07802520204156406,4,software
C002301,0.016518637086645686,0.14596264184178237,0.016311472556529413,0.7086241189534517,0.006752371530899808,0.015587340543604413,0.006565471625072902,0.08367794586201367,1,mobile
C002303,0.02381353249045287,0.026678698362962876,0.027420277515133325,0.025495844403051235,0.18326576223428703,0.5000219766796057,0.02733235916803456,0.18597154914647235,4,software
C002304,0.522911769252533,0.0349101475551359,0.036462020057128175,0.038976426388328884,0.03454903015064134,0.03532108711027469,0.03519050639456721,0.2616790130913908,2,cloud
C002307,0.0336785828166416,0.03301235134664865,0.038110564198320415,0.028641913900433844,0.029006037932562106,0.036190426788687474,0.03633518460172721,0.7650249384149787,4,none
C002310,0.03137483598975651,0.03230529557096239,0.033903349059482515,0.032227648848127996,0.0343293530863413,0.03582279782433747,0.21277861964351424,0.5872580999774776,2,none
C002311,0.029236364523345375,0.029513066350353667,0.6819222976462833,0.028476901212792255,0.028592128894692308,0.02821029366715427,0.029141257263405163,0.1449076904419737,0,insurance
C002312,0.031440913823142,0.2247177965832565,0.03453543964231331,0.09285616176077602,0.04000073675968223,0.21137470019966045,0.04123492866686565,0.3238393225643038,3,none
C002313,0.028781761285477853,0.16945081030543216,0.03037553751462243,0.04210061829060701,0.11859466133972693,0.18197235195471698,0.03616821319377333,0.3925560461156433,4,none
C002316,0.011923564277507428,0.7800606334894811,0.010687653191028558,0.011001769753857846,0.06474319801632311,0.012334893348118183,0.04818599857247842,0.06106228935120541,3,gym
C002318,0.4742290007596525,0.04688281656585133,0.04662064833339157,0.07814306602716234,0.04439152658364821,0.044154271513517585,0.045907826112075084,0.21967084410470147,0,cloud
C002320,0.017564672850727173,0.44115484050267073,0.07556982456453457,0.016934651933951377,0.27103808405200935,0.01695309899757424,0.11475029264137326,0.04603453445715926,4,gym
C002321,0.03611119852405667,0.021965433798661185,0.028471978686990022,0.014446642975969481,0.02697602240376322,0.025041640048176213,0.02423757086670145,0.8227495126956816,3,none
C002323,0.5241194543186424,0.03250360436850486,0.032606537255132344,0.20299766741156772,0.035331496604421905,0.029961310774632266,0.03346464845323702,0.10901528081386154,0,cloud
C002331,0.025193942367808256,0.021077926482299898,0.02123742820779868,0.020608609818676724,0.023312712926401868,0.7790031871733301,0.02237108621480851,0.08719510680887593,2,software
C002333,0.010224575303580018,0.009987459849161091,0.009322269181456476,0.010441356030125793,0.16712582453884475,0.010206944060513368,0.7127892342305191,0.0699023368057996,3,streaming
C002335,0.016375874911309853,0.00941415586207148,0.009970227367734915,0.010464218885485831,0.16981785283966921,0.013526257056339468,0.171663538083291,0.5987678749940983,3,none
C002338,0.03596269669760706,0.035786671378533315,0.6695259546708618,0.034714226349397255,0.035987550406902866,0.03560748213850295,0.020703406216199836,0.1317120121419949,2,insurance
C002346,0.06921618230136554,0.05434071645461479,0.1716534121541728,0.12041702298202295,0.05428337218095401,0.05345359908416446,0.06151182275128715,0.4151238720914182,4,none
C002349,0.032782265202871474,0.03244084358430241,0.03516267091576934,0.03208221191640522,0.03408589848968131,0.03527457676013492,0.0318382725110817,0.7663332606197536,2,none
C002351,0.04979804259849877,0.018191831942735836,0.017433732471595322,0.015268999754251087,0.08708602290468467,0.01754704305963832,0.08427070660220633,0.7104036206663896,4,none
C002353,0.009588239449291578,0.010248005821273738,0.8221180245029844,0.008943282719466908,0.09347739921211375,0.008796491567633995,0.00867588940314348,0.03815266732409214,1,insurance
C002354,0.016842761491017447,0.017543900481509552,0.01653826050372468,0.015181979406158626,0.016037458540272158,0.8283989164724226,0.018797706422981005,0.07065901668191389,1,software
C002355,0.015355508449253043,0.015242695765653898,0.014442714215208381,0.3676802196279608,0.07936344497408426,0.015017447992543316,0.43468025852111875,0.05821771045417755,2,streaming
C002358,0.01623075455633436,0.017398257308407807,0.09611613029486421,0.36142404874074524,0.3116596652366587,0.01517797714252508,0.10906162958083787,0.0729315371396267,1,mobile
C002360,0.07659278885095265,0.016271850235837576,0.014498109558208593,0.014092331129011077,0.5720210636062909,0.01497527516521678,0.18940973281995288,0.10213884863452963,3,music
C002361,0.019665643772392796,0.016538144065277784,0.014470839659092412,0.014997553756009073,0.015236874217684443,0.010011160944455927,0.015403716390614188,0.8936760671944735,3,none
C002362,0.017064121479080548,0.25142065350717197,0.06090021475357106,0.39561831403283987,0.05352227846499426,0.05267869684839483,0.052845332539313096,0.11595038837463441,0,mobile
C002363,0.0092918801101981,0.008987390506331332,0.15903408273227054,0.2011146376126507,0.058162089042975665,0.011737242573014672,0.008114216547465984,0.5435584608750931,2,none
C002365,0.020609763864343003,0.019025108133100717,0.01893732596586488,0.018288686610166426,0.7995187300955023,0.024120104472785404,0.019854310167327013,0.0796459706909102,0,music
C002366,0.18908186787269227,0.03043746537114078,0.12762732237284669,0.03409454283186282,0.12569229411714516,0.030228109289190994,0.09686704239782265,0.3659713557472986,3,none
C002367,0.01646135857565378,0.016236727700770715,0.016469847325901444,0.1715038211821392,0.24255482555813462,0.01724780807589281,0.46897509716792274,0.050550514413584734,1,streaming
C002368,0.5735345203242711,0.010255138668143014,0.00947806916139433,0.009588693110399036,0.3201771555149412,0.009703413844784525,0.03095059838663256,0.03631241098943417,2,cloud
C002370,0.023477172661563246,0.023720623204695993,0.02549165036993148,0.023952964215574257,0.266212099968643,0.02629180744844337,0.024935715068199592,0.5859179670629491,1,none
C002371,0.04234762241958832,0.0301301399673308,0.018536135299640776,0.01702030558245234,0.07179912499022197,0.01914024843295128,0.06116857230423216,0.7398578510035823,1,none
C002372,0.011357658412237813,0.011901709527157071,0.012143653178492619,0.011513638369270803,0.14514794710114146,0.6832272281792706,0.08080325081904499,0.04390491441338472,2,software
C002373,0.039472160763465054,0.016815040582304326,0.31599299305449124,0.015941388331865026,0.49857694716174883,0.016140913702660215,0.03145096733542811,0.06560958906803724,2,music
C002375,0.021328165946216556,0.010777959819574332,0.009135606006855118,0.12010328681568902,0.009347391932343423,0.011072597863967274,0.00958914529655212,0.8086458463188021,3,none
C002376,0.011249825380246345,0.46788467536372635,0.03311091482784237,0.00940176695317278,0.0678850206772369,0.015693810801426414,0.3507186584238077,0.044055327572541075,3,gym
C002378,0.015755623946031565,0.011701434694494585,0.017585671224251764,0.01804729352378993,0.024653507877742672,0.017049552657126738,0.06623538221961621,0.8289715338569466,3,none
C002379,0.04364277154448489,0.04691910847179624,0.048656475493265565,0.05010821389577979,0.16210805954356983,0.16840292801838502,0.18150570599291296,0.29865673703980566,4,none
C002380,0.026976374749283345,0.02667483713517726,0.02622979496157933,0.673990468047803,0.029712937594167085,0.026486514895572143,0.02607964992811863,0.16384942268829897,2,mobile
C002382,0.026364538512914478,0.02724279717529972,0.02859786629507225,0.0675391718963544,0.08445218690317102,0.27636939796189713,0.08912969098772952,0.40030435026756145,1,none
C002386,0.012976625142161602,0.010611413599246418,0.17802863191852242,0.014341018747062636,0.012130942424165538,0.012243817775946577,0.014427414052978385,0.7452401363399164,4,none
C002388,0.010307141107678316,0.016835901614104698,0.011000289649921502,0.010256291043338969,0.01009811828098952,0.8949771499532868,0.009575506586484556,0.03694960176419568,0,software
C002389,0.01952310251229959,0.01716030661507833,0.02294946596823383,0.0862771037186356,0.017266641136593406,0.01641539173690234,0.017511907165301883,0.802896081146955,4,none
C002394,0.012928792079559472,0.014894152481171442,0.015016448049470135,0.27941389129261035,0.044868758431400355,0.013576984817227465,0.17658535760044386,0.4427156152481169,4,none
C002395,0.3153940238256121,0.2446050006081129,0.0172877642907161,0.015423395644702732,0.13494574164427092,0.10626487453285655,0.10327079558679397,0.0628084038669347,1,cloud
C002397,0.06522069216066456,0.06915868293414434,0.4659709769091326,0.06811316643657657,0.0690562700313282,0.06826891968803593,0.0689282645816044,0.12528302725851337,1,insurance
C002398,0.21626094234512316,0.019891864571002733,0.019614178682770978,0.019382431764861766,0.020432063666067018,0.6114507907744513,0.020599107244432556,0.07236862095129046,2,software
C002399,0.01870969140570137,0.018455653834799465,0.019504409850491206,0.7896680016225921,0.024630101637607874,0.019769291280866547,0.021804819104731046,0.08745803126321036,1,mobile
C002401,0.03585362062396971,0.035644870089449,0.036065772080013186,0.035432204264114996,0.09845573268723398,0.0375855360326106,0.6261981127993117,0.09476415142329686,1,streaming
C002402,0.08172352725876394,0.08125515401995123,0.12958548206783105,0.08167729173450655,0.0843873867469326,0.084503839339664,0.08481060110455314,0.37205671772779747,2,none
C002404,0.012619004607293087,0.13903449418188432,0.013072875872282761,0.014797200986390625,0.022382909789589192,0.16336455693311397,0.024727485859529795,0.6100014717699163,4,none
C002405,0.09210956870040399,0.008565445427882833,0.7156382201389413,0.0684707682602204,0.022621849539968437,0.009104068270462784,0.055097106311545505,0.02839297335057468,2,insurance
C002406,0.017762863917005836,0.02966542748751752,0.017659373826941653,0.09265912798981882,0.01794095279872598,0.7016194880072506,0.017882216477246485,0.10481054949549315,0,software
C002413,0.025852289283951318,0.025570270521945614,0.14747510753183982,0.017722891550954783,0.009040464892189428,0.018477544712361824,0.017941373192467303,0.73792005831429,3,none
C002414,0.058340590869193534,0.05799916925062447,0.06070678375652521,0.05818657272666786,0.06216967429916187,0.06351993206874984,0.06037352248329808,0.5787037545457792,2,none
C002419,0.019182476550579516,0.019469306163597704,0.018526865989158463,0.6138744331280104,0.042322447546786324,0.021018217540393742,0.14566455011280127,0.11994170296867263,2,mobile
C002421,0.04274745896950552,0.012941580385217005,0.01277592687348009,0.012130164918678093,0.06419209824755955,0.10382651849815122,0.7145727079122125,0.03681354419519598,0,streaming
C002424,0.02147824968966467,0.02386144078496695,0.022759340065199654,0.02325831812816859,0.7119207195339972,0.02183681913479886,0.08166662298268357,0.09321848968052067,3,music
C002426,0.06827117001422296,0.0700924434413156,0.07220461066411998,0.07202850587917545,0.10611822671673798,0.07682972982988906,0.1259771868655819,0.4084781265889571,2,none
C002428,0.025738093730044077,0.025687261182595685,0.023246853796449498,0.023517232853859576,0.11253403611869796,0.028320511498907103,0.6521357021956424,0.10882030862380354,3,streaming
C002429,0.011792328362324606,0.011980649815197184,0.438901080441648,0.03516584834482715,0.35634477751203425,0.012992453978090263,0.08992904688126585,0.04289381466461267,2,insurance
C002430,0.02842682799177971,0.7010489320326962,0.026896513649457256,0.0392939302539055,0.017742362689054457,0.025482673137619705,0.01774790535087832,0.14336085489460873,1,gym
C002431,0.8171800473411397,0.01950831369723449,0.019377623134771448,0.01894107696156574,0.01983652709183086,0.019056947464028282,0.01396790016416595,0.07213156414526349,2,cloud
C002438,0.018624442745002693,0.019741739700375037,0.01342377226175226,0.5918556938911648,0.019063684211100333,0.016911124954955985,0.02294413959715441,0.29743540263849444,3,mobile
C002439,0.020457459529476068,0.02769877023708229,0.02458924264814322,0.02320865561073413,0.06007978916960823,0.024364867081308694,0.37972589824023206,0.43987531748341524,3,none
C002441,0.01351731109474216,0.04007310053122119,0.735549832023209,0.0126490518084408,0.013123368411301125,0.11385671554925038,0.01342072991760022,0.05780989066423527,1,insurance
C002442,0.022030188466576665,0.38260868184513497,0.021933168969645145,0.08973840776100514,0.02433761284227442,0.35270504704950084,0.025180097085597583,0.08146679598026514,4,gym
C002448,0.015241458215951787,0.010631412449973753,0.01103989544210753,0.08010464396103723,0.02405279925078901,0.024961244795010804,0.03031459144204913,0.8036539544430807,4,none
C002449,0.021804039394830676,0.018898776327252627,0.018680154018452317,0.01805567799534706,0.01820107174418616,0.8248901039419082,0.019255539346149562,0.06021463723187344,2,software
C002450,0.05360706605137026,0.021405883406019753,0.12080854879077313,0.0391839357731491,0.04155520326551213,0.039985883489805904,0.042208212221958946,0.6412452670014107,4,none
C002451,0.012133104602079451,0.012955926813840501,0.30452705054754703,0.02827895134469654,0.014053750471333965,0.5350373732732633,0.015050140552715011,0.07796370239452415,3,software
C002452,0.011633071017806734,0.047288375992171845,0.544982801946938,0.2599377545194562,0.01119866288635809,0.07875815816399827,0.012308541271477862,0.03389263420179293,4,insurance
C002456,0.026755138289493417,0.02737446796346065,0.026282757351782704,0.18451026605352855,0.028550506377603715,0.49273772708937724,0.028300832671013146,0.18548830420374068,2,software
C002457,0.5834428176496423,0.2394559117259551,0.022553817550439014,0.021723782890756407,0.022019566063019053,0.02169415347766466,0.022664426403518526,0.0664455242390049,0,cloud
C002458,0.029892940287345314,0.02887104489446946,0.6535658980392052,0.026733977999574887,0.028107384851347506,0.027016003005285713,0.0282262613153476,0.1775864896074244,1,insurance
C002460,0.04251450481239265,0.03900237693012864,0.32832697512789505,0.03783315967276094,0.04084117965328493,0.03899474416294156,0.04017626190297942,0.4323107977376168,1,none
C002461,0.028696135138730677,0.029116906950835506,0.2021877205941604,0.028674303026147013,0.05685483188882348,0.03684236382665352,0.07031127428600545,0.5473164642886439,2,none
C002462,0.019081645949994987,0.020351595092665122,0.020569302114420387,0.5417284813345642,0.02063429441286388,0.25932796426803273,0.021189269812623604,0.09711744701483507,0,mobile
C002463,0.2433915492591472,0.04542409600081472,0.017278869846096827,0.05095322796196966,0.045360679905304645,0.12363459070826444,0.04575073257174669,0.4282062537466558,3,none
C002474,0.010025156461478378,0.010315331287819373,0.010301404770195198,0.2132544699237569,0.11171465128421204,0.009460001639057733,0.5839051111089932,0.05102387352448724,0,streaming
C002476,0.03414306401527395,0.3091989520556673,0.036191424328458455,0.03462593535566168,0.037975173560831625,0.03660521405843958,0.03421994899928579,0.4770402876263817,1,none
C002479,0.03215412756908764,0.03376390502574255,0.03345710866219914,0.23969137055204653,0.03290906804499474,0.03147054403716296,0.0327959697405834,0.563757906368183,0,none
C002485,0.03185821856259216,0.4901177152147239,0.030808904714536414,0.02846529136555257,0.040186282783789815,0.028345250778478492,0.2714755821778334,0.07874275440249316,4,gym
C002488,0.012055332801625063,0.012155483918156258,0.011065472926511256,0.03389799459051605,0.060837794382268204,0.007521680184196514,0.04328241512840153,0.8191838260683252,3,none
C002490,0.01650610458831772,0.20971914358580132,0.3974507252018847,0.015137279392774688,0.01603549789440393,0.16661762636123717,0.1381147909259672,0.04041883204961322,1,insurance
C002491,0.4310791852421207,0.0218201235803006,0.021167150651795644,0.018186328111186256,0.16446416321931864,0.026823976787320677,0.13896581764464871,0.17749325476330877,2,cloud
C002492,0.01710780638293629,0.017044818708126762,0.016969204326055955,0.3814778474110505,0.016421477257364814,0.015930325975667202,0.37296908132385576,0.16207943861494267,0,mobile
C002493,0.030961602246230326,0.03167736740298409,0.08780006107385459,0.029875600302379395,0.03957555952502119,0.03087630344361856,0.05295031998369643,0.6962831860222154,3,none
C002495,0.2636649084396526,0.008011194144744728,0.007623407719448897,0.5463271028354066,0.06647683544072484,0.007725628440271292,0.07484185008106571,0.025329072898685197,2,mobile
C002498,0.03784922604669397,0.03945128005126061,0.040291837720793755,0.24814794899118367,0.04350521564638074,0.04190967310561727,0.04156520710352002,0.50727961133455,3,none
C002499,0.14065912492771349,0.01659373759225598,0.02518753589940933,0.5271834751723761,0.020511290356759988,0.20568740279467884,0.019813930212407422,0.04436350304439884,3,mobile
C002500,0.029045527517062963,0.25506777983670786,0.026206168559042328,0.025348405200505714,0.02773063133821175,0.1334473481753332,0.03376267491961323,0.469391464453523,4,none
C002501,0.08114496118598212,0.039076407719193657,0.037838939089091486,0.0361413192409945,0.47622979669738796,0.04710662977073768,0.12066443405622196,0.16179751224039057,4,music
C002503,0.05659357696966113,0.01618120874935097,0.015453499717741848,0.019502012542864107,0.024594750281961786,0.18417489306758542,0.017094138683442468,0.6664059199873923,4,none
C002512,0.25325875291274913,0.11902198999593602,0.02153596067365851,0.02016742074075877,0.18218734795633457,0.020568335691570416,0.33858391452406184,0.04467627750493078,1,streaming
C002514,0.028470687175780496,0.15262105688545252,0.5911348732998982,0.03971616271958625,0.028525205358181586,0.02720802858527345,0.03316141434473937,0.09916257163108816,4,insurance
C002516,0.01144213627486873,0.010980272743606155,0.010723858601985244,0.011052608646155638,0.012942884938878069,0.8840456534586152,0.013251744117307033,0.04556084121858399,2,software
C002519,0.03376729879505672,0.03458602398495664,0.036666794285731066,0.03437794408052588,0.03815485796658537,0.03550638190098243,0.2915262755895935,0.4954144233965684,3,none
C002522,0.01101229962228395,0.011338833950286693,0.010436615861245897,0.01013547976040279,0.19383390343838758,0.7086557348020781,0.014857408916547354,0.039729723648767576,3,software
C002523,0.011523528378351793,0.0932769644424877,0.5550507120458049,0.012213108911321331,0.17242727258633112,0.09532981433720283,0.031689382090604346,0.028489217207896007,1,insurance
C002526,0.01579731229946047,0.01342477416960966,0.015530816029019005,0.4326426581597115,0.16844718061882716,0.18726385064444118,0.13919589538760221,0.027697512691328887,3,mobile
C002527,0.06633447742850725,0.007210110746707197,0.038360328854407794,0.015488477856928376,0.026601565077501887,0.01826490219561891,0.026582481904631423,0.8011576559356972,1,none
C002528,0.08109930093645994,0.10389868044880161,0.02121113306679843,0.03505930793967362,0.0759682764750997,0.07185867209953851,0.09895288945204135,0.5119517395815868,4,none
C002530,0.5529416476902282,0.012836835812506345,0.3265630563913147,0.011799769164041476,0.012052837989112976,0.03784563245411931,0.012274154983600382,0.03368606551507642,2,cloud
C002531,0.07427449309142449,0.07479968549660974,0.07639445429359595,0.24432041782568392,0.22594150582376704,0.07954366295370954,0.07919199890485884,0.14553378161035038,2,mobile
C002533,0.02985705745999415,0.026899768321137753,0.027292496659871684,0.0254568839571754,0.03185351272852934,0.02986758915960086,0.031140179655743297,0.7976325120579475,4,none
C002534,0.14330346895800655,0.3301564498354137,0.09313304250822575,0.009689479720880505,0.009946060974070872,0.0100848987850222,0.37541652509545353,0.028270074122926803,3,streaming
C002539,0.068126504431487,0.06802339152041285,0.07084238821599495,0.06845514382589672,0.07472729136780223,0.07202197744453046,0.06860544660293354,0.5091978565909423,1,none
C002541,0.01404193190264599,0.005563238599946285,0.22000479719198435,0.012332547625936857,0.013897494242698781,0.6368256661210441,0.012898121522698291,0.08443620279304552,1,software
C002542,0.020703909728892467,0.01953671064208768,0.01944985116827888,0.018098974533316443,0.0197317675087361,0.018870071703240576,0.8168962132090649,0.06671250150638296,1,streaming
C002544,0.01622102635031362,0.01671484745772233,0.016089485207728155,0.20474077491881842,0.016210010664658967,0.6653376696221971,0.017342866668419176,0.047343319110142223,3,software
C002548,0.012553088561956196,0.11356747851429029,0.2576609684564757,0.011282660878545557,0.011145441348098029,0.5481286145290388,0.011253246763013883,0.03440850094858157,0,software
C002550,0.01900363887167962,0.018649396276244193,0.056238623114832284,0.017505589556716973,0.019254812580289278,0.7594185585475963,0.019311521401425953,0.09061785965121531,1,software
C002553,0.015345749057824518,0.014691027016924487,0.672895417322326,0.012990973333568308,0.08887927536086657,0.014532275997517156,0.09284756238961167,0.08781771952136129,4,insurance
C002555,0.01657109414208955,0.328650029088348,0.5312707760428536,0.017020710205079583,0.015355952703228811,0.015401178864405698,0.015116199687943374,0.06061405926605133,0,insurance
C002559,0.04832465926694972,0.04502301470162229,0.498726602450563,0.043389687886558524,0.05250524583770616,0.05110233161865252,0.06096770270436308,0.19996075553358467,4,insurance
C002563,0.009781544217838119,0.006144748379044179,0.69726073924954,0.009440768494479158,0.03144811389613489,0.010510792720356718,0.03181983145644691,0.20359346158616015,3,insurance
C002564,0.16210722426377602,0.014077671160904791,0.021354952305958526,0.05396032227684562,0.011356895099211353,0.011394552267299367,0.007405224144430624,0.7183431584815738,3,none
C002566,0.015981266053985324,0.015164906894696805,0.017878545970910497,0.8275585323386379,0.02155544868164237,0.013637506122132778,0.02208787232289348,0.06613592161510101,4,mobile
C002567,0.3334488879316356,0.0685245166556688,0.06603795626928952,0.0627086498349188,0.10610024123248535,0.06775637848132858,0.05624704140100202,0.23917632819367135,4,cloud
C002569,0.013580673401705925,0.21516208478434495,0.3506595681027235,0.10440903497653405,0.0317774302122198,0.07400128355171354,0.12879469979954283,0.08161522517121544,4,insurance
C002571,0.6534508814844573,0.01886506285377223,0.01743617529491478,0.01861592638094465,0.17717282603254467,0.019010269925803836,0.02105873281750239,0.07439012521006019,3,cloud
C002573,0.023864709346829036,0.061825561884912145,0.6288263385241243,0.0188788664952847,0.023493817627405458,0.023978138630767632,0.027357897659926512,0.19177466983075017,4,insurance
C002581,0.10975895212880404,0.012380023585666651,0.2619148238733008,0.011631129015995025,0.01879193305432949,0.059076345262443396,0.49469212956462383,0.03175466351483667,0,streaming
C002585,0.025421758660513376,0.1388210578919628,0.14417450100965418,0.02341932167023204,0.023477356423696492,0.023767397503379566,0.03613743603845224,0.5847811708021093,1,none
C002587,0.017265226651243543,0.015673577093983294,0.014845824062514666,0.26994988920809077,0.35926412226421045,0.12628881484845783,0.10021426199962874,0.09649828387187073,2,music
C002590,0.02864484630127501,0.026360262108604274,0.08619616788311349,0.17647532643527034,0.005097548454731182,0.008484165699027537,0.008383165474346279,0.660358517643632,4,none
C002594,0.014178487750717252,0.01428139143707605,0.01304200502356177,0.1270164913821303,0.6964630373832746,0.01428008656266026,0.06847790904882903,0.052260591411750726,3,music
C002595,0.032176936852101004,0.034338393406292536,0.03509952103319408,0.528134637702591,0.03203995057600509,0.03202252376899815,0.03235235326121702,0.2738356833996012,0,mobile
C002599,0.02012265973594313,0.02125119888469693,0.019186609985430706,0.013555412196401988,0.019513605557250544,0.05692138314579537,0.019210813718833698,0.8302383167756475,3,none
C002606,0.07357178276609964,0.022532205544140864,0.09576302304807377,0.02196157114743524,0.6508262737819033,0.020852099905641543,0.011387353013415955,0.1031056907932897,1,music
C002608,0.04256555273010289,0.720910616787091,0.021535604118344306,0.021131470083872606,0.021673367127773173,0.021433053708362584,0.02276684102282341,0.12798349442162998,3,gym
C002610,0.009430928254760579,0.3191258140244884,0.23970817139989847,0.3699331170317005,0.009356612545024689,0.009269586142830374,0.009615262384966957,0.03356050821633,0,mobile
C002611,0.02012790926143824,0.08551203577155567,0.01789805534255772,0.023240843383357367,0.0344136389180157,0.018117705007019844,0.028323999431711804,0.7723658128843437,4,none
C002612,0.023558714839986367,0.024173396545693136,0.023494257710036152,0.6622512393339955,0.03198732586382811,0.024509338265008052,0.03020480527294553,0.1798209221685071,3,mobile
C002615,0.013365692070147636,0.013081712405548557,0.012758817561385789,0.011958252367733933,0.8169417376373502,0.012840556792030229,0.07128798530074512,0.04776524586505852,1,music
C002617,0.02176513392641919,0.031571185851416196,0.02220371076263928,0.02494016095037008,0.05281531278253236,0.022892567166939194,0.06322669241248721,0.7605852361471964,2,none
C002620,0.008337175816310403,0.007727193164056564,0.007707434086128071,0.24404876132864678,0.0886998456077526,0.5693267886947332,0.04386330130073418,0.030289500001638256,2,software
C002621,0.0374534504157216,0.05468756645342061,0.029059539696879785,0.18052608744610577,0.12455067596731312,0.027274790389469505,0.45501745058766796,0.09143043904342171,4,streaming
C002622,0.3370008898113709,0.05310806244937407,0.019589484119409823,0.018484163715417615,0.10094878657595613,0.0235557183186646,0.3676918748555186,0.07962102015428829,4,streaming
C002623,0.01157745746131739,0.011118937436974013,0.3294631683931645,0.4392793734255766,0.026814748050112844,0.010374208724995266,0.13489557119224743,0.03647653531561201,1,mobile
C002625,0.011868621406117465,0.6848486075310039,0.2052472297618108,0.011448218027187141,0.011783582620074777,0.011661097653222655,0.0123170638143979,0.05082557918618541,3,gym
C002626,0.020056237667952073,0.01958770257392472,0.6797342873769554,0.018250220743130485,0.02061137728683589,0.14900032636066438,0.020271482032733407,0.07248836595780357,1,insurance
C002627,0.008513026914675332,0.011615270037251902,0.01485317060552537,0.015166842088363996,0.1409101624614051,0.010498745417828874,0.5615334931618052,0.23690928931314426,3,streaming
C002628,0.035163811140540895,0.03700678336157569,0.03926975130362668,0.037758263742791856,0.1922275887613735,0.0420426931170347,0.1943087001858384,0.42222240838721836,1,none
C002629,0.3398673705803243,0.02765958381889689,0.02816025615647679,0.02728671742555608,0.027906878212070368,0.02731199433793998,0.03464074294987038,0.4871664565188652,4,none
C002634,0.025272850365656914,0.035945422516308265,0.0383549782191171,0.03690962734548916,0.18923522014037714,0.248949923224115,0.03827445313141188,0.3870575250575245,1,none
C002635,0.060936836031971406,0.34920171349733,0.06811955004563643,0.06677153285991078,0.07124413365601573,0.07067510646092151,0.08744084626687133,0.22561028118134288,4,gym
C002636,0.013472630824519431,0.013685513379246332,0.026929608249367427,0.06277596372000561,0.013548142245644705,0.10758612455424518,0.04775933941672354,0.7142426776102477,1,none
C002637,0.010027497726470025,0.8254503011855449,0.009908234517446343,0.07717848711824717,0.015906372884468056,0.0091324847266001,0.01610368788045885,0.03629293396076457,0,gym
C002638,0.5619950422621698,0.03770606356076933,0.060728355300122126,0.03712658046983723,0.05914213139796866,0.03626460443321479,0.12151279586194519,0.08552442671397288,2,cloud
C002642,0.039888574980609805,0.18433252643559034,0.018432527850088334,0.4210892757969711,0.01973723717196144,0.23546082428727438,0.01998332933113752,0.061075704146367114,2,mobile
C002643,0.015262125347638147,0.008995262005150783,0.01651109123548002,0.017012140598573946,0.006626228148397844,0.009041225228035516,0.007948704540893933,0.9186032228958299,0,none
C002644,0.013042068257109995,0.03194928543954631,0.012883926235701986,0.011547451473557969,0.012891385318530261,0.019063851380037123,0.011517039473448195,0.8871049924220681,0,none
C002647,0.022093754761249397,0.02372767918944498,0.02420843259216091,0.7332147217384188,0.07710933999517383,0.02304194416774602,0.023952429139150855,0.07265169841665536,2,mobile
C002649,0.032225123650607264,0.029436382829352067,0.03005990990053231,0.02951740953097101,0.03304728377965287,0.6298822191944129,0.033806690349207295,0.18202498076526424,1,software
C002650,0.03412624870023089,0.03451604937819107,0.035893868092665225,0.03545809487633356,0.03717826716749546,0.03846468270464379,0.25718618759437906,0.5271766014860609,2,none
C002653,0.026643601390795177,0.02682523270346459,0.026799885828863494,0.02880151919483282,0.2510799959400773,0.24813339661896017,0.2662232635781295,0.12549310474487704,1,streaming
C002655,0.015068095553049846,0.015317323600865854,0.014158158375055633,0.01489923584639033,0.6756362159656921,0.1270992257582043,0.0977393724097382,0.04008237249100372,3,music
C002656,0.01574990906319943,0.015729112862557584,0.016005323832500615,0.14758979642403663,0.015272706304179458,0.6952262920570285,0.01502081517694706,0.07940604427955074,0,software
C002657,0.016043620207350465,0.015273698882004519,0.015066494740651703,0.21878567247426964,0.5792524355662352,0.01480010778817619,0.06927444049727327,0.0715035298440391,1,music
C002660,0.011803811291741727,0.8479890066768991,0.008347998190555308,0.05482527175354421,0.008361537602085458,0.008093215486044514,0.008218828470398558,0.05236033052873123,2,gym
C002663,0.023662349579205114,0.02081208235182824,0.021110419212020372,0.021577389569021953,0.14457145671884186,0.021208405126904223,0.5802641420177724,0.16679375542440592,1,streaming
C002665,0.016300606652264196,0.014387598703016721,0.013535026772938196,0.017058942503133546,0.7486027576908928,0.01971314169626422,0.038332321889012685,0.13206960409247767,1,music
C002666,0.019130629481026746,0.014077327922462345,0.02581555678011153,0.017671452517083585,0.011998877739702794,0.027821153783858497,0.01006427787145325,0.8734207239043013,1,none
C002667,0.03526983022363978,0.6644582232199898,0.033946100509283775,0.03406142654306283,0.03508950956637535,0.03396539020474221,0.0404546698029694,0.1227548499299369,4,gym
C002668,0.24154399942927243,0.0326602560853306,0.031861336626188876,0.012545417742885836,0.06697922147433295,0.47665981885522,0.03612683021504948,0.10162311957171978,2,software
C002671,0.033007676318093745,0.2431151886958938,0.035111191500984705,0.03319127423629496,0.025504232763808136,0.05530883367012711,0.02633557763419051,0.548426025180607,0,none
C002677,0.7093692618722005,0.026974378996315412,0.025910919069248917,0.02594152385605559,0.027867614996885448,0.03396412305454454,0.028431835161553697,0.12154034299319601,4,cloud
C002678,0.016254417588871344,0.017290200975295027,0.017118481630041562,0.7655579288537693,0.010398618569654246,0.016106136028671832,0.01109935482851693,0.14617486152517978,2,mobile
C002680,0.1822567625854473,0.6092721766897387,0.09607319239416723,0.014833401672188051,0.015368044218417,0.015184800420616762,0.014718773507252824,0.052292848512172245,1,gym
C002683,0.02191378859532871,0.02014419431255325,0.03329222021234787,0.028888759245659906,0.033436464316874956,0.016718382164886986,0.025757641241848983,0.8198485499104994,0,none
C002686,0.011327318341619892,0.3424116819044343,0.010678210350279174,0.16118128417697358,0.011222160310344887,0.39745286154277343,0.011156015780966992,0.05457046759260774,2,software
C002687,0.3454418796680466,0.020199644503058313,0.01927328441053096,0.01944232857985853,0.019556478976062937,0.49555336623949375,0.019265323605615496,0.061267694017333466,2,software
C002688,0.015876558171443574,0.016378695989716845,0.01608590857530144,0.46242654056384186,0.09361950451790994,0.015192217444479985,0.3086993910089232,0.07172118372838321,0,mobile
C002689,0.009015102849226167,0.07706223214812391,0.013429350675822353,0.013685790849388646,0.5859906748070887,0.013801259851486019,0.190892153075812,0.09612343574305218,4,music
C002692,0.07956418910660779,0.013156965292449046,0.0042480198713901775,0.015084545475826551,0.01292794828851191,0.019278205038916717,0.012210749602199113,0.8435293773240987,2,none
C002694,0.01584184109407129,0.03334448456935085,0.015231062852336321,0.014027901814528702,0.014761868269436823,0.6603781930279357,0.013456327721315471,0.2329583206510249,0,software
C002696,0.021880348798533067,0.736993359495569,0.020455269970947657,0.08841277145336346,0.020752995278101087,0.019433802429344674,0.020079929058845793,0.07199152351529525,1,gym
C002697,0.020524021404546462,0.020455951508497938,0.2489952077335676,0.5892183902363461,0.020175977609614856,0.01961626794249355,0.020832397708733623,0.06018178585619985,0,mobile
C002698,0.03941137637346645,0.03952736834681017,0.48015894168015966,0.04179417725370681,0.04302943710948973,0.04662250819349366,0.041833896299445665,0.2676222947434278,0,insurance
C002699,0.4203020257508272,0.012477053741729072,0.012712287663699029,0.28308827666346537,0.12347266209911088,0.011798534283154773,0.07584469617293613,0.060304463625077555,1,cloud
C002700,0.1620301491897272,0.04247570086748614,0.03996951051444899,0.06338723790623269,0.05752532588185785,0.26239200868689205,0.07073459626254733,0.3014854706908078,4,none
C002703,0.03374874784952379,0.03395649627211948,0.08416200127063184,0.04013002346102787,0.03543835030807578,0.03528570037734351,0.0373854246339389,0.699893255827339,3,none
C002705,0.6162100037206673,0.023215728440915667,0.020625387790459297,0.020367151491332298,0.021691839153349483,0.021499038517315532,0.022768233664957834,0.25362261722100266,3,cloud
C002707,0.48970608599660925,0.040510824450719185,0.04095361073670742,0.1024656017989815,0.03897045568244331,0.038680992528277836,0.04224727110366689,0.20646515770259452,1,cloud
C002714,0.24866122148240308,0.5453102607005503,0.010107203077115863,0.009666990723478189,0.04366493110993168,0.048012943526848734,0.05837760225932675,0.036198847120345386,1,gym
C002715,0.14506473004741527,0.510319050923989,0.06261776119069803,0.060599495590937115,0.036664915346862566,0.006331366165561944,0.043418224774440135,0.13498445596009595,1,gym
C002719,0.31180284992825275,0.016267800244157,0.016119536400674945,0.08162014349610704,0.2581819192822228,0.04874742080919977,0.14493275114401735,0.12232757869536835,4,cloud
C002720,0.02016182169742249,0.3774117699243942,0.29051424857825703,0.01876747613243264,0.018947012319665016,0.12236219999484506,0.01924699377815705,0.1325884775748266,1,gym
C002721,0.03120190497571912,0.031885699179583865,0.030379001150939763,0.03506723690538177,0.19389344490093394,0.03128351133270757,0.4492201855850091,0.19706901596972495,3,streaming
C002725,0.020332955117375952,0.5270365995952813,0.02095623621462462,0.0640814761925246,0.18919594589214794,0.01974824413268195,0.02018179235134719,0.1384667505040163,0,gym
C002729,0.32519760883273674,0.025009620908652504,0.015096060272840921,0.021199284640063022,0.021932951155872182,0.0217984557461955,0.0298064669211313,0.5399595515225077,3,none
C002731,0.05486116964749424,0.0583654964332785,0.056533145110423275,0.0859436338475106,0.019723728110837172,0.05416623999844267,0.018526850767033743,0.6518797360849798,0,none
C002733,0.01167247259551586,0.012316477837488836,0.011565237081973549,0.23965241356844935,0.16070775742908971,0.5120834356897473,0.011701617657556325,0.04030058814017898,2,software
C002734,0.11820638891985588,0.014246769579489314,0.014003051261409563,0.01390371945534262,0.28302297933505594,0.48214501812251814,0.031017547837422527,0.04345452548890609,1,software
C002736,0.03832925089600927,0.04018151874825135,0.3133108061068051,0.04039519962438111,0.043654902091465046,0.15806549344864806,0.05565835395547407,0.31040447512896596,4,insurance
C002737,0.0132859369119449,0.01395624896053295,0.47294354681908923,0.004828086589258146,0.3398355302234303,0.014527984207283413,0.04788101532349305,0.09274165096496792,0,insurance
C002738,0.11068670761591201,0.6638056724223071,0.010977005080068422,0.011126420570629748,0.10659002541531734,0.013873479813520988,0.041506553731672294,0.041434135350572034,2,gym
C002739,0.018000943739472322,0.017463511406702326,0.016089317359711534,0.01748102451418487,0.7931766707231538,0.015760876864721444,0.016975237863335393,0.1050524175287183,1,music
C002740,0.0144538080089914,0.6294232287716193,0.029318396915611025,0.029357899132154083,0.03109588516645196,0.03786090757063058,0.03085414232630488,0.1976357321082369,3,gym
C002742,0.23098539191610756,0.023945032171815962,0.023050026343919262,0.24990306014067049,0.047380815484129216,0.21086635980687887,0.13148507102749682,0.08238424310898176,4,mobile
C002746,0.04205396026458259,0.04328744951073678,0.04001411363676333,0.02818441407164302,0.1259176864303505,0.040093420918484377,0.5006407251152624,0.17980823005217705,3,streaming
C002747,0.7126628040275977,0.03529980054314803,0.032277103877138134,0.03067484721031964,0.032364842032019225,0.032583782388708134,0.0310473392959901,0.09308948062507898,1,cloud
C002749,0.037611604817125964,0.03966762840619793,0.03935238267896651,0.5609383014784801,0.0380131345804903,0.037389455180685024,0.03949534491540621,0.20753214794264788,0,mobile
C002751,0.01914417291783876,0.0175353604743037,0.017880938135551964,0.16406042874860843,0.018279669927378218,0.02863058189689353,0.018564916941898046,0.7159039309575274,1,none
C002753,0.021006917362763108,0.021939905455557688,0.02093046070041593,0.3225334216547617,0.023509711086078883,0.4512918405213807,0.023726505947940846,0.11506123727110114,2,software
C002755,0.045030729393179286,0.4282253377680413,0.04306874372812698,0.23411795174872357,0.0403608818930134,0.044461140737319396,0.058221903027743466,0.10651331170385268,3,gym
C002757,0.013094787615242085,0.12227891838936238,0.012435277293928706,0.5124930926253589,0.22775249987680923,0.012499573233856084,0.023472824751907997,0.0759730262135346,2,mobile
C002758,0.04647043761999815,0.043499252769329366,0.046202689801194255,0.04699109222209208,0.05048052813837452,0.04899148284259913,0.04645894969675837,0.6709055669096542,0,none
C002760,0.02033596846286162,0.020707217558858987,0.020183522609569994,0.018671446439631385,0.15010587598736128,0.6408630199832754,0.07808425001282478,0.051048698945616505,0,software
C002762,0.23519254427707267,0.01784555938350404,0.19749583003682322,0.016590942732717658,0.03604898131062924,0.016275939851488987,0.42526215627247244,0.05528804613529168,0,streaming
C002764,0.025606976868710815,0.025502193554138936,0.08164893361979533,0.022446358258245043,0.2534699540039674,0.433715557406605,0.08352187902355346,0.07408814726498396,1,software
C002767,0.011295067523610421,0.011569046649476934,0.6463777557157366,0.009886681595860647,0.02131028989167178,0.011523207234532762,0.252477471210519,0.03556048017859181,1,insurance
C002768,0.026690515631401544,0.026852654739157926,0.028408910346185135,0.02680325873042744,0.03098553945596389,0.030294564752878107,0.07772255240001141,0.7522420039439746,1,none
C002769,0.022445824207373122,0.021347425693451744,0.7706017894645127,0.010145229232470195,0.019374875999800853,0.019182433698638545,0.019545828361496043,0.1173565933422567,4,insurance
C002771,0.3272176752245102,0.011519756954218361,0.35546377466321843,0.01025328724431011,0.013362897004038093,0.2287376697562182,0.0135186550120481,0.039926284141438555,3,insurance
C002772,0.028926434285442407,0.6940690039702022,0.028653003443814044,0.02872089454860126,0.0436629666806304,0.02926141125959102,0.04602476217113194,0.10068152364058683,4,gym
C002773,0.009976637587788106,0.010257555418229999,0.12594459319749346,0.4332115947159733,0.30887730539624286,0.009359628755769567,0.05798104604100181,0.04439163888750092,0,mobile
C002775,0.01839938533233088,0.4147920973955741,0.1310884072160962,0.016834163107817806,0.017530833420055035,0.024156705320667802,0.021864534288483752,0.3553338739189744,4,gym
C002779,0.4713920540017535,0.015122504957853878,0.014102946512809727,0.08049085820718087,0.01242240094545587,0.06658113357024403,0.2970841493721471,0.04280395243255499,0,cloud
C002780,0.01620444417162253,0.8381695251355361,0.014100578331375896,0.01363377181831238,0.014451006459933914,0.014085133872314531,0.015128589818445646,0.07422695039245908,4,gym
C002786,0.030639280440570106,0.6990178082333818,0.031073904616539937,0.02928738730059059,0.02969602402412649,0.029356818255773305,0.030276162308004097,0.12065261482101372,0,gym
C002788,0.09588180999620143,0.02768424723674297,0.02857049988526876,0.025691651822288518,0.3712441025669981,0.2234827508332307,0.13445300892078052,0.0929919287384891,4,music
C002793,0.0485776853022892,0.049413963834148755,0.04867738516239361,0.04791812607777282,0.17505639842605297,0.30361970888190803,0.2004620473723409,0.12627468494309363,4,software
C002794,0.03994933412839838,0.040438775694722505,0.08375030467893875,0.03857998827161096,0.041620980819115694,0.5940986886809471,0.041850535565829676,0.11971139216043697,0,software
C002795,0.17793794098890134,0.02876620179433463,0.029695131823496056,0.027993984396029188,0.029273238351316826,0.12351779498222504,0.02874929291743165,0.5540664147462653,3,none
C002796,0.01821454974736419,0.017533367614315957,0.017125433141287845,0.018944179750195828,0.7187284564267453,0.016506895890104394,0.08656431610836232,0.10638280132162417,2,music
C002798,0.03254013534788895,0.03335339491038283,0.4159087124806131,0.10173381959089078,0.13895059499696294,0.033256375802249924,0.13228623827908179,0.11197072859192964,2,insurance
C002800,0.09502991470457414,0.019801231360132943,0.18727704541938917,0.04327934451334128,0.01889590635142143,0.018247288218203303,0.018899190459758526,0.5985700789731793,3,none
C002801,0.02189250535089777,0.0963496824623396,0.03435190793762222,0.04761538813205026,0.24294520750352297,0.20956932679932552,0.06097612487109051,0.28629985694315124,2,none
C002802,0.016798139070566535,0.012554099338018865,0.04453180561495325,0.40223212488372795,0.034371332787345714,0.015659552950107264,0.4024730442585327,0.07137990109674779,2,streaming
C002804,0.24328729782713626,0.042928039338793994,0.4079505727356578,0.04289081306483223,0.043904798168486026,0.03868058202956998,0.043495254792112595,0.1368626420434111,0,insurance
C002805,0.021746387423626137,0.01390301585076121,0.014926046693778703,0.013765760086810753,0.019050953133481537,0.012860419243058233,0.018776946128363142,0.8849704714401203,1,none
C002808,0.02797315717082748,0.09933060992599947,0.017780838256510327,0.01601999976123786,0.021056134009978116,0.0181772974535646,0.020255251781288997,0.7794067116405932,1,none
C002809,0.034756010568275986,0.03605564980917187,0.03425573061958988,0.5698137133852106,0.04126124652081314,0.03599686736002375,0.041109463189521564,0.20675131854739318,3,mobile
C002810,0.015558188682090354,0.016570542005264925,0.015893937354654133,0.31148073258068965,0.020005803814881776,0.01618954974692061,0.5287269934529284,0.07557425236257019,1,streaming
C002812,0.22297602460112007,0.017117808491707298,0.11987558255432407,0.015248963485338555,0.015299295607144606,0.553236985984078,0.016071402350378905,0.0401739369259084,4,software
C002813,0.013777844850033109,0.008749198384505528,0.008340824433414324,0.9048404981034379,0.010556037729059435,0.008481897184864503,0.009975016383046105,0.03527868293163905,3,mobile
C002814,0.016572549234363004,0.037120249711772114,0.015341547804237035,0.015048326328801216,0.7730332574219436,0.016108750809040215,0.042183051582707035,0.08459226710713574,2,music
C002816,0.05457753623725485,0.05640223466837328,0.19665209724279195,0.055057547654645295,0.17934645601068952,0.15293992962832012,0.20188559709711337,0.10313860146081166,0,streaming
C002817,0.0261344702277835,0.3811003297669193,0.02600919510125882,0.024195207344965112,0.3235861975483387,0.049359751842925854,0.037017274301039044,0.13259757386676965,0,gym
C002820,0.20777677307952874,0.023129746801908824,0.02202941162361436,0.021192370142217275,0.022078936908407273,0.6191815722520173,0.02359933367566546,0.061011855516640894,4,software
C002821,0.23725781206864469,0.017752757625092756,0.026152718232408244,0.2779844695481931,0.028414869624634468,0.3219708357226183,0.03356508288795853,0.05690145429044993,3,software
C002822,0.6885883901189986,0.015819854515825803,0.026438573832433043,0.025300697481910748,0.02630175560922736,0.02610181798626716,0.025562087634043235,0.1658868228212938,3,cloud
C002826,0.013027065540786208,0.01309006021631361,0.012310821328451085,0.2922040814499662,0.0953322627570614,0.18680446040953672,0.30613795795212745,0.08109329034575732,2,streaming
C002829,0.06111302560229573,0.016203071363373393,0.015695241883942387,0.5156464811877424,0.015732154888865115,0.2872164454451397,0.015585229204155962,0.0728083504244855,0,mobile
C002834,0.015646543814708144,0.01780617739377896,0.016350151691570426,0.014724964883651426,0.3216086524544537,0.016524755505419743,0.509561249157302,0.08777750509911554,4,streaming
C002836,0.0218660415738738,0.02155685434261702,0.47484585935308177,0.024867629173310944,0.0879706505406351,0.025678555171705857,0.278118323132646,0.06509608671212955,4,insurance
C002838,0.008597104629308669,0.017470744355542484,0.016971660892337002,0.01642511713821558,0.04759622653897249,0.7643800892953412,0.029843515215651973,0.0987155419346306,2,software
C002839,0.03634589030986382,0.03587337918241912,0.35085106066034394,0.03490153252136295,0.023555538954795407,0.030936800362028803,0.27382174118407687,0.21371405682510908,4,insurance
C002840,0.031204984792407624,0.15741195421375737,0.029506855631580273,0.027993485424973652,0.036490373804167246,0.04162156401621005,0.034663170007630556,0.6411076121092733,2,none
C002842,0.06347499115243804,0.06022079164311681,0.06061570691351312,0.059703881360183966,0.06492577993577003,0.3308522428543236,0.06387146660951547,0.296335139531139,2,software
C002843,0.23287311850000975,0.09949994846222038,0.026192739632278625,0.03165625451474407,0.07218874777103271,0.32593722683452553,0.07256081242866336,0.13909115185652554,3,software
C002844,0.10771933673419001,0.02792961572358209,0.02698468030428346,0.026931191261455486,0.5438101366681678,0.03016458915396609,0.09432937464494205,0.1421310755094131,2,music
C002846,0.06257441560598193,0.06222547785925247,0.06496179150959677,0.06250070965407452,0.06538982480155509,0.06708404199415176,0.06494857893664008,0.5503151596387473,2,none
C002847,0.04354213364786517,0.04047248445191671,0.039630449630584624,0.03858858001610923,0.02314874475985565,0.14995006571052552,0.021996047615603496,0.6426714941675395,2,none
C002849,0.05368591464102519,0.053257542214828285,0.5191723121277947,0.05215366650717253,0.01804937788636377,0.1417613798486083,0.019812693492126974,0.14210711328208034,2,insurance
C002851,0.048057846807176105,0.04863263464247121,0.054264811259109216,0.048790836645988,0.14198445869796136,0.04862444482449485,0.07227181218655579,0.5373731549362435,4,none
C002852,0.01931625220672418,0.020419043104591895,0.1899221442910321,0.43311478786761526,0.021370569245716543,0.2218182751390541,0.02174974023804694,0.07228918790721903,0,mobile
C002853,0.025515249224331953,0.025393218598538637,0.20695414523975264,0.4694339079011705,0.010484709338568501,0.02388176821170355,0.017236508248975636,0.22110049323695866,4,mobile
C002855,0.0353457928047747,0.8129633514560468,0.012909581469159142,0.04828428550467154,0.011483316706301495,0.011592676122711624,0.011924284816587848,0.05549671111974688,0,gym
C002856,0.01895769969251223,0.01791705132898341,0.024796217028609326,0.017609926157481182,0.17458261949211124,0.21655946526189498,0.47544518841908834,0.054131832619319226,1,streaming
C002859,0.1925763757345869,0.44643650684987934,0.007704002023761344,0.007414145564868184,0.044543801254055125,0.054244483144340494,0.1980777991383096,0.04900288629019894,1,gym
C002861,0.013597336979171384,0.020736607314852936,0.0146496691196348,0.0273798709657151,0.013844759161267157,0.012792498353185373,0.014556040469387601,0.8824432176367856,3,none
C002862,0.02601675971047513,0.2719267386316706,0.05137050885487657,0.02426834130356445,0.36607697681583873,0.023265753276226764,0.14285441118695857,0.09422051022038921,4,music
C002863,0.03809713719624869,0.03955349096946119,0.04112717714490225,0.03865331721731817,0.04328812826064467,0.04023507269430837,0.03682638323643093,0.7222192932806857,3,none
C002866,0.023230334783287176,0.5648217540447429,0.055365078421319124,0.023128174126088273,0.1664368021271378,0.02226225817325423,0.0650193503456529,0.07973624797851764,3,gym
C002869,0.01065610933548119,0.04217291153424009,0.009427574334159134,0.11594932594482396,0.06113385158526528,0.041085713565018556,0.059455663204194785,0.660118850496817,2,none
C002870,0.6797958310623471,0.023773726069039054,0.02437174366599356,0.0239655814437569,0.024996767806733093,0.024038848138668335,0.1432611829001798,0.055796318913282086,1,cloud
C002871,0.007860093550236626,0.008159057774532234,0.7380893265495307,0.11392768256952879,0.008832722610040521,0.07992281119808561,0.009051090983719508,0.03415721476432605,1,insurance
C002876,0.02121853887610522,0.017581553372939082,0.45977742294392576,0.01609785895756267,0.018264312622067937,0.016479199961198333,0.01640893405817695,0.43417217920802403,2,insurance
C002877,0.011173366805243772,0.20141438483748142,0.011062022348841238,0.5658085564212976,0.13738064025886115,0.01039115620587508,0.02796980505917112,0.034800068063228634,0,mobile
C002879,0.1031045912174927,0.01221270589283074,0.09029568260752097,0.013233485957556582,0.09687759707417881,0.1908541542171341,0.45538561927558907,0.03803616375769704,0,streaming
C002880,0.10336317779666596,0.0418330726053691,0.04637696257510438,0.041631987482476734,0.04360780080042549,0.04341926284898791,0.043338689241214146,0.6364290466497563,2,none
C002883,0.01942322687528935,0.05215990682256016,0.2181373487690601,0.36926715407233945,0.1082739806253722,0.021478135187615155,0.1100170173887994,0.10124323025896416,2,mobile
C002884,0.0095829025103038,0.026061489303240305,0.0641970212029929,0.0105255399135499,0.2705820341303858,0.5238758020461038,0.0587369580416724,0.03643825285175108,4,software
C002885,0.041699604955610564,0.044802066502101195,0.576226144938305,0.04283063343082935,0.043743228573100146,0.04398976701453146,0.04488268607684259,0.16182586850867958,3,insurance
C002889,0.011706852241309657,0.012407965931689507,0.011653210657934877,0.06754418707152102,0.6147353698227453,0.12848207609873097,0.1147763743700103,0.03869396380605828,3,music
C002890,0.11358657055869804,0.010818384261773471,0.011083851905428025,0.1273203823518441,0.005305295994709087,0.631278534079318,0.009125147096183745,0.09148183375204558,0,software
C002891,0.19875250174898323,0.08727894831786481,0.5969225759211827,0.016710857798700997,0.016793557269659195,0.016920161535206667,0.01663608985962939,0.049985307548772964,0,insurance
C002892,0.010146986188085747,0.07908029651039547,0.014878175531690106,0.015724960030785214,0.015167519603280624,0.014542789411742611,0.01462886980043097,0.8358304029235893,3,none
C002894,0.06312141068655361,0.058457498472023174,0.06096256411323587,0.06183680522570599,0.06511365704768438,0.0638506857048436,0.05990574067499639,0.5667516380749569,0,none
C002895,0.8151586018041986,0.017462770382239978,0.01738519848332605,0.016693944194349913,0.017938894912628057,0.01741554876355652,0.019676669976773937,0.07826837148292691,4,cloud
C002896,0.030983893739892222,0.5107580454750524,0.030189650914732292,0.03135678673262114,0.13059253318623934,0.027485190707924382,0.0622724954453939,0.17636140379814436,4,gym
C002898,0.01607946532011232,0.44317799916033096,0.014535031240534242,0.20546547769458873,0.004998850959539596,0.09306645774363834,0.017613883517963738,0.2050628343632921,4,gym
C002899,0.030140106438698952,0.03104061421411191,0.04517883248659117,0.030945819693955066,0.03331573037707168,0.033173253921367205,0.1079180153522239,0.6882876275159799,3,none
C002900,0.014733358346077793,0.015498894801929487,0.02753907858868905,0.018130033622941757,0.2858931601353927,0.31195129518127174,0.27747065384408787,0.048783525479609714,2,software
C002902,0.020783838544010072,0.019712496888869682,0.6974635016431459,0.01899827575779526,0.13767120033001998,0.01909172972036625,0.019851483032005957,0.06642747408378702,0,insurance
C002903,0.12337331716908498,0.03564779741855785,0.29898655915218836,0.03329980576429038,0.034026727910586634,0.2847226206208207,0.03693154911613793,0.15301162284833308,4,insurance
C002907,0.02161590941361055,0.021332439236277437,0.019546251959971096,0.02338840940663263,0.08929296510248591,0.02871521351823894,0.03213830608379217,0.7639705052789914,2,none
C002908,0.009476643713233339,0.24732418742935597,0.11297422475459253,0.010479099768441144,0.3359795259513567,0.017204156995921652,0.23458900534984098,0.0319731560372577,0,music
C002909,0.053453544511639646,0.04896099451167414,0.05362360159440212,0.04777448794349032,0.05127453372172575,0.05065070380424795,0.06345553223868829,0.6308066016741317,4,none
C002910,0.014740583258604055,0.013763477366135575,0.01427119095828244,0.013325680874071467,0.13888621615832744,0.01491911704759034,0.5921160700440102,0.19797766429297836,0,streaming
C002912,0.013600542515849402,0.01580434057170896,0.693498205872678,0.012138249281751414,0.012480483377814915,0.18242537580101303,0.012104858892080784,0.05794794368710343,1,insurance
C002913,0.02867604397682692,0.25246554667376847,0.017658158451280843,0.1110135436200104,0.0185177255209112,0.012446849706293197,0.01901983528276595,0.540202296768143,3,none
C002916,0.040680725392136914,0.04083956502639531,0.2644411395610141,0.03943842760942859,0.055671620164350594,0.32844241203183056,0.16651162863848556,0.06397448157635834,2,software
C002918,0.025403146410143827,0.027442446606831965,0.026929252227595707,0.03808682160535181,0.17501584450683935,0.02669061157887801,0.5628000703303725,0.11763180673398696,2,streaming
C002919,0.012562642737566843,0.02879033388024703,0.0176168161488899,0.016680151021477487,0.015932578550248683,0.011051467978184727,0.028924802831587836,0.8684412068517975,0,none
C002920,0.021227785275990337,0.1920571967003892,0.01526451497451751,0.013240331104661773,0.5883035570576267,0.014124835038877882,0.10380726594576077,0.051974513902175765,1,music
C002924,0.014684870475170421,0.014767266383623665,0.5851982620145082,0.013551657923659553,0.014987344141400499,0.2780063980919129,0.016186625180415606,0.06261757578930918,4,insurance
C002926,0.012957758770889437,0.00959374118879998,0.01124822254772484,0.011380277865889554,0.01648008796071251,0.018743558272905893,0.01112282095841768,0.90847353243466,0,none
C002927,0.007030477919733456,0.5843313639610954,0.0067516817553749595,0.00680999093394982,0.2850972894889361,0.007188081087009618,0.07312965361946269,0.02966146123443793,0,gym
C002928,0.030743872506114774,0.031356983741894655,0.028158987746464928,0.02808553062089269,0.032099817246532956,0.4797825185345442,0.034204281444823924,0.3355680081587319,3,software
C002931,0.0653238666204958,0.14839093913832996,0.5285888013215178,0.013228605310143087,0.0767306065808046,0.011625020168338208,0.07607349434164663,0.08003866651872388,0,insurance
C002932,0.03081016665317155,0.031328466191211074,0.03129824511806623,0.6471426984118502,0.03048078494664079,0.02984083908427696,0.02978458953866623,0.169314210056117,0,mobile
C002934,0.02229430288055067,0.053406851842903814,0.027088533966982728,0.027459511457557387,0.007803766639456557,0.013996671188206746,0.010711786257284597,0.8372385757670575,4,none
C002935,0.0071206949871890374,0.007396702415881662,0.4831192038368488,0.006418080410422321,0.30721702612471236,0.13407328618905834,0.03502936611551207,0.019625639920375318,4,insurance
C002940,0.010653096837617709,0.010377540807975033,0.009998550802922277,0.482224470655887,0.3095048095851221,0.009503077042324552,0.11162914375013686,0.056109310518014446,0,mobile
C002941,0.018026980034518632,0.22595824628363853,0.017988646677449406,0.017099560528843087,0.016915789899489428,0.505213897154362,0.16268847439329573,0.036108405028403054,3,software
C002942,0.050182364834001646,0.009973328123917095,0.00983777880420972,0.2866072656128667,0.05726791737781103,0.16966126876773557,0.3751746056145874,0.041295470864870884,1,streaming
C002943,0.06572472459773328,0.07041871884334994,0.07375267081128047,0.07038563655923172,0.09243166653227752,0.07652638419839433,0.09600210887506841,0.45475808958266434,3,none
C002948,0.06947322849868728,0.02309537883923341,0.021196396640889556,0.3087164294589891,0.07245630085794917,0.021887789940280854,0.39453992098171287,0.08863455478225774,3,streaming
C002953,0.02097503250055329,0.6896338221458183,0.020429296111461763,0.028111048212758956,0.006007051544698166,0.02025221004079394,0.007949394055097255,0.2066421453888183,0,gym
C002955,0.06697823387330523,0.06902741578107127,0.07012215015939839,0.06985319952284615,0.10271355014980801,0.07458510662875427,0.10591357507756216,0.4408067688072545,2,none
C002957,0.01831829481503421,0.017247602118435228,0.20084107011788893,0.01671442743507321,0.046770591050492166,0.0194299972110597,0.6057510348721631,0.07492698237985355,1,streaming
C002958,0.22458842427306938,0.013209815229274944,0.01240775996881951,0.012226314104346596,0.015247723245734332,0.6537102420772996,0.015559373096947826,0.05305034800450794,2,software
C002964,0.02223712188203952,0.7352795587418945,0.025044134179476867,0.023907336957667693,0.023997234014616148,0.024148336863696024,0.025206734926549818,0.12017954243405922,4,gym
C002966,0.024084577148362037,0.025936218784371152,0.16565046093435648,0.02579932124716649,0.10223835719487796,0.19168536208843312,0.39452178650174635,0.07008391610068637,4,streaming
C002967,0.04679671314034749,0.015234552091012713,0.015085820453427292,0.014218336925732777,0.2816087911481697,0.014164776784950164,0.5739194551708062,0.03897155428555349,4,streaming
C002970,0.02207884211146683,0.021445809757085266,0.029099788982479217,0.6537429772217004,0.022872520308349492,0.02077197919698401,0.1691541096519607,0.060833972769974064,1,mobile
C002971,0.015341602456076363,0.015946000041558307,0.015460960479548577,0.05041862734022042,0.013268891939320453,0.07157730038272184,0.014815175345885634,0.8031714420146684,1,none
C002973,0.13276934604935575,0.3812527599654707,0.011809707601120751,0.06993906762182062,0.01010082587346402,0.010233147151386998,0.009657946032427965,0.3742371997049532,2,gym
C002975,0.00940855004863031,0.2476864499710358,0.00937724069790576,0.009860540406481004,0.038352915885447966,0.009105458093609034,0.6215700798131207,0.05463876508376938,0,streaming
C002977,0.02273345700488906,0.021182232410124017,0.020586524889379,0.042221839582925115,0.6555917031449372,0.11410904784740862,0.04422470045106731,0.07935049466926963,0,music
C002987,0.5562267068156502,0.015407176447915897,0.21156959571065082,0.13280555992478577,0.01373670739763142,0.014194399566180585,0.014824985651157141,0.04123486848602813,4,cloud
C002988,0.0505264011379377,0.04945102385982802,0.050862407817601485,0.05168266310371065,0.15366018579913104,0.18809092094708188,0.15439369123086066,0.30133270610384866,0,none
C002989,0.016534644218284315,0.03566332854262142,0.015840476611244585,0.12944226041917353,0.015965401238146222,0.015668490839744986,0.02223087862860001,0.748654519502185,2,none
C002990,0.0262045324947685,0.03275729910964303,0.02738859352753073,0.265471791890093,0.034171375166303725,0.01438325197510408,0.02712714135323841,0.5724960144833184,0,none
C002994,0.016339590572381407,0.019466219379753007,0.020327567352717676,0.022374614795890167,0.022257513861291836,0.7491492992570996,0.024576396952673975,0.12550879782819235,4,software
C002996,0.021880566851272983,0.022997389362625402,0.02468550966380575,0.022528738685244524,0.025593339385560836,0.026137083695274864,0.6509870415488451,0.20519033080737042,1,streaming
C002998,0.5273094369366517,0.03518326757111152,0.03414950144220963,0.03796877235667834,0.11394409861594158,0.034175942017034375,0.136204155414086,0.08106482564628692,4,cloud
C002999,0.06613644621767673,0.06406287891669618,0.06284715613435168,0.05973878696086664,0.06662150893259357,0.05863208554707276,0.032993137756779436,0.588967999533963,4,none
C003001,0.030996882842211165,0.12679462750316695,0.3108133416836899,0.3665069609754961,0.057393872712793295,0.027294520550752856,0.0206887264311124,0.059511067300777216,4,mobile
C003004,0.013929876458841717,0.015787554227036094,0.09738844013890315,0.017489953254697488,0.01452058097732264,0.013358855914532154,0.015139894932185016,0.8123848440964817,3,none
C003006,0.04666709641707313,0.060049819407235645,0.051205985049219,0.29058660195854447,0.05292186242764599,0.05276790540275943,0.056612513092584256,0.38918821624493793,3,none
C003007,0.02003667200649044,0.12600517926685342,0.0696412375910942,0.018945784510002943,0.018830921462054204,0.01829975543319719,0.018641570368827007,0.7095988793614806,4,none
C003008,0.2713485263982798,0.0174644563868798,0.017036419912002592,0.015164639826555665,0.550488665485558,0.01623130190421168,0.07208848116327783,0.04017750892323457,4,music
C003009,0.7278845984828841,0.02076007947485511,0.02069014474040379,0.012077409950489839,0.02120416389099726,0.019702130864418094,0.021359702292347713,0.15632177030360403,4,cloud
C003010,0.04220423335944809,0.04382259856977845,0.04590523791248036,0.043814448290810715,0.04964931319528551,0.04599708712739996,0.04180646845476123,0.6868006130900357,3,none
C003011,0.018340753790331878,0.01907212735806821,0.4521798367944503,0.05652858925054977,0.21958403552430858,0.019654094295523866,0.16779442909261158,0.04684613389415588,3,insurance
C003015,0.021917533380449168,0.023772079774897543,0.02172505092909055,0.021914284686088317,0.1380519446110402,0.02150224189959761,0.6471606491136903,0.10395621560514631,4,streaming
C003017,0.027770465016449777,0.0426885504487516,0.04499510389894448,0.2642178827919762,0.042905044481339256,0.04271538901138913,0.0413185346963098,0.4933890296548397,2,none
C003020,0.1382596658410577,0.020343398294898615,0.12307439735573605,0.34813085223003043,0.02074080753206867,0.2790035981250663,0.02252104041547202,0.04792624020567025,4,mobile
C003023,0.0684594303195053,0.01959813647469871,0.013132959391123744,0.5100475140786719,0.018637737701401147,0.018637084141693096,0.018183896188984458,0.3333032417039216,2,mobile
C003024,0.019276601521840103,0.0229166989974177,0.023295361484907153,0.2367952466651298,0.43659769955297,0.07702305070044317,0.10716176755621223,0.07693357352107981,4,music
C003025,0.01719951271408599,0.016517372063259157,0.6743238088848604,0.016296052460718545,0.019925931859808992,0.1767667648396922,0.020245514803489552,0.0587250423740852,1,insurance
C003026,0.020201564622310993,0.06466655386863847,0.526272212184778,0.03528290552494001,0.02309985719788569,0.2432699655247439,0.025701652676484207,0.06150528840021871,4,insurance
C003031,0.040377891979015534,0.017505577528478065,0.01735311158353717,0.018471663718733454,0.07083967428325945,0.017954331801604884,0.01851098480883634,0.7989867642965351,4,none
C003034,0.008015252771299148,0.014078347304315404,0.5854037550589316,0.013849200459662318,0.20621090478206855,0.011962357977415301,0.10848894416706559,0.05199123747924199,4,insurance
C003035,0.02440040188503926,0.025779879591887066,0.01724991441302212,0.024444921298710568,0.025020828310823473,0.7377494559129042,0.026096497435303935,0.11925810115230938,0,software
C003037,0.11652848163004807,0.013521576335170689,0.012802715828378063,0.44762372439451803,0.01179681527442657,0.3366610821586209,0.01218491451952948,0.04888068985930824,4,mobile
C003038,0.113888547613958,0.019618397227885075,0.00920629094513229,0.01847942317476522,0.1516430152677103,0.018077077931680095,0.07561813085047615,0.5934691169883929,2,none
C003041,0.015222659400185322,0.015239522810718414,0.02193586621893527,0.014103797144410448,0.02210752521287357,0.07052581635488732,0.013529227326169548,0.8273355855318201,0,none
C003044,0.011809498422795694,0.007012405959025848,0.009621048145541435,0.011263657734466807,0.015099644180090145,0.01815942575475619,0.017376062293798556,0.9096582575095254,2,none
C003046,0.05765940146047628,0.057317979841907216,0.06002760095577528,0.05744501427281716,0.05985977142060522,0.06120421458691987,0.05825972876277407,0.5882262886987248,2,none
C003049,0.03074236370235249,0.12260101524944983,0.032059030552822644,0.2095024451942335,0.1258530044140676,0.03231521110885546,0.34972386819047346,0.09720306158774494,2,streaming
C003051,0.01403133352233993,0.01264566641942727,0.012971018809639374,0.0820977929905415,0.5231008428075703,0.014015163575747683,0.11582561274070689,0.22531256913402695,0,music
C003054,0.07655138726853976,0.07498744623495088,0.07796798015261666,0.08050166283915014,0.08384625536606868,0.08259143099538095,0.0796152412578016,0.4439385958854913,0,none
C003058,0.012357311321952006,0.4351112158065438,0.012536508611764967,0.013476882821137535,0.08715465163122157,0.013450690465340165,0.37981271783175063,0.04610002151028922,2,gym
C003060,0.37782215413020315,0.11092238330012416,0.035397112355081556,0.05214889139241258,0.034198526408729016,0.23243463962610122,0.032863842515024354,0.12421245027232394,1,cloud
C003062,0.00867194650329627,0.008580509678219096,0.0033305075065232894,0.7280561975850341,0.02066084342763056,0.007655174468712958,0.18127527319738018,0.041769547633203535,4,mobile
C003065,0.010889473854937161,0.011498351634768209,0.010730752450557244,0.011368496024196068,0.7872736411912864,0.056736512713306965,0.06614276630134322,0.04536000582960477,3,music
C003066,0.02212805205548615,0.022931630455723176,0.021655908203777774,0.20146408317024922,0.37662006948035265,0.2226926654218655,0.03578013667276774,0.09672745453977782,4,music
C003067,0.018349361414188733,0.01703105318054937,0.017311247853467753,0.15715011807933887,0.01804311533118727,0.5571838037603863,0.026687003255736228,0.18824429712514557,1,software
C003071,0.13997394495657017,0.5586536490700209,0.015146052394953789,0.015361595814416103,0.1505240932622012,0.015483981803473403,0.062259824896267316,0.04259685780209707,3,gym
C003072,0.02343809989891145,0.009650778100829102,0.04819405181657613,0.008642426944389306,0.015407284413400783,0.008732744634574722,0.08249705826218107,0.8034375559291375,1,none
C003073,0.06891951454222338,0.06805622843312586,0.07215732210491095,0.0706313758519123,0.07695474771713463,0.07422453469726871,0.07280817940592786,0.4962480972474963,1,none
C003075,0.018544112839709085,0.01914868879984206,0.24276441585764696,0.018036406828184748,0.3205631659736702,0.2301692074145703,0.10884409726710984,0.041929905019266876,3,music
C003076,0.010161476291654278,0.0028606251524651034,0.010377731503268267,0.6643832409458563,0.14680105744672475,0.011304521886417484,0.08963268241478307,0.06447866435883066,2,mobile
C003079,0.015432495705204143,0.3825430773350268,0.32896296022000704,0.014537123017168748,0.01466194411900245,0.18066697756132086,0.014535070763090782,0.048660351279179184,3,gym
C003083,0.02959941368882838,0.034828441663361784,0.04320974337107722,0.16376535614495558,0.03708552868600235,0.4944037072336124,0.041642554274025925,0.15546525493813645,4,software
C003084,0.10095669976917535,0.020619855351940792,0.020104998369713453,0.1747282800113469,0.07317242710532834,0.39927611564709975,0.1265783127774351,0.08456331096796042,1,software
C003085,0.12178277444784541,0.017995986595175116,0.01807494129273325,0.26771830212971925,0.3947153632237591,0.010019568522923426,0.10595144901294937,0.06374161477489514,0,music
C003086,0.028425595606313796,0.029264829105213313,0.17772235898647717,0.027174972733964034,0.5445504748406207,0.0287288101199212,0.08030648433553055,0.08382647427195929,0,music
C003095,0.33354296141413475,0.042592538369111754,0.04119419788900973,0.040048227492923597,0.041096832963060846,0.04121796998180659,0.020470548820481736,0.4398367230694711,4,none
C003096,0.009040602653564189,0.008938231314161889,0.00846484124119474,0.2502194889836428,0.03088674970739708,0.009026359182459653,0.6471418241985449,0.03628190271903473,3,streaming
C003098,0.04359124177387111,0.04252554499562744,0.046518394060661654,0.04414273081034058,0.049634252710072754,0.04842570715897246,0.0465766391718587,0.6785854893185952,1,none
C003099,0.04910144210038865,0.049823741337928884,0.05157533112840289,0.10920138973051013,0.15624223572106755,0.23731888649366467,0.05657099781583286,0.2901659756722044,1,none
C003100,0.011711398086871485,0.02431101565140434,0.04647276765778112,0.022387812246213907,0.05401890351836337,0.02735472050557742,0.05344856067153983,0.7602948216622485,3,none
C003106,0.014191291429189536,0.15608504686272973,0.6758542724139108,0.013404349615809736,0.013569728679212412,0.013344876190063661,0.035949085929431475,0.07760134887965266,0,insurance
C003108,0.011853294937467167,0.24805564794650106,0.011001843727128438,0.12604293256750582,0.3522475922728229,0.17461302875106355,0.03421111512948945,0.0419745446680217,2,music
C003110,0.04598484918227554,0.04544694396090296,0.32951030285807137,0.04677233531113681,0.050489227147692904,0.048761485264481985,0.049248235073855014,0.38378662120158347,1,none
C003112,0.031983323752697135,0.7098338360132461,0.027438352986566904,0.026880642553582898,0.05973395856851178,0.05679938183432477,0.029797977424795858,0.05753252686627435,0,gym
C003113,0.01962639391961391,0.010521094407018873,0.010466445125226917,0.012171489255782268,0.011413593360157676,0.015228008841968831,0.014041748225582686,0.9065312268646488,2,none
C003114,0.026925447384326815,0.05626362587026769,0.027956946196855816,0.02863601821482831,0.02772607906971934,0.023673751232614056,0.026454405632734813,0.7823637263986531,0,none
C003116,0.01934997792710331,0.019724406741861017,0.020480848370639564,0.022653537876876944,0.07827768576266715,0.018848757891993452,0.06928513349028488,0.7513796519385736,1,none
C003118,0.017729174781445107,0.017834261611739906,0.017620572757243456,0.016770914607723918,0.01748024192356489,0.8322350127961624,0.017355610243031457,0.0629742112790889,0,software
C003119,0.04359267386385718,0.040892858513789584,0.04020332381523538,0.03850819300264308,0.04132402150271799,0.5982783607464869,0.04108500303034275,0.1561155655249272,1,software
C003122,0.01737237089469956,0.020254391725338664,0.02137204323582715,0.7930922462296262,0.018722746180447076,0.019088041771626933,0.019334861222707896,0.09076329873972658,4,mobile
C003124,0.01770699999650181,0.0201844012586666,0.01792808973543915,0.08990341093928444,0.018247019727638997,0.07644822256234211,0.018069835004668546,0.7415120207754584,3,none
C003126,0.02177277189582499,0.024888215088449045,0.022470735007659205,0.7598814417152522,0.02311086331485178,0.022302168437863687,0.022365710133245273,0.10320809440685386,1,mobile
C003127,0.04041296309978133,0.04090926962553397,0.041607113381469545,0.4557137748334274,0.04552764051046765,0.07634730450440148,0.04510346132764763,0.25437847271727093,1,mobile
C003129,0.01838379048159684,0.020195059152433033,0.5277510883106415,0.01771607266657098,0.25797011608955944,0.01816511034377896,0.019956766465035657,0.11986199649038348,3,insurance
C003132,0.022946378845930804,0.021479443051185158,0.021803381721799735,0.02089194935709831,0.04057850610365584,0.024514530713866407,0.6321084462654629,0.21567736394100087,1,streaming
C003138,0.31471717078690126,0.0168142256758018,0.015312738474215095,0.016338685754261006,0.016837627402272497,0.5344063863546901,0.017005818381822406,0.0685673471700359,3,software
C003139,0.011807525738529672,0.13192827157734233,0.010461612143705059,0.009519716059968764,0.10015616268542699,0.11793301539781956,0.5801050385024925,0.03808865789471517,4,streaming
C003140,0.6778428986375595,0.012865934521015133,0.008120207056233281,0.008005310276015781,0.10074448684719245,0.11184590961723792,0.022965517811416373,0.05760973523332942,3,cloud
C003143,0.032326759974852126,0.029028873400647356,0.028914105712337934,0.713202420674697,0.03218634425102306,0.029503603633229243,0.03180116908017777,0.10303672327303554,2,mobile
C003144,0.022837886534758142,0.16525917237702797,0.1845120749972699,0.007715301537879208,0.019847957733764323,0.03182636880701441,0.01907203117123651,0.5489292068410495,2,none
C003145,0.047291703924585614,0.021725995721173716,0.021459170970016372,0.0652486561835814,0.012128538194129233,0.019305591610907877,0.01810567419604304,0.7947346691995627,2,none
C003146,0.044422438163546185,0.04392373484745959,0.042158713279447896,0.02199668533028117,0.20636597652775943,0.04333598984460686,0.20024439218475693,0.3975520698221419,2,none
C003147,0.05004735262371843,0.05010406621384805,0.42760011088528466,0.10095086877720451,0.05045693158617655,0.05084782648489927,0.05079452827642086,0.2191983151524477,2,insurance
C003148,0.009092208386773298,0.012590696092576216,0.012410296293412268,0.03662633469049183,0.011270924197546835,0.018153560002211147,0.011467140856671007,0.8883888394803174,1,none
C003149,0.46657510010466263,0.017062539182477354,0.01727163261222429,0.016267885013582215,0.01691072437415792,0.39222250125667807,0.016987985697478614,0.05670163175873898,2,cloud
C003150,0.5374809591392115,0.05888212187211986,0.02413174071229292,0.02303584847423746,0.023918516064878034,0.023182659397860347,0.24844903480569064,0.06091911953370933,3,cloud
C003152,0.011914755293270986,0.08404954910174628,0.010889395669138092,0.010859272977509918,0.015385142628991749,0.010696888824076795,0.14261158400649032,0.7135934114987759,3,none
C003153,0.024319075255683546,0.08920921559028686,0.41821949721655316,0.02362470476158912,0.1973305076855345,0.023742941923954465,0.16298775874696542,0.060566298819432866,1,insurance
C003154,0.040757005824971666,0.3151997467691113,0.03993949214556122,0.03897854764606196,0.14759799467428794,0.04561597635258689,0.22454349467914722,0.14736774190827187,0,gym
C003155,0.03453436191110688,0.03419294029253781,0.036913860985460296,0.03387507411805135,0.03610886556721547,0.03731150028170577,0.03378370288691645,0.753279693957006,2,none
C003157,0.014519395277027688,0.06254022049178305,0.014853836333848638,0.015740157094396925,0.009266276808587366,0.007086576304500609,0.008371676961191715,0.867621860728664,0,none
C003160,0.014171370619175394,0.5897477192095738,0.005586087523530134,0.012459073286058766,0.06768530299395223,0.014862906770848153,0.24532640238006143,0.05016113721680011,2,gym
C003162,0.017861495507990863,0.0169460655396548,0.821221788698666,0.03863866836103129,0.017092520566650227,0.016824839042212415,0.01611322413774394,0.05530139814605029,2,insurance
C003163,0.4975181776212214,0.019824960594602467,0.14945169194693608,0.03054535087540985,0.04744203454580813,0.018324591216066787,0.01950087817055732,0.21739231502939793,4,cloud
C003164,0.03739859016485368,0.02862476994191821,0.028672256352953895,0.027702500541949202,0.26714376448945176,0.027640420585304786,0.49349109661337826,0.0893266013101902,0,streaming
C003167,0.018215410780551645,0.016565608306835386,0.015778827483389164,0.7526186394967801,0.017348328523927786,0.01570317034015287,0.10451962907360456,0.059250385994758466,4,mobile
C003176,0.017022426852643942,0.01812966882291337,0.017353650157291005,0.8215719998429358,0.02065004135239611,0.018793848354179167,0.029205784636335635,0.057272579981304965,3,mobile
C003178,0.008942893400534065,0.008176179641737797,0.08414495849916981,0.009675202537082418,0.6583376145633838,0.07952661967477125,0.11777811535621474,0.03341841632710619,2,music
C003180,0.053112093470115,0.013675368266662978,0.8132576289708975,0.01282560148622398,0.012696366058166717,0.013202849979307195,0.013791462883977501,0.06743862888464919,4,insurance
C003184,0.49547250194444675,0.01552717449577765,0.014770559531970217,0.006458215423769736,0.11045143682738637,0.015221524446398313,0.2548288810998943,0.0872697062303567,4,cloud
C003185,0.09855470360652786,0.01938575914493996,0.016789409225778255,0.01733770993870404,0.018286352797763517,0.016655216390928013,0.12934968105016237,0.6836411678451959,1,none
C003186,0.030669827319509315,0.027688059334465564,0.030124536012410583,0.029930837801412973,0.03304333096244907,0.03176700023240139,0.03006015507992582,0.7867162532574253,0,none
C003188,0.01894099200111686,0.01881634984828183,0.01840300982663643,0.018167287930284555,0.7066638838978185,0.07454089877558996,0.04827637686402145,0.09619120085625041,1,music
C003189,0.014672145992883943,0.01871530814774972,0.01901660351199817,0.018626003673130248,0.5562292660995067,0.01901162165771595,0.1735706415827944,0.18015840933422095,2,music
C003191,0.01291811755365135,0.33931454417352264,0.013298414932279245,0.011992553413359551,0.0204321093850413,0.012022023406088354,0.5499027539174377,0.04011948321861995,3,streaming
C003194,0.028504964948845822,0.7358845709407822,0.036786605622892696,0.023846214759242836,0.020004321393718237,0.02387812181337363,0.019097391180851242,0.11199780934029335,2,gym
C003196,0.08763183445572607,0.11033413393326354,0.010370867019545465,0.006639269999396645,0.021540372810124567,0.011607668205373522,0.6574892330067099,0.09438662056986027,4,streaming
C003197,0.018728665787231653,0.017452958547102458,0.2726203277042525,0.015885266309300927,0.00978478634757388,0.01622743783942963,0.5932983941805228,0.056002163284586286,1,streaming
C003198,0.013848316929301028,0.028429223535453733,0.543965670001901,0.3069522577853401,0.025645294023549654,0.011874650731657669,0.027352077200015958,0.04193250979278083,4,insurance
C003201,0.042647606515581825,0.03978975532938475,0.042190791809800066,0.04274813245558547,0.04568550661971828,0.04441487386895063,0.041814917975218385,0.7007084154257606,0,none
C003202,0.028889862974320814,0.028030782967430258,0.027729505396275462,0.026861741583345616,0.6583787508302683,0.027167149666955756,0.025320252241514643,0.17762195433988903,2,music
C003203,0.014811786774847981,0.014109579705100767,0.013492291756654985,0.013463316429919478,0.8441388036686512,0.014661641848466933,0.0228398639317374,0.06248271588462133,4,music
C003205,0.01892910922717119,0.476658584960114,0.30864628494166835,0.02008179211908711,0.055980756394604064,0.020457380333120022,0.022996954811213274,0.07624913721302204,4,gym
C003206,0.4823731706141055,0.02632712456534088,0.025582580595603387,0.024889013503728533,0.17912971602659766,0.09422796614486684,0.026202378732923748,0.14126804981683347,1,cloud
C003210,0.012168668571985695,0.5085303502272982,0.2361640094838326,0.011347675003103594,0.062014401158869525,0.011846627551655784,0.11477256730485888,0.043155700698395694,0,gym
C003211,0.03212745980388612,0.03516496588993554,0.03410884637351806,0.0433237553158587,0.5654881660676605,0.03377168376493058,0.06658677162110857,0.18942835116310183,3,music
C003214,0.02143894893540666,0.3251967812928772,0.020706665398260188,0.01984202142836445,0.38387526584298254,0.11044525947319601,0.038348268779671346,0.08014678884924155,2,music
C003216,0.01222607585668509,0.4304975765444893,0.011061631140803885,0.01085619668063083,0.008396617823056177,0.009818222323123847,0.4818914594191796,0.03525222021203144,1,streaming
C003217,0.5042861097773551,0.30113268116770414,0.021320061468064255,0.020720431770275792,0.02184403193871763,0.021860850144136922,0.02458117793955099,0.08425465579419512,4,cloud
C003218,0.014278472361281037,0.014245671597639757,0.7710461694616053,0.013572604176419962,0.08271814542969817,0.013606624870719439,0.013960057369472836,0.07657225473316355,0,insurance
C003220,0.013688560046171172,0.015686341086137645,0.015966475702522232,0.0646704973300774,0.008690732845395926,0.09145279119399184,0.01307922914231013,0.7767653726533936,4,none
C003223,0.04346223441725908,0.03219950140504654,0.034043464799017736,0.032142823960029626,0.233741613969948,0.03674400735216389,0.2260453967014806,0.3616209573950545,1,none
C003228,0.017762535198445947,0.3337218938226786,0.5080523870719591,0.01660760276309758,0.01699670608163676,0.01708501102577072,0.017218681094245406,0.0725551829421659,2,insurance
C003229,0.0228950706717692,0.023454441305498813,0.024397700035718763,0.023329088701820683,0.23678107872348358,0.026258966754873603,0.25053235348795155,0.3923513003188838,2,none
C003231,0.013143929294552489,0.1356990426559615,0.069382518168284,0.14803267828343247,0.01894919919192632,0.007912411491300883,0.020040442582261918,0.5868397783322804,0,none
C003232,0.2595496152316972,0.021336717565808173,0.560941111916914,0.019657521110472514,0.02047580317715149,0.020354367261511564,0.022034270810703128,0.07565059292574203,4,insurance
C003233,0.023755222020286633,0.02389917137607046,0.4623039724203878,0.022971377580856774,0.13676076948187607,0.05461350540395975,0.13954288234524492,0.1361530993713177,0,insurance
C003234,0.02075961203715749,0.021178433803871473,0.02126855487420461,0.013066744204734509,0.6291736644690471,0.020657298697920524,0.1332106739718713,0.14068501794119304,1,music
C003238,0.019655385357135638,0.016311485342341777,0.05361323712069048,0.5104258358919325,0.08536240838570015,0.09122290459985276,0.14172790723931566,0.0816808360630309,3,mobile
C003240,0.026310525498541085,0.028493086464781336,0.026011756969578664,0.02764062315424725,0.5424735797711342,0.026202152193304025,0.13586995595345194,0.18699831999496153,3,music
C003242,0.02340484528353308,0.006944393012660369,0.019543237785674815,0.06318667923359636,0.04511841570548829,0.01928205329339564,0.04025585813186778,0.7822645175537837,0,none
C003243,0.04050865638973408,0.2321932855930478,0.041242837747443445,0.2946573598651118,0.04175599692872778,0.1853038636057934,0.04346870791991354,0.1208692919502281,1,mobile
C003244,0.017559442589679283,0.016347783079073842,0.03430776749700821,0.01649863586963609,0.7192087483923976,0.020145518335774847,0.10763284337626322,0.06829926086016691,2,music
C003246,0.029279349347911196,0.029857390823155885,0.028918004405733805,0.030096702080557265,0.02335863096426579,0.6848605947671066,0.0240347839368471,0.14959454367442232,3,software
C003247,0.044921530279017116,0.04495849019506956,0.1560353258365062,0.042999263975600846,0.045038655202984224,0.044372228348538864,0.08063878059433463,0.5410357255679485,1,none
C003248,0.021745017123035358,0.013068955532513492,0.251941918325362,0.019822917633256706,0.02126100717233046,0.523908748756494,0.02440926789953609,0.12384216755747192,4,software
C003249,0.6820291809750432,0.013456537536081925,0.012926446161550852,0.011657018345459106,0.0396490601543996,0.012000358210052225,0.1749764084842763,0.05330499013313697,0,cloud
C003250,0.018534421184196993,0.018126816019237574,0.2009477897447182,0.12709820278739953,0.07185243698541664,0.01835988740786247,0.46478160246574546,0.0802988434054232,1,streaming
C003252,0.25586691585127763,0.02887164156286158,0.5153069205625345,0.027632653804334217,0.02793593322587583,0.027571637438329827,0.02881589807812141,0.08799839947666499,0,insurance
C003254,0.027473271846541147,0.025137422196117126,0.02478173349172443,0.7414172532874632,0.02453543030694673,0.02521703617590734,0.027279015826803227,0.10415883686849672,4,mobile
C003256,0.032007822009041856,0.21653804163914908,0.103246879220427,0.01590593152603708,0.5355742093718165,0.015780340922096372,0.023190479195238888,0.057756296116193234,0,music
C003257,0.03124911431627664,0.015652178641910312,0.03241439080230666,0.0280404867763218,0.03113931008880635,0.02985022360453673,0.031445111426519776,0.8002091843433217,4,none
C003259,0.030265528583884677,0.0344720889364531,0.03548083753845532,0.04266641238090485,0.11160301159521197,0.12261963563866382,0.4804068859841111,0.14248559934231528,4,streaming
C003260,0.0491813054628676,0.05010060724387776,0.055076103334347745,0.058372709949607554,0.05382229365367954,0.05515561448319198,0.0685761201692287,0.6097152457031991,2,none
C003261,0.08619782460410376,0.014551846012525488,0.030971935339352653,0.05024300138477399,0.01469616029935361,0.015987412093774616,0.018320009591666214,0.7690318106744496,2,none
C003266,0.06279986499347648,0.010198972426282532,0.15656183375536575,0.00961204256750912,0.04361660468151814,0.009484465962917675,0.6679880820454369,0.039738133567493394,0,streaming
C003268,0.022405416782289994,0.027707628465175757,0.018663104821742563,0.024119493603225337,0.02991911077456726,0.1899362825151679,0.04043792220273116,0.6468110408351,4,none
C003270,0.033134347341656024,0.03278445185621218,0.03486328869709999,0.23047370730538566,0.03515174073555237,0.22564109265840637,0.03435825656210236,0.37359311484358504,0,none
C003278,0.015468158951850651,0.0877591100829362,0.007436241050104292,0.016381193250225294,0.01596739948611337,0.015848923160651163,0.015798165629914936,0.8253408083882041,3,none
C003280,0.053554386056362646,0.05321296443779358,0.05592252983114519,0.0532922974698284,0.05572114129099238,0.0570326185819274,0.05333270440249446,0.617931357929456,2,none
C003281,0.017823184808176875,0.053883067936911916,0.020388138728082428,0.01920240456042768,0.041900194570921465,0.1616529355405363,0.04004425288705046,0.6451058209678928,1,none
C003282,0.022938033780214168,0.022000131788388503,0.022496048853168808,0.027812717294113602,0.02396186026297673,0.042430427432072496,0.02319317616633418,0.8151676044227315,2,none
C003283,0.021457069045025305,0.5817877345633663,0.021548423948263944,0.023368269426184966,0.15005631940571415,0.03142038313262957,0.06531619835586183,0.10504560212295394,2,gym
C003285,0.06720956962220745,0.3487738496272042,0.02376724925442771,0.02314333250596423,0.0940776812850739,0.2600128045611646,0.08885369081451615,0.0941618223294417,3,gym
C003290,0.01639512565033925,0.09615283035619207,0.006699349876006422,0.016237925162523478,0.02202473472758759,0.006761277338896525,0.015313273861798996,0.8204154830266558,1,none
C003294,0.007195134170887518,0.0068441133804580286,0.006193764181563791,0.15853289254840214,0.6461658329978952,0.005823719081265064,0.14047773995913748,0.028766803680390855,3,music
C003295,0.3172772028240841,0.015529162018031006,0.5411987240123295,0.014668861082802385,0.015492763650725,0.015112804308341343,0.015902222316061927,0.06481825978762473,1,insurance
C003299,0.014359559090017524,0.014244826314144492,0.032692059239281854,0.012168980263953516,0.2216999102975255,0.18824157190665528,0.0492639770976572,0.46732911579076464,4,none
C003301,0.021708776322506555,0.024948234759028777,0.024200460717664428,0.08283595191786189,0.025418049415774427,0.7097027896517396,0.02754823989111297,0.08363749732431133,4,software
C003302,0.009262945342689703,0.05139618216220674,0.7271717348014162,0.00885624457786347,0.03901871407443449,0.00799795122753156,0.11652074054378672,0.039775487270071054,4,insurance
C003303,0.03915883511314777,0.03708695440164823,0.05914876833999114,0.03713302848369915,0.04059929427181533,0.03869503479794709,0.04407829738661537,0.704099787205136,4,none
C003305,0.013038147471751855,0.014314810058473031,0.006712294939242546,0.15585386721877703,0.025465457534856593,0.012390111790787545,0.006431697482970183,0.7657936135031411,3,none
C003306,0.025874451155400484,0.10370190428104367,0.0512037765072382,0.04059125679085375,0.044359778248928186,0.524780267671755,0.044649581502181124,0.16483898384259957,3,software
C003308,0.04062477542664203,0.0442321934513595,0.11962864865672594,0.040174134250859424,0.033206704591261585,0.04083137672923492,0.5745420183803582,0.10676014851355843,4,streaming
C003310,0.048941496165377796,0.01418845387518664,0.013233103539097197,0.0128960955937684,0.10763909960286258,0.026371215113530834,0.03055831549793272,0.7461722206122439,1,none
C003311,0.02831735322941133,0.02641298782854904,0.02639645403986047,0.024099433072451562,0.7309554450621346,0.024317740145016562,0.02542531850731799,0.11407526811525845,4,music
C003312,0.035102252357609595,0.03395588358124042,0.012083760222781513,0.03472127353668256,0.29325791141206625,0.06015442375736926,0.27434752375762095,0.2563769713746294,4,music
C003313,0.035803583282857425,0.03907549035680223,0.04328972596519449,0.037903199921367293,0.04345459859539596,0.04091362276723065,0.04291240231232192,0.7166473767988302,1,none
C003315,0.0471803846481961,0.26060938321249344,0.051693250989025386,0.051219432938343606,0.05310649663922923,0.06499021808948886,0.05434007650734338,0.41686075697588,3,none
C003319,0.3148505629998699,0.1668232195584663,0.008876709202815965,0.008650336592302717,0.03670865674601923,0.010444617261200257,0.41749673220153066,0.036149165437794964,4,streaming
C003322,0.7386304277094113,0.01673609429590901,0.016336344688177965,0.015998462692818575,0.01692175153638071,0.016182152424057836,0.05482937679763871,0.12436538985560582,0,cloud
C003325,0.03333214117931576,0.0342428343236635,0.03281623510296637,0.06724385728226963,0.03835642447594449,0.03268874301455447,0.057285237501972536,0.7040345271193131,3,none
C003326,0.052208284447225924,0.14167414821269061,0.05080479352677267,0.05834742176399357,0.14264611305881317,0.055396330335764646,0.20864272442167708,0.29028018423306234,3,none
C003327,0.23185606476258688,0.015752903533830603,0.014975409239508216,0.627333412745934,0.016454945652680415,0.0350687909142714,0.016147638829310494,0.04241083432187797,4,mobile
C003330,0.1724765912589933,0.0545253794860465,0.3027557158871055,0.05326477731237689,0.054980465665782866,0.05346874897466623,0.05407458075593206,0.25445374065909676,0,insurance
C003332,0.008803847478333371,0.009319502804335534,0.00856026261075057,0.7648304799618044,0.10003646209281947,0.007865215273428027,0.046788772983041294,0.053795456795487216,4,mobile
C003333,0.00957331482902003,0.3364856368947019,0.009242674386129619,0.008069673867429607,0.03195248730167967,0.009149075916568182,0.5578299990742277,0.03769713773024338,1,streaming
C003334,0.00570804475879783,0.030448711903158964,0.016991907900586148,0.3614078911886587,0.04116941013403774,0.026608096208195778,0.2417341088203464,0.27593182908621855,3,mobile
C003338,0.02803159556717485,0.028082910541404337,0.08292165014730618,0.0301820798152774,0.2827389976157257,0.027756677487632463,0.2200231950887476,0.30026289373673143,1,none
C003339,0.16663321795779268,0.48360463273537013,0.07775975320185255,0.023081933033438147,0.023323974611940697,0.13148878871388903,0.024200827956736802,0.06990687178897997,3,gym
C003340,0.023988451161113932,0.011526005937977882,0.010232181684071721,0.010925047861327117,0.4495332289970789,0.01123560502736403,0.08745339179534878,0.39510608753571774,3,music
C003342,0.017094043816077667,0.5474467218689285,0.014021271431196736,0.2778270653134831,0.013575016624161981,0.013883763090792912,0.014973438593160337,0.10117867926219871,4,gym
C003343,0.3638811413005902,0.03774676703745338,0.06812471012063147,0.06606124835018043,0.06718915995392805,0.06822349406742192,0.06753023358421216,0.2612432455855825,2,cloud
C003345,0.024926575089455134,0.04893656581767247,0.02099595457996642,0.023128016945774658,0.02298580454880869,0.0033265833831399587,0.022118544749739465,0.8335819548854432,4,none
C003346,0.021029278316993145,0.7580873543720911,0.023315488414524237,0.0207661948798563,0.021355094552345414,0.021552837786655964,0.02410572562756267,0.10978802604997122,1,gym
C003347,0.01641241622470526,0.0162815881632341,0.015657965170643946,0.010787974980836628,0.01834982341614552,0.029109292751988987,0.017259133580874712,0.8761418057115709,0,none
C003348,0.1369747645391097,0.00986275925741771,0.007428732300128019,0.006981261552693616,0.05912615449310003,0.15184160564102708,0.5990722305622537,0.028712491654270107,1,streaming
C003349,0.021719559323760986,0.7666916930336845,0.02393814887529131,0.022405520427019796,0.02860559442168057,0.022910961776668667,0.03327996814315606,0.08044855399873821,2,gym
C003352,0.03232539740646524,0.024644838348935282,0.025686747283400087,0.08419149625052487,0.02810753118049367,0.02743287095317629,0.028812582470267835,0.7487985361067366,4,none
C003354,0.22733587208784073,0.048881702128767995,0.06587805044639755,0.049002192342593856,0.04956222341305544,0.049227456752622634,0.04831913867774,0.4617933641509818,2,none
C003355,0.05810790272195729,0.4987997158050087,0.025379114196174626,0.024959752050721144,0.21151307637140884,0.025041699482966424,0.0254218119361942,0.13077692743556874,0,gym
C003356,0.01887723275800763,0.01905866303712927,0.018133507652808675,0.28763916698798025,0.01788519785316967,0.5584363919104685,0.017316923269519113,0.06265291653091677,0,software
C003357,0.012398866574333589,0.014914486544157961,0.0346684699108604,0.015975095619444928,0.015512116970816548,0.019107975876542768,0.014495964618590495,0.8729270238852533,1,none
C003359,0.014187200595455503,0.010182333697583942,0.011640288071132219,0.010459956606018284,0.05092321414881806,0.03427213486271549,0.060415346923352146,0.8079195250949243,2,none
C003361,0.036191385306641774,0.6333144508278985,0.032781527907341436,0.07951442366573407,0.035428028520908796,0.03306514435875909,0.0402407042114859,0.10946433520123043,4,gym
C003362,0.00873275912926517,0.11317251990538146,0.015128655200623141,0.08049053242086521,0.032871330252672984,0.05643410299007788,0.011148180889884757,0.6820219192112295,0,none
C003364,0.02210897189432936,0.4138171860290265,0.02183252571612443,0.08228716843289396,0.17416004066801652,0.02264241485308424,0.1930661388831793,0.0700855535233457,4,gym
C003365,0.2504153333368141,0.3601562033712726,0.014065308785116939,0.013508165134926007,0.1224237830121166,0.11691934258524746,0.05970582449400857,0.06280603928049781,0,gym
C003371,0.028754471230782487,0.09432985534462032,0.02904630647004337,0.46095809477160343,0.029969162079068294,0.1224348457024852,0.14323492333987678,0.09127234106152,0,mobile
C003372,0.024632623982304216,0.02374139275749103,0.12317544967484685,0.024733607339929613,0.005159806226172695,0.010609114672572547,0.006132174520589798,0.7818158308260934,0,none
C003373,0.06164627428069368,0.03955923436111183,0.3629376922092252,0.039050341952205796,0.03990447127436963,0.21017806013982854,0.04139732080344588,0.2053266049791193,3,insurance
C003374,0.04241837372386219,0.043858115028724026,0.04431841546440844,0.30474645327710126,0.04620763975206958,0.04561951589528557,0.04980924833511869,0.4230222385234301,1,none
C003375,0.013297593907432648,0.1267549546295533,0.12279564749646886,0.03192615251033721,0.012546942441589607,0.6577452239078836,0.011937591141202904,0.02299589396553182,3,software
C003376,0.13587677009350496,0.08883661123099701,0.02601337877287266,0.1225559814712064,0.12455268400503608,0.08782546190287782,0.3205129026406424,0.09382620988286271,2,streaming
C003378,0.1203986669763866,0.14766094978454952,0.6487589332455244,0.011363131006092672,0.011475945167739686,0.013659235788999531,0.011030928440853618,0.035652209589854066,0,insurance
C003381,0.01903478528643291,0.019675075850920876,0.13105686193480598,0.6305489682318433,0.025435976817426816,0.017559624382777122,0.01964423960152116,0.1370444678942718,3,mobile
C003382,0.03658021480715744,0.020313497332906598,0.04193359009200453,0.03625937827678481,0.04012486305497366,0.03743732684969456,0.03606513256200001,0.7512859970244784,3,none
C003383,0.014242176379273686,0.014061463851570328,0.011742436367052906,0.011737085315977122,0.8482989700023065,0.011411524798326533,0.02463641999847333,0.06386992328701957,0,music
C003385,0.012962184145229863,0.838292734271701,0.01191194863284465,0.012393201775386482,0.013009291394327029,0.012989070463547078,0.012984720079869993,0.08545684923709382,3,gym
C003386,0.03203396050297866,0.03316728387697453,0.03503157260468711,0.597639883392435,0.03352503886277824,0.03280760229502341,0.03410809909229553,0.20168655937282753,1,mobile
C003387,0.043263464823110505,0.04397940436347043,0.04421118434460048,0.0437376603768908,0.018348890101613658,0.03145386616307401,0.03231868928130033,0.7426868405459398,2,none
C003388,0.20522640900443823,0.11089576099130746,0.0199537758649005,0.02067906243514136,0.5028004028178759,0.019351311544797023,0.07467348920455612,0.04641978813698346,1,music
C003392,0.016872254307760556,0.01878726700269422,0.01968358223410682,0.019596485733108106,0.5113026962493723,0.11196951326168304,0.21509836741029806,0.08668983380097693,4,music
C003393,0.023967815024121212,0.022934704342594824,0.022732062426316826,0.022781364743050928,0.04051469227380918,0.7646289946124525,0.023957379539883028,0.07848298703777137,0,software
C003396,0.04757167540159612,0.048473653082523056,0.05050798043145081,0.05218216562842416,0.052544770288222735,0.30005417455166067,0.24900906709790982,0.1996565135182126,0,software
C003398,0.020084721898912607,0.07350009521086195,0.01930806136168161,0.01875939103129082,0.019115824803271,0.7602378480680843,0.017923642579329553,0.07107041504656815,2,software
C003399,0.060980698031997696,0.007741330010962136,0.025653756993890497,0.006745056002567412,0.35239113645822306,0.4971455603976622,0.022350591489541067,0.026991870615155844,0,software
C003400,0.3108954706397316,0.02903841817635011,0.02787836504138225,0.028134082913631606,0.3151490212148677,0.028158002879112545,0.1513256842999686,0.10942095483495562,2,music
C003401,0.046586041024835476,0.37796318159572884,0.04612161708917013,0.04531510019593782,0.04564814744305527,0.04494141270521881,0.04432720902866409,0.3490972909173896,0,gym
C003403,0.017600454409766975,0.019193209086684763,0.017960710691855,0.7535498167327241,0.018031199491321988,0.017115778967565318,0.018808154639120694,0.13774067598096104,4,mobile
C003404,0.027454966095093687,0.026743634264998636,0.49532852663228316,0.02349871540399357,0.10512635116929203,0.02619348290412192,0.18201464016941338,0.11363968336080366,4,insurance
C003405,0.02812932094760759,0.028320311105608516,0.12166070722149516,0.027503781224944783,0.4945487316183942,0.02849779805119787,0.14224458089262765,0.12909476893812438,1,music
C003406,0.25785786426508667,0.018667748471227923,0.01821405813242679,0.26482940086864476,0.11590028603995209,0.01753798327523101,0.22618138301910787,0.08081127592832289,0,mobile
C003408,0.02606146879577219,0.026602329458909883,0.4705174160151865,0.24329499782337627,0.027711628888821588,0.02682577187308353,0.02839023235612819,0.1505961547887219,0,insurance
C003409,0.028901513414906474,0.009813334165204185,0.009485041255610803,0.09473838935045836,0.11279287907533739,0.008609997018050892,0.7056457077235025,0.030013137996929277,1,streaming
C003412,0.017638383597191838,0.020080516652994047,0.3842121793683473,0.01807509247369043,0.06695957652958334,0.018815124507576882,0.30889127182385134,0.16532785504676478,3,insurance
C003414,0.014102991673106333,0.21848240655140677,0.013948694835159647,0.011572498449260244,0.012431509987377937,0.22429689263099223,0.4704073635056321,0.03475764236706468,1,streaming
C003419,0.014997768053881321,0.6626760497133426,0.01423542676395468,0.01669266929657325,0.03485356967445346,0.014282007980396364,0.12347436153118166,0.11878814698621665,3,gym
C003420,0.011703487249066908,0.21662104795251694,0.5360957511390951,0.01098502982392167,0.09781143667333965,0.010496415189320065,0.07046741142220013,0.045819420550539565,0,insurance
C003421,0.04017381390707585,0.04162605461330935,0.041691503985461675,0.040873943959046886,0.0452120250823367,0.042214805739237415,0.0399193607502137,0.7082884919633183,3,none
C003422,0.01063182099353427,0.005846249914803926,0.005071957871424183,0.0077073054905849436,0.1623602929919276,0.006326114162621083,0.16025990340310672,0.6417963551719972,0,none
C003423,0.028765373681017937,0.03249965376818888,0.035590796020909025,0.031724963206451906,0.018631876805050396,0.029886722637442104,0.03200858069592165,0.7908920331850182,1,none
C003428,0.015449158315710775,0.024405457565432217,0.02457672724690721,0.02285787665431372,0.024030880664788448,0.7593248330899717,0.02429378929544356,0.10506127716743231,1,software
C003430,0.008863777266751863,0.3174170381499518,0.055685849986876174,0.007362916311532737,0.07266083100245554,0.5023519243096041,0.007482682732604267,0.028174980240223527,0,software
C003431,0.031889699631012694,0.33916429274160403,0.027011538545374587,0.3353705770570258,0.04318099556473228,0.011255461110769763,0.17440993780793365,0.03771749754154718,2,gym
C003435,0.5050609666681661,0.027474983801691253,0.22340431748913606,0.11024709572321612,0.02563446038197706,0.025889300178712056,0.02589216163517359,0.056396714121927725,2,cloud
C003437,0.02022199577284932,0.019744278998555756,0.018774231249174243,0.49753355290131684,0.3300981665511963,0.019033552747623656,0.02712597939311265,0.06746824238617116,2,mobile
C003446,0.03357320572506143,0.6274829287667469,0.046146563256230476,0.044300865236590097,0.03780615799726095,0.0445056320717754,0.027653126189881777,0.138531520756453,0,gym
C003447,0.010507598208262504,0.011741915926979351,0.012233205301739733,0.0111356826388961,0.7153657445996595,0.01494147822148183,0.13524267248077518,0.0888317026222058,1,music
C003448,0.011986923452657913,0.017666329167172593,0.09681679993084531,0.12892156906453364,0.008720172573571616,0.01382272309124552,0.008947565805031898,0.7131179169149415,0,none
C003449,0.03470076465296941,0.5088939360998374,0.18411181930940868,0.03848740685046885,0.03656379343572827,0.037956876198461775,0.03868984617957076,0.12059555727355506,4,gym
C003453,0.027699710515933,0.029714526864505306,0.03117205228030835,0.2743942346859102,0.03211252099501906,0.14996750132478376,0.03332799524345631,0.42161145809008393,1,none
C003455,0.02350933946931577,0.02308916188957691,0.023021968750060587,0.7169882015767053,0.029294661970928823,0.02382292271548462,0.029079024278413364,0.1311947193495147,2,mobile
C003456,0.01777707382708314,0.3157362389895737,0.018944635845858128,0.017670211853000457,0.10543716315046532,0.017195405999199234,0.45567283792641006,0.05156643240840996,0,streaming
C003457,0.022228742907889367,0.16487210002292432,0.05594532255703544,0.012791228808197259,0.021560103977177208,0.0206078168790451,0.020904461179776665,0.6810902236679546,0,none
C003460,0.012466191107941407,0.013726747593483333,0.014242775204601855,0.013190795872093902,0.6644469487981723,0.016831879347987595,0.15406704460456974,0.11102761747114986,1,music
C003462,0.018386377701728768,0.012389943979364038,0.04460863756630087,0.058628728561158173,0.020351512861359992,0.015456454927801953,0.01774414030443533,0.8124342040978509,2,none
C003466,0.02348212016348411,0.011028498444701003,0.010316975816272929,0.21520543494560607,0.010103633750167476,0.00897675613583363,0.010030930689327297,0.7108556500546075,1,none
C003468,0.24325623959204556,0.21195704061710502,0.01038777819483446,0.009466241338661434,0.0741954729276306,0.010665310163766305,0.3707844967439048,0.06928742042205181,4,streaming
C003469,0.020823969925857964,0.020611218467752164,0.019059723340979554,0.04901878366054829,0.05808583048070283,0.010877678406697601,0.01940246063434402,0.8021203350831176,4,none
C003470,0.5163306279022449,0.0973828476591825,0.039988733161005284,0.04042676086059251,0.04153357675658355,0.04178316581546521,0.0417521807342425,0.18080210711068345,2,cloud
C003472,0.018085555152277468,0.13516782126388155,0.01795972499700883,0.01841393408550696,0.5139432834826728,0.018628054215261362,0.2406206440183697,0.03718098278502135,3,music
C003473,0.011992591615729815,0.01347936404610051,0.16353138846399312,0.013201760041818032,0.1889694693885893,0.015462358848495547,0.5382096423507771,0.05515342524449663,4,streaming
C003474,0.06315203487359085,0.015576708565384468,0.024638938921904094,0.023837512330367697,0.092189083295286,0.02610462534689685,0.6294061873582398,0.12509490930833025,4,streaming
C003475,0.02275226670277973,0.01221958791534577,0.019476957655182578,0.7361287370785254,0.02130196816201051,0.019150624965703265,0.02276107278401132,0.1462087847364414,4,mobile
C003478,0.10406741338694118,0.021413794604040724,0.11728370567826953,0.021218005843038665,0.3600493033744198,0.021132931058721053,0.2668398679234398,0.08799497813112928,4,music
C003479,0.010475699951968925,0.13792376311885524,0.7101831343895024,0.00958729238255791,0.009337482921224109,0.07715012181003222,0.01054552657817135,0.03479697884768786,4,insurance
C003481,0.3914814921842209,0.0127814312689682,0.3655500164015752,0.01206374731491595,0.01287190368046651,0.1322509949038021,0.013499140365339841,0.05950127388071141,1,cloud
C003482,0.04056661664155966,0.014860677234664913,0.014849634949977585,0.013118737169013862,0.2704018765641999,0.5440579455456419,0.03134083940144636,0.07080367249349578,3,software
C003484,0.36674707165900455,0.011975255773389891,0.28714080790635604,0.010547664643699661,0.013302184700391663,0.23058160944277345,0.013272684281251787,0.066432721593133,1,cloud
C003487,0.01662647411084118,0.17286414277418516,0.01599418183735214,0.21091270394529493,0.4147082421113905,0.018039615076964815,0.11003461731231283,0.04082002283165843,3,music
C003488,0.02340079497619073,0.02572604755124216,0.1816943721753156,0.019730950854162564,0.026234317490640386,0.01428758353570503,0.026561430904612545,0.682364502512131,3,none
C003489,0.01777610644104821,0.01999610360510915,0.017779244395825632,0.02213885629008929,0.6178373058232898,0.03679321306182115,0.0918174621814005,0.17586170820141633,3,music
C003490,0.03570209170505792,0.034988699333434126,0.6494343914481617,0.03503252694431735,0.014038533547901041,0.03289230567240636,0.04668468882667573,0.15122676252204578,4,insurance
C003491,0.015530726215357511,0.015823399119122818,0.14202603390603313,0.13960255775718872,0.014946591398036072,0.049829274963934744,0.01526311208117898,0.606978304559148,4,none
C003492,0.03187838801648205,0.03378787189974459,0.03423439437126121,0.03131358810057823,0.012292086903274177,0.3705214774030948,0.013678965393014312,0.4722932279125506,0,none
C003493,0.042017868699268934,0.1927484457715628,0.04386022007365683,0.04270820556393447,0.04437970302261241,0.04670300725154561,0.05274360042862811,0.5348389491887908,4,none
C003494,0.014091893847417766,0.013646504383358987,0.6420238678354184,0.01335468582674076,0.03370378644134363,0.014207218110685454,0.2222704238788526,0.046701619676182464,2,insurance
C003496,0.022209879026865897,0.034598829030795655,0.031825992604596114,0.029970470460575924,0.04840965333950473,0.030696186630314887,0.5560796568013404,0.24620933210600632,4,streaming
C003497,0.04133468976544146,0.04242533737479762,0.04314083611685053,0.04167863712241444,0.16208306268658323,0.18383721403229608,0.16655054470875563,0.318949678192861,2,none
C003498,0.03110574806810084,0.032169770146010045,0.03095440643850734,0.03190768687632199,0.17342078553258894,0.1573041612309546,0.25225550570664224,0.29088193600087403,3,none
C003504,0.040305354001369524,0.14626368729715414,0.03937462106654209,0.03996980077720781,0.04144644383294341,0.041208101798279766,0.0419579314119034,0.6094740598146,2,none
C003506,0.03683756654234189,0.035605976847267094,0.035442870370204195,0.29687823291536075,0.13526896460517007,0.18885657127190758,0.1048436683876493,0.16626614906009915,2,mobile
C003507,0.021412919977879356,0.021708696001912893,0.020002483933129506,0.06461614008793806,0.01583416697916914,0.7430932235286158,0.016297663374949235,0.097034706116406,4,software
C003508,0.017621563834429678,0.01813389556185996,0.017831193929838313,0.01651095664728912,0.03978621390158838,0.7595832837608072,0.039468055813602326,0.09106483655058496,1,software
C003510,0.5053697531502594,0.02611099549859342,0.025087183356819382,0.022522096147617528,0.04065936018284268,0.025245990104094528,0.2066328915385367,0.14837173002123633,4,cloud
C003514,0.007275367191028535,0.0075897547061619195,0.27342577493254006,0.0067330974956232754,0.15050855708609104,0.006619518398671627,0.24730292918768582,0.3005450010021977,2,none
C003515,0.33017485142563563,0.03419706231689411,0.019118344274491224,0.01860024848770435,0.20371942649180924,0.019346766711777284,0.31816903607564695,0.056674264216041104,2,cloud
C003516,0.14628100454492132,0.01748878745488442,0.01732513504997973,0.13536759054298866,0.05732410077317942,0.016857031124418106,0.5380126850613425,0.07134366544828577,0,streaming
C003517,0.007913993602853683,0.008281703495360143,0.008344981756630147,0.24261941494414055,0.49439152929682945,0.12411349082249973,0.06770418140846411,0.04663070467322225,0,music
C003518,0.015991343304709398,0.27689302161662016,0.01640978442318792,0.4983972622572336,0.08455974397478848,0.014909374922627464,0.022217341954342943,0.07062212754649015,0,mobile
C003520,0.02428951449540608,0.02565879617735109,0.055621991798727136,0.022564383639718497,0.04582737342765006,0.023623616423541296,0.010424552289034458,0.7919897717485713,3,none
C003521,0.040052382521159835,0.03016225799096934,0.029422795743195777,0.08011120003691674,0.09039098487186137,0.5604620110335525,0.08180756439763114,0.08759080340471334,0,software
C003522,0.3888282785097987,0.04453971061072409,0.15129815069809774,0.04306923463097012,0.04393723309538214,0.0440822793071564,0.04433795633826766,0.23990715680960317,2,cloud
C003526,0.038397254037085604,0.030471746932601906,0.02910050621356136,0.025072694632472303,0.6002790134563146,0.031017170014359496,0.0957632450700143,0.1498983696435905,2,music
C003528,0.01945520398325698,0.7555600851838786,0.018521421849802825,0.01762134901343182,0.06631673694901734,0.01798467757305942,0.017535999811951957,0.08700452563560108,1,gym
C003529,0.012353624452463182,0.022895409798306548,0.010738678203131909,0.13325713004989775,0.01103219222825768,0.011128069961883272,0.010527959893498813,0.7880669354125609,3,none
C003531,0.6499779517409022,0.029270222760459652,0.027718231457604006,0.09064619736558381,0.028934078365974267,0.028346834930088938,0.02736871158295128,0.11773777179643585,2,cloud
C003532,0.24788995759420315,0.552439861352305,0.012184603996087425,0.021429043069603262,0.022114249451881052,0.022420144898467675,0.024163665024168515,0.09735847461328384,4,gym
C003534,0.3250878808100899,0.011899340651466476,0.11727227578212546,0.43742165146324696,0.02646135455946524,0.011993119172270559,0.011841523097971447,0.05802285446336401,3,mobile
C003537,0.018645151527807175,0.8147904217674791,0.016492067290390013,0.016859592017157882,0.018209876567167847,0.017301207166357482,0.017317924657705763,0.08038375900593484,2,gym
C003540,0.110352909614263,0.024806058062200424,0.024713650681134874,0.025716762861005375,0.02247174371793617,0.36517400549141815,0.021175861206899793,0.4055890083651421,2,none
C003542,0.01730784098765585,0.017751417161831748,0.017444598721875995,0.39885065441022644,0.20240818995772483,0.22332716663931956,0.06742275473724954,0.05548737738411593,2,mobile
C003543,0.030931706672681525,0.029782923715785767,0.028394944217298906,0.4149011881395605,0.0321232831063478,0.28290353303338533,0.038776323244291255,0.14218609787064887,4,mobile
C003544,0.3153849360544084,0.013461785976633691,0.010940809132010874,0.5707525211662594,0.01089613542555069,0.0104300300307602,0.010430158178960312,0.057703624035416345,1,mobile
C003546,0.4536968882058229,0.01687868915545407,0.24025455512900085,0.014465791519236007,0.017526953906566785,0.014636136304021215,0.20325347453821135,0.039287511241686744,3,cloud
C003549,0.05451509546465789,0.055500092752912844,0.05680323917032014,0.05496762646762385,0.062308549833720764,0.059775465975724015,0.06851090035373684,0.5876190299813036,4,none
C003550,0.067077280624175,0.06792673124973475,0.06598836509755132,0.044616252964088624,0.10449602956656331,0.22506618584731344,0.12554002994555466,0.2992891247050189,3,none
C003553,0.0349007457639127,0.035467460660574955,0.19370687505950002,0.03769213601090231,0.36695635083120426,0.17564839838142574,0.08453553527803867,0.07109249801444123,3,music
C003558,0.01661608273272855,0.8385593518955341,0.014582959209100722,0.014701596687916652,0.01604283362791015,0.015169255769381211,0.01482733823961448,0.06950058183781418,2,gym
C003559,0.029826229774769987,0.02980486284751363,0.7476832733280361,0.02958305494902326,0.029980311931779736,0.029868343893521505,0.029790964266151028,0.07346295900920481,0,insurance
C003562,0.03476161058718779,0.6225391157900811,0.03330477327474932,0.032873179317286116,0.034558806881599465,0.010341713781517905,0.035333155732995176,0.19628764463458315,3,gym
C003563,0.014094735751865227,0.46323611822778654,0.013416873388045581,0.1461428886037055,0.055105036595248735,0.21962548432085727,0.055177411022374896,0.033201452090116254,0,gym
C003567,0.019813761676945423,0.5865921163056655,0.021374031135746645,0.22124542800435748,0.02107517094014963,0.021405668431088473,0.023865140991923734,0.084628682514123,4,gym
C003569,0.01085471572587152,0.028688727439275495,0.02711772647632445,0.02721617692420454,0.23954137263467468,0.02915391303705689,0.4796504742657251,0.1577768934968673,3,streaming
C003570,0.016378924279792997,0.01671955153373247,0.015929598802324092,0.015142317036863808,0.14766513773622886,0.01842783967398852,0.6831644931012824,0.08657213783578692,3,streaming
C003573,0.01610962479356574,0.017363858677032,0.22023090874125378,0.01587033172497359,0.01602446053608987,0.6305701673793102,0.01869937219757712,0.06513127595019781,4,software
C003576,0.007522095090281794,0.007837642851277547,0.9196316729111588,0.008289545572235081,0.00746851918637703,0.007189325924873032,0.0071973868298743065,0.034863811633922534,3,insurance
C003577,0.01604178874986831,0.018419876548617126,0.019090960553001184,0.02043310533307774,0.17693083278835192,0.01912602375913719,0.663263376056181,0.06669403621176556,4,streaming
C003579,0.6081124048623325,0.036334809398961825,0.03739590146284849,0.023910891918562025,0.024109773506853498,0.16326039920795635,0.027634713955507997,0.07924110568697722,3,cloud
C003580,0.010842464893000801,0.013172653967557249,0.041343033580976254,0.010536441325494982,0.01151461490936773,0.01806481294538887,0.013054735295083218,0.8814712430831309,0,none
C003585,0.014139358303217815,0.013999756843820155,0.03441519310920238,0.012479312328101365,0.019621542813425326,0.023993336050047765,0.01823939166660516,0.86311210888558,3,none
C003586,0.017092672746929955,0.01680758114272203,0.03880541466265398,0.01729065764925118,0.08759964468197343,0.009292566704444219,0.06882451477266743,0.7442869476393577,4,none
C003590,0.04773912839102987,0.028908352673419617,0.027149626624762377,0.5021174532242477,0.02856693916084105,0.028161580331795392,0.1951863267627206,0.14217059283118327,3,mobile
C003591,0.01841865645900482,0.03397326606857603,0.016605532130957182,0.033750803815887034,0.03361969306937289,0.03152231709975766,0.017144561869139423,0.814965169487305,1,none
C003593,0.055416545963646424,0.05403003371176482,0.055562216807317835,0.05824304809962864,0.06109482090963303,0.059461883112856995,0.057735657032647006,0.5984557943625053,0,none
C003594,0.0163804913143678,0.015255491545564218,0.015140364866072453,0.015825710939297206,0.035187138089646436,0.015397042730451466,0.6698863419655103,0.21692741854909015,0,streaming
C003595,0.030545847675203356,0.03277693816692906,0.03382121471040529,0.08346674913738197,0.034630964956638206,0.03593149751719792,0.035477923536715895,0.7133488642995283,1,none
C003596,0.015471968361438004,0.27687243448698845,0.016849882993503592,0.015578873138707707,0.01671169221676185,0.5765536372554221,0.016976523005156806,0.06498498854202148,0,software
C003597,0.01911859743416993,0.019348230594935956,0.018507745623587424,0.6566795353717595,0.16013765979423594,0.01863684363405841,0.026263121649859257,0.08130826589739353,3,mobile
C003598,0.04257068430684214,0.04055677214282829,0.041588172943689154,0.04108380116308364,0.5185169127667365,0.04131940378810944,0.14089808998088543,0.1334661629078254,1,music
C003599,0.029005125072807975,0.5876193255751505,0.029452614693011584,0.028628488680370934,0.028952707911532337,0.024454168664052013,0.029666831494075716,0.242220737908999,3,gym
C003600,0.015499434156866694,0.016175674779892662,0.01635079111998422,0.8176699273733556,0.016517755254771047,0.02953438582621154,0.016200683049998187,0.07205134843892003,0,mobile
C003607,0.05884912461512173,0.059034351293102486,0.05867716970697605,0.056674980515021144,0.11629680081791569,0.4176020731736385,0.029097167727840344,0.2037683321503841,0,software
C003609,0.03405090886383945,0.019843268898154326,0.03716757445578952,0.03249750952983728,0.07595626255015062,0.03593080936737317,0.08074338497397156,0.683810281360884,4,none
C003612,0.012026081321397538,0.01251678590837419,0.011877634930428869,0.26517997993716713,0.031836993391690056,0.011719534226369257,0.6048192427792818,0.05002374750529107,1,streaming
C003613,0.03447160756174615,0.033463860046156445,0.03726161220374546,0.052938270678636136,0.03642175553167705,0.03381080704259451,0.03336930001258352,0.7382627869228607,0,none
C003614,0.03791784066631739,0.039947013352700206,0.09278918211984957,0.04985474938186586,0.08573991497608699,0.0417503389238049,0.08367553650239914,0.568325424076976,3,none
C003617,0.25347573262778056,0.022326210096584795,0.03557738881294391,0.03434732440804627,0.38600213862736205,0.03362984336013217,0.07530131003649537,0.15934005203065482,4,music
C003619,0.01272728058869908,0.012568542026304422,0.01137464195482526,0.7636852747367024,0.10287839345968502,0.013012644892218874,0.03421447107048608,0.04953875127107883,3,mobile
C003621,0.02811429754967172,0.026989896280824967,0.025953973814964164,0.6815786933063283,0.027266704667626016,0.025473272680704505,0.026418349242492672,0.15820481245738768,2,mobile
C003623,0.01981982929516639,0.020213443979871966,0.01362126559661565,0.019083647464318503,0.019459368663630024,0.06778421696872103,0.09319920347737409,0.7468190245543023,0,none
C003624,0.04017936984808206,0.044431348902567586,0.04065658235146133,0.03822260779443862,0.01901457037655014,0.08860959539401891,0.021539369915234082,0.7073465554176473,3,none
C003626,0.00984509232441071,0.010098948647658111,0.41727331912007026,0.06163309893088198,0.010471856488397713,0.41574413681025946,0.011025918621377716,0.063907629056944,1,insurance
C003629,0.03903518435171992,0.03623770008186485,0.013150222985442439,0.08534905738243023,0.03586515467154763,0.03712884331324131,0.04243374594424475,0.7108000912695088,4,none
C003631,0.022878656086300384,0.4625014309802207,0.02218948416728067,0.1264577088698457,0.08587959925640525,0.022684593583291647,0.16416452494879794,0.09324400210785762,4,gym
C003634,0.00744781497528653,0.008077477010360682,0.06018329699628362,0.23843967595234022,0.007717432093674514,0.63317542141844,0.009008283206051756,0.0359505983475627,0,software
C003635,0.060900318793637734,0.18647310003539064,0.03400778315600679,0.01601785915821096,0.01385931878993255,0.013713245630378429,0.013833290466992967,0.6611950839694499,1,none
C003636,0.01879164880624231,0.0265732236775233,0.025372659222093846,0.12795857908598068,0.02257725592900649,0.03425572932245976,0.02331270364230884,0.7211582003143847,4,none
C003638,0.4771831248585373,0.01308974904465772,0.01265939534645293,0.012019826625229626,0.013188108529186915,0.40744657911564763,0.01302718506990223,0.05138603141038564,1,cloud
C003639,0.04758948150997811,0.017896936042723192,0.009282499525427318,0.04486781115583902,0.02927780073609078,0.014842963490266505,0.030790535010769657,0.8054519725289053,1,none
C003640,0.014141700606056365,0.23102405538892679,0.01379507030730726,0.013130533835214226,0.29294651683990525,0.21438641495114283,0.19041428265974403,0.030161425411703156,0,music
C003642,0.02866953412316875,0.028760290062660655,0.03078924562888727,0.027394253519666123,0.03244074468019568,0.03000800285936512,0.03233434084543108,0.7896035882806254,4,none
C003647,0.009962826159735963,0.06677489972693812,0.20177798255191146,0.007219374140274433,0.010576744404467354,0.018547805238463354,0.009571100758601972,0.6755692670196074,0,none
C003648,0.1817926259423924,0.015539919922130092,0.014012754142846397,0.015287707595820384,0.2289002442589509,0.013926803092182562,0.4613695466624843,0.06917039838319299,3,streaming
C003649,0.01897091003240711,0.019275040301238562,0.04238987234479273,0.018690419394770202,0.7865260077135967,0.01942176874438515,0.027645293813058046,0.06708068765575159,2,music
C003652,0.014690859734058561,0.015487067030666539,0.01678533739545336,0.014963735798713164,0.017231626058643274,0.7885332514219277,0.01722892923347606,0.1150791933270614,1,software
C003653,0.036360299062927724,0.14243046590168712,0.04119022717063629,0.37798785317716466,0.038928536364714564,0.040321205246669004,0.039890248773729736,0.2828911643024709,2,mobile
C003654,0.02433164741563988,0.025604917764363744,0.3858149233980959,0.21474596636742815,0.03792529022582281,0.18731462975380805,0.01949391614575741,0.1047687089290839,3,insurance
C003658,0.011766345936384873,0.022012554239550657,0.02297151339207214,0.015950853226634393,0.008269084426032355,0.010305699521227894,0.008185498282237837,0.9005384509758598,1,none
C003659,0.07066731433957156,0.010884164228920776,0.49160459510978793,0.010312148229471253,0.029808909548314694,0.325779401214992,0.02890075521172994,0.03204271211721189,2,insurance
C003660,0.07703205468112281,0.018402601792413202,0.018628720132809657,0.716519357136993,0.034771566664009664,0.018352655475730537,0.05720787377682129,0.059085170340099746,0,mobile
C003661,0.009507267335825154,0.009978511905819916,0.009326965589455768,0.10615455718936068,0.04607950335424814,0.009097572076291686,0.7712365880201841,0.03861903452881466,3,streaming
C003662,0.28690458300271143,0.01602198124116177,0.015453532956867955,0.0330676456704184,0.0151649720888781,0.015266319062868145,0.014611728224763318,0.6035092377523309,2,none
C003663,0.06276289830017061,0.18836534255275655,0.02495081357397653,0.02243460153267752,0.2939807760157962,0.025848548265134857,0.30031261533625797,0.08134440442322975,1,streaming
C003664,0.01555596036131739,0.014449341623502972,0.013371475653898082,0.012206763062325965,0.4424843097592902,0.42184415359592686,0.03664506417762155,0.04344293176611693,4,music
C003666,0.08060170836936617,0.4503999824161942,0.009812085875474419,0.009865404593732417,0.010713274479123451,0.010257165882374616,0.372594117420584,0.055756260963150686,3,gym
C003667,0.1788460766571642,0.510953229007065,0.01971954293488699,0.020052516381156793,0.021357000366239318,0.02044508628016946,0.020434000552283997,0.20819254782103425,2,gym
C003669,0.46576330940058763,0.01804169550894006,0.01687895002956572,0.01660941183703969,0.06542245811811818,0.2540069606010368,0.10614750987912158,0.0571297046255904,3,cloud
C003672,0.035931237438997454,0.03408048389877662,0.05824076845638105,0.03512864675082062,0.0926402986339385,0.03551272685480821,0.08776103212793122,0.6207048058383462,0,none
C003676,0.014279755598831712,0.023551433405901014,0.022490745674152348,0.4838055189000478,0.10775030697830751,0.019563224312516125,0.018620095704709856,0.3099389194255336,4,mobile
C003677,0.010504264365622396,0.09885305512388894,0.042976981767778574,0.1808450306032262,0.05174749097511182,0.008845043458757593,0.5621102859905027,0.04411784771511179,4,streaming
C003684,0.01876196850530342,0.01899382883670342,0.2814406457889449,0.06091486757748668,0.04071273916275252,0.019319916220099986,0.4959207231050076,0.06393531080370136,2,streaming
C003687,0.0233042618183694,0.022465850147415495,0.022558303326467015,0.3579103188440329,0.033176087773121046,0.31461207552879544,0.03218478351366086,0.1937883190481378,0,mobile
C003689,0.016674360685373646,0.01697876356290921,0.015159057370395962,0.017530491440704787,0.08354120346072075,0.018828142806512634,0.02211058700546493,0.8091773936679181,4,none
C003690,0.011920266248349734,0.3862650513885115,0.00941460337241963,0.009238114052658378,0.07651671448835602,0.11382730081791506,0.346906098517745,0.04591185111404461,4,gym
C003693,0.013124922640665676,0.012175470903973374,0.012528269277616418,0.014619447969120411,0.058970022461476305,0.007141245242799767,0.026330464901229905,0.8551101566031181,1,none
C003696,0.01785934388462483,0.5285084928580615,0.020941065123958245,0.29279210606641926,0.020049252620514338,0.019261444806885027,0.020979522054568447,0.0796087725849684,4,gym
C003697,0.03740628792380493,0.03645155873226231,0.034917882629047006,0.04138461208073203,0.16496598851424504,0.039100776277287454,0.4768946366561006,0.16887825718652066,3,streaming
C003698,0.021874472306106545,0.023313176272384644,0.021160515094770675,0.02162073881983169,0.06781342930596239,0.42686779842083045,0.36000031272807154,0.057349557052041984,3,software
C003699,0.16924832463231543,0.13621715053922595,0.6074738944540633,0.01085364618015087,0.01135201109988419,0.010730499656798675,0.01088654411360336,0.043237929323958285,0,insurance
C003700,0.013132009731184746,0.009893297294152465,0.00910137056640791,0.00955093261753726,0.011398304929850745,0.8991630396631323,0.011927557858177387,0.035833487339557185,4,software
C003708,0.020739332345986766,0.025410938741874813,0.07195029628303663,0.032455795364302355,0.026668294527165088,0.03623144191789802,0.0270957933677662,0.7594481074519701,0,none
C003710,0.27741790889794316,0.03006327592484026,0.03250859239665509,0.020041070587623746,0.033003401852980584,0.03084516550471885,0.030099676208431,0.5460209086268073,0,none
C003715,0.10758915584816689,0.007768442121246966,0.7570778629879342,0.013003869711440465,0.013608963436657611,0.01371560339136324,0.013396289839274038,0.07383981266391645,2,insurance
C003716,0.024097989166322716,0.02666034059539014,0.034956409867569344,0.030493937914192276,0.011939917337107774,0.01937897075842024,0.13023204535913946,0.722240389001858,4,none
C003717,0.11220382729597932,0.020230141398137665,0.13477695993212202,0.3899635563439548,0.010040509549385155,0.018276619349594417,0.13855064453096574,0.17595774159986083,1,mobile
C003718,0.01604028966878607,0.016106318282609503,0.01679468575653054,0.016535646051443142,0.7176215043212286,0.018532263147633666,0.11354981953395729,0.08481947323781117,0,music
C003719,0.4289739292204862,0.016469347257033626,0.296679997473369,0.015535565650489306,0.00859613204424252,0.01537523837260164,0.008169766503768536,0.21020002347800915,0,cloud
C003722,0.05173643845938436,0.054278539374969556,0.05906082546017377,0.05125194896750965,0.012824036100571484,0.017962902945934202,0.014851720684476023,0.738033588006981,2,none
C003723,0.444816500099943,0.03235615287825397,0.03248912502294103,0.03065798513333677,0.02684421780565013,0.17560156433637908,0.03246944525887386,0.2247650094646222,0,cloud
C003727,0.11272481705990062,0.013818330692546755,0.033471747470450404,0.35111798538007655,0.013148280089353294,0.3674873993881592,0.013249343626534113,0.09498209629297912,1,software
C003728,0.1614225170455449,0.025667569425375028,0.02389409021791862,0.023677660062126772,0.4387014018524521,0.13890507209228892,0.1138082806450167,0.07392340865927699,3,music
C003733,0.020437393013587355,0.019281592386527494,0.012405122690422172,0.015619330175348714,0.08027425256089264,0.01592022643295278,0.0718575863043344,0.7642044964359345,4,none
C003734,0.33660092090546134,0.014862671933864691,0.13200692113033072,0.015564462984339077,0.32427106645488335,0.018381559612445884,0.1155028612841495,0.042809535694525475,2,cloud
C003736,0.3266777464841337,0.014998966782003784,0.014455981206714628,0.5062458104813357,0.06123939429229174,0.0149076800900367,0.01483909212866912,0.046635328534814564,2,mobile
C003738,0.019226899803320506,0.020483695517586595,0.019114609550601007,0.18817202089681917,0.18805070722689027,0.019217047007796216,0.4279758560182863,0.11775916397869993,2,streaming
C003739,0.04651271302454591,0.01787278929220392,0.04613016818752533,0.015180009299022246,0.015545279901559596,0.2163267921459004,0.015664045785438934,0.6267682023638037,3,none
C003740,0.7421434519307444,0.015624760811784391,0.013573139527330354,0.01456326333395283,0.019442014722525356,0.012895451565416102,0.08635648580423684,0.0954014323040098,3,cloud
C003741,0.014493153634456553,0.016929957254751903,0.4508209733911473,0.019231727732969023,0.01888713088339985,0.05614592953292165,0.018830917725480317,0.40466020984487344,0,insurance
C003743,0.013379501103905022,0.6950440484750473,0.012459070649897394,0.19255483497963768,0.01289592508554109,0.012706401541459283,0.013955485727207378,0.047004732437304915,4,gym
C003745,0.02293333944001259,0.033006844595835194,0.017721617396986723,0.028496020545356177,0.01765014014448862,0.01945163895354736,0.01705304331629968,0.8436873556074737,0,none
C003746,0.027318981861643388,0.017667409532370188,0.39316944553672883,0.01699367539754862,0.06592515231782331,0.056746182522806984,0.3750595190499987,0.04711963378107989,0,insurance
C003748,0.021611795945010056,0.01861944714539966,0.4645815167354058,0.35489492061527883,0.01905080749296984,0.01804739606068555,0.05686704734852483,0.0463270686567254,4,insurance
C003750,0.016108641891757515,0.02037711134688877,0.021863986652363783,0.1733370387483074,0.021715190083037187,0.016197434651341724,0.021572274261775038,0.7088283223645285,2,none
C003751,0.30227380756908007,0.1046512406114204,0.28037218897174687,0.012302267562372947,0.012944356613599495,0.22490134821428628,0.013549307809899921,0.04900548264759403,4,cloud
C003753,0.015427895985350867,0.29660396932953814,0.3591896224214907,0.014996441981422453,0.015425146170291929,0.015643587214704824,0.01667437660436892,0.2660389602928322,3,insurance
C003754,0.01336614854920633,0.014387653069581523,0.014255818644662232,0.013521742059574881,0.38751308521971684,0.4090194815229947,0.08974781391031239,0.05818825702395101,2,software
C003756,0.6690823945584348,0.022745989116626786,0.021716677609390417,0.021764159285634202,0.041318305133490746,0.02165800254474723,0.024836572334804186,0.17687789941687163,4,cloud
C003764,0.15364122788042642,0.1756632793906159,0.04475971433764106,0.04426729271273555,0.04582258821245408,0.04543350696566352,0.04792662193200198,0.44248576856846145,3,none
C003765,0.011515786353133012,0.0024556467387925624,0.11096936787898731,0.24732520022675608,0.12468184758650705,0.010808385139994924,0.3898560221928992,0.10238774388292979,2,streaming
C003766,0.04466673579884127,0.030706308338687278,0.030976608771194528,0.2745192002963212,0.036124941522369544,0.031177217262612994,0.036424108145525616,0.5154048798644475,3,none
C003770,0.1654534037675234,0.01398238117823566,0.6963370629317531,0.012961658066692099,0.013366929440998702,0.013429318476810233,0.013432087967510532,0.0710371581704764,3,insurance
C003773,0.026367646421787655,0.027319779654264957,0.23938684986302428,0.024279131083396195,0.019771152655889166,0.5431530533456308,0.04253497561787605,0.07718741135813083,3,software
C003774,0.03149553147810185,0.03032708835217027,0.02957718158600752,0.5506658850882817,0.03192284259330986,0.027783773092772766,0.20180459447253357,0.09642310333682244,4,mobile
C003775,0.04686705513482608,0.01686329182193947,0.02325590814439273,0.016875412912505324,0.12945481484615234,0.01899193887601716,0.08051428758346942,0.6671772906806975,1,none
C003776,0.009135033113401752,0.009671862379154291,0.6086569171210299,0.008383391472593846,0.008554856297946188,0.31844731210617294,0.00822290410113504,0.028927723408565916,1,insurance
C003778,0.5222545127864107,0.01853768928386343,0.03185863573953505,0.020020148635450694,0.09966995069685333,0.01869074600236732,0.1043903623941136,0.18457795446140593,4,cloud
C003779,0.0058151442770191025,0.045898925178838826,0.01155950290432542,0.01110314131002365,0.14705629708588747,0.01100545471616552,0.21629107720637847,0.5512704573213616,0,none
C003781,0.5650850881029803,0.03492699181097631,0.03336280165637029,0.03339673874538963,0.03417973921623661,0.03433452203848364,0.036229014862636494,0.2284851035669268,3,cloud
C003784,0.027718444695984067,0.6019241230105572,0.02649856585868597,0.0891372935074239,0.02689519970089737,0.11937158763797774,0.02733964496760162,0.0811151406208721,3,gym
C003785,0.013628516660623095,0.012637826896950364,0.32432969487846586,0.012494601265114588,0.015200697364492992,0.5506240117252154,0.015584776119825871,0.05549987508931197,0,software
C003786,0.011452639106807673,0.01174530061183308,0.3260367910136206,0.014254475846071323,0.5478241568930188,0.012355705870951323,0.01105094915054556,0.06527998150715161,3,music
C003788,0.015320571752214695,0.014538166627711381,0.09478301175085029,0.013311857867254528,0.18863350442232513,0.46677513285937033,0.13741323310247583,0.06922452161779785,0,software
C003789,0.022528626474440185,0.024780828246510022,0.023464527032605976,0.030831089686540008,0.037799041721813836,0.025559943632310275,0.05440120444063524,0.7806347387651444,4,none
C003790,0.020419827627472423,0.021098854948452372,0.0208446664525159,0.19232627240229944,0.020679877139523496,0.549871175051815,0.012705872901295382,0.16205345347662597,4,software
C003791,0.026760030747189897,0.12972551924742326,0.026242933981120035,0.025009281700357745,0.10454876116484295,0.02820250517335202,0.031170034021411337,0.6283409339643028,4,none
C003792,0.019694060959718526,0.018794940391810854,0.1487847652742214,0.02092282434595331,0.190962693355376,0.018669720249362518,0.47865713504991003,0.10351386037364743,2,streaming
C003793,0.01186321999785295,0.011274914536059433,0.2251803214750952,0.010172492178006764,0.053126630065499766,0.011025587021529094,0.6417675045356601,0.03558933019029661,2,streaming
C003799,0.09234098873392077,0.6251109705903364,0.010197888408432054,0.01251021684328105,0.032972543333062966,0.011564604622207637,0.1667073195414097,0.04859546792734941,1,gym
C003801,0.02277840736597221,0.021073814549024253,0.020157348092014873,0.4469374788143312,0.10763292303697188,0.036349728678811054,0.12927804252456881,0.2157922569383057,2,mobile
C003802,0.009907202358346065,0.011072462212519417,0.13759947154831653,0.00957334177341701,0.07703561752703342,0.01012089771778521,0.7144562463813877,0.030234760481194677,1,streaming
C003805,0.07165946507561677,0.020670802475352416,0.018859559104035747,0.018761353879473648,0.018312216084930028,0.7604359558631852,0.020069029481159496,0.07123161803624668,4,software
C003806,0.013584243584941012,0.13270431898367296,0.018389251427719317,0.017668733804295542,0.0650067564980479,0.19006885005704843,0.14702966352912136,0.4155481821151535,2,none
C003807,0.014503758140773329,0.015274262728158199,0.01468267034167096,0.10690380984652065,0.29689690056196,0.012831385105731778,0.4580765324429096,0.08083068083227558,1,streaming
C003808,0.05293330506741346,0.051092518112770255,0.053907006659142234,0.054902549384338514,0.05774244960331512,0.056211315247409695,0.05720308519820039,0.6160077707274103,0,none
C003809,0.0338149178459004,0.035136070572207814,0.03183283408931745,0.029585721931248234,0.1545533798780896,0.0507482570589688,0.4069231871964205,0.2574056314278472,4,streaming
C003811,0.01456314872808685,0.555070904017068,0.014365905832040823,0.014082248150756139,0.03894826978326976,0.09260733801364457,0.2181798752887651,0.0521823101863688,0,gym
C003812,0.02584440673835136,0.024037051257270944,0.02387259392788501,0.023021833804759827,0.27178091531904447,0.023955231084348765,0.43130459822346495,0.17618336964487472,2,streaming
C003813,0.01790053940843055,0.01729580647622778,0.017195096084644736,0.016312483405237506,0.015612888262717988,0.8335765692255421,0.016343454082908014,0.0657631630542912,4,software
C003814,0.03253532282966585,0.040836548519178,0.04224808994369006,0.032764925140962006,0.4195024071857152,0.03357410113018236,0.16372491006652456,0.23481369518408196,3,music
C003816,0.021764375153145304,0.022550885543388816,0.14339024718132745,0.020448921016093503,0.020243009486803333,0.6751104870490711,0.02262591007517252,0.07386616449499796,4,software
C003817,0.6893431556475097,0.01667379412758991,0.0165596509160554,0.016397966546258105,0.019760459105893777,0.15169719190130504,0.019589736336948514,0.06997804541843955,2,cloud
C003818,0.0218573437707339,0.06182204962567929,0.020892619733750256,0.025435628086034483,0.08919746794577268,0.02155648513079076,0.6614488401916541,0.09778956551558456,4,streaming
C003821,0.02061857149774707,0.02142433230512862,0.4082022121019008,0.22509560385141714,0.03229296914977913,0.182597037464456,0.029490550161526734,0.08027872346804457,1,insurance
C003822,0.020650036630795204,0.020300949703359657,0.020893911800130754,0.4182751740774261,0.02583199044285741,0.3975332499824506,0.026106342954844604,0.07040834440813572,2,mobile
C003823,0.02190472590822325,0.022341373145941285,0.08289843892875914,0.025920010217426105,0.022703291970765014,0.023239903010659715,0.022306944393233955,0.7786853124249916,2,none
C003824,0.044436211945944375,0.019008893442909132,0.019155820335853363,0.01912313706830884,0.7301042622789333,0.020517702497769817,0.06093495481154598,0.08671901761873532,0,music
C003826,0.04756738508150965,0.04662233065796108,0.045875680368868604,0.41774046156917005,0.046868940392811184,0.045989151684277696,0.04669297840718126,0.3026430718382205,2,mobile
C003831,0.024835363021706258,0.023050002800114638,0.020625177996559288,0.06406918479227654,0.047177470634927915,0.04379101265952242,0.015512195474681474,0.7609395926202114,4,none
C003838,0.008569380104894393,0.06322376100628808,0.008481826385803708,0.049390148195204986,0.8216776699052566,0.0072709720792057285,0.012083035852815097,0.029303206470531334,3,music
C003843,0.6272901626983384,0.01948132402315645,0.019245977705957006,0.018460591514798043,0.14084057148101553,0.018739848731617933,0.07596416204421708,0.07997736180089969,1,cloud
C003846,0.008572354893178497,0.015005509648985269,0.015026929750645054,0.14514074855772624,0.15203105085529356,0.01417726986048754,0.574745821831909,0.07530031460177485,0,streaming
C003848,0.04945588731422938,0.4963971987277138,0.048344381319500807,0.1865023084514139,0.020076962282996887,0.04672968191551636,0.022843864684692385,0.12964971530393646,1,gym
C003850,0.014585378921825664,0.45388812520101196,0.4214436764304238,0.014740467694143847,0.014475349264239237,0.014658084020102463,0.015531730543713564,0.05067718792453952,4,gym
C003852,0.022027103229678074,0.02430371683508937,0.0247950342360242,0.02369842430093715,0.022406390231844712,0.7720891514406625,0.023644485373916266,0.08703569435184777,4,software
C003854,0.03215942702685726,0.03192568969473318,0.03181526539707666,0.029841841693601413,0.14747739524858727,0.03269053566655304,0.5640027567727425,0.1300870884998488,0,streaming
C003856,0.018081574601575133,0.8289371766174589,0.015491067231439972,0.015162014623235003,0.016174092919343432,0.015564215927729316,0.01681694888628904,0.07377290919292927,3,gym
C003858,0.02477232933140265,0.025941339668525062,0.02502451482493329,0.2646880473964912,0.06976745210563004,0.4605236545210667,0.06210031536039151,0.0671823467915595,2,software
C003860,0.01880012749829906,0.019962320186267403,0.02612746548600099,0.018670618856938614,0.018426932806832774,0.01951870534964814,0.016948159507255166,0.8615456703087578,0,none
C003862,0.031705074103885005,0.025385874860767453,0.015042642552174279,0.027294332602259986,0.04776572118460071,0.03361738471216673,0.7149091428458394,0.10427982713830639,4,streaming
C003869,0.030064366618083288,0.02908975352906172,0.0287478105067683,0.028486994038153718,0.02834268780682571,0.5550240219773974,0.07114954889674108,0.22909481662696873,2,software
C003870,0.008515587250569152,0.0922739055797599,0.019777109365473628,0.038076967776669086,0.009350418858327483,0.005633172013277198,0.019595277410625535,0.8067775617452979,0,none
C003872,0.030881998232153103,0.029784948339805106,0.029868800720624686,0.028384224485874937,0.04834025739521409,0.1503484937022223,0.03162786224343357,0.6507634148806722,1,none
C003873,0.012828862498958354,0.013131577697715256,0.012400405813633577,0.8244465451760498,0.013605988098489234,0.012245652146273208,0.013534689624210524,0.09780627894466998,3,mobile
C003877,0.019015114776826672,0.019807250315939877,0.020234156371386078,0.01974571939848868,0.14513608714211984,0.575944528795892,0.14532395567762432,0.05479318752172253,1,software
C003880,0.012878510498923195,0.015785604424880167,0.014201472220750591,0.08261167275126445,0.055134449495835965,0.07761941184196713,0.023985184178188172,0.7177836945881902,1,none
C003881,0.016237702398576855,0.46601800881817224,0.01600030000482263,0.015152817181052507,0.08216816918453679,0.015165171484398835,0.3520831000213733,0.037174730907066855,0,gym
C003886,0.021441448461399577,0.13850756580800355,0.018891421751765006,0.6682889268747663,0.007376696755022364,0.019074285115337448,0.008029110472143882,0.11839054476156197,4,mobile
C003887,0.017775345873035562,0.7928826799367623,0.016374751866779197,0.016885421170494498,0.017792151776815306,0.017629508955089933,0.018072864650388126,0.10258727577063496,3,gym
C003888,0.4063547345588209,0.023316494868570625,0.02245680391173753,0.022601196415430427,0.05600265577278627,0.00851844087338047,0.34390789662830346,0.11684177697097037,3,cloud
C003889,0.6536363835875527,0.02606115177197578,0.13631188927672652,0.0262940853494086,0.0569489717580844,0.027015977457993397,0.026421657231600205,0.047309883566658474,2,cloud
C003891,0.03533974782106788,0.03595389756952118,0.03900037826587901,0.03393783153918536,0.018856262035590432,0.0349287043178168,0.03394248767854417,0.7680406907723951,1,none
C003892,0.13221358240277026,0.33016731905858065,0.2762455634435843,0.0460375700722115,0.04533580157261467,0.0451138118025093,0.04774400167880454,0.07714234996892477,0,gym
C003894,0.106698119223464,0.20381443755426912,0.018843038592440846,0.024778213134456044,0.018151956144933055,0.4265911581698115,0.018207452482039373,0.18291562469858608,2,software
C003898,0.14644855218811964,0.017432071719060676,0.4188226895003683,0.0161525698827309,0.23238275795085134,0.01759179710802285,0.09549574465981736,0.055673816991028975,1,insurance
C003901,0.5870492151230496,0.036046084033052206,0.03428341105030765,0.03817356637062081,0.07999731163652878,0.034871454647932114,0.07769929542690412,0.11187966171160464,3,cloud
C003907,0.02520301279923741,0.01261870807824626,0.017963293129426832,0.6879142715438289,0.020433065281779555,0.06137701475304502,0.10141517484105225,0.07307545957338374,4,mobile
C003908,0.33751897941355147,0.03547084509925854,0.0349288143439334,0.033650662192703865,0.03352478074317791,0.07868871253776774,0.03578002765758259,0.41043717801202456,0,none
C003910,0.009907926177256427,0.010414587879616738,0.010148770432678048,0.6442217923715132,0.012101264406746842,0.22528870467353768,0.01358143309626722,0.0743355209623838,3,mobile
C003912,0.19008245448718045,0.03807091680009254,0.04618119150893595,0.03554057692575382,0.03706007684358025,0.21800622935884256,0.21088132787054378,0.22417722620507063,1,none
C003918,0.007250467346013892,0.01324769330062504,0.012043900709248184,0.016052708899105733,0.12607648918375775,0.00949325257206301,0.06389162643433861,0.7519438615548477,0,none
C003919,0.023842094522187152,0.09677794331026501,0.02338923677935754,0.021618501008659013,0.023251375167418296,0.5950313015708117,0.023094441044010344,0.19299510659729097,1,software
C003920,0.06445501270625849,0.06494435750510272,0.06478500003579757,0.06294938733310129,0.07058219177331641,0.06867380049777942,0.08304501946000875,0.5205652306886354,4,none
C003921,0.05342484711649753,0.5805812844645666,0.033146917117813965,0.018691089319821542,0.042341210637994044,0.03186241451311747,0.019384517660141185,0.22056771917004772,0,gym
C003924,0.024065085383117538,0.027787954062707457,0.0215674960261412,0.07355283119293214,0.16581114308669953,0.02144488917277746,0.2546373063241536,0.4111332947514711,2,none
C003925,0.02157943338241325,0.022780379023668085,0.20892663188058713,0.020742462341445812,0.26301109728974503,0.3274494878254226,0.07560095342411081,0.05990955483260719,3,software
C003926,0.03159873325116511,0.03274474106174932,0.032782472125479245,0.03166142240962835,0.04820289103673674,0.03435653176210364,0.6692215602943876,0.11943164805875005,1,streaming
C003928,0.09241394857968578,0.008234972858642364,0.5346014245651753,0.007193553510085351,0.07339486942812351,0.23452401370234816,0.03190856116565119,0.017728656190288312,3,insurance
C003929,0.011885060525844034,0.010439392045971115,0.010393498167371187,0.10528970062952245,0.008581181647477603,0.010015534769499292,0.8023984765550041,0.04099715565931019,2,streaming
C003930,0.01958653868287772,0.018422330603984384,0.017296344280985865,0.21404225630325147,0.017575335549187346,0.028474046342974034,0.026649590367942004,0.6579535578687972,4,none
C003931,0.010260544731028252,0.009100607797793593,0.009017127540175132,0.009134022780633046,0.7587373004916559,0.008376430835372265,0.1609855796038122,0.034388386219529596,0,music
C003933,0.034563422789232426,0.03542360605316118,0.034835569016281875,0.03412491633538787,0.008604428557746515,0.736474007601439,0.012191404046229997,0.10378264560052114,2,software
C003935,0.30682070602639044,0.03138544265461538,0.03099009551173594,0.032574109914591115,0.3685561893832725,0.03275776885156915,0.09975188691556466,0.09716380074226083,4,music
C003936,0.022571466089051074,0.0763650452667853,0.23820325834880282,0.49848766260484506,0.01286379200500017,0.033508305084932216,0.011957646356127321,0.1060428242444561,3,mobile
C003938,0.014829826049130575,0.013597903229290394,0.0832434894664717,0.013991531521445288,0.21277892765854056,0.10391351267385665,0.5147213945903866,0.042923414810878226,4,streaming
C003939,0.033906776350910876,0.03198879069901782,0.03393605115996641,0.033984237546536136,0.03591205174076993,0.0351129712480724,0.2696249761965591,0.5255341450581672,0,none
C003941,0.01309190947588219,0.8676860266382616,0.01386103963513901,0.013830399969159433,0.01365606778747681,0.014448046194758864,0.01490301339285435,0.04852349690646785,3,gym
C003942,0.01960655205134443,0.0193285940077692,0.017644043846486192,0.018039256541335882,0.2782977085999061,0.017411337398921613,0.20578797035893737,0.4238845371952993,1,none
C003944,0.01612987071664008,0.0171084996415167,0.38739485103617316,0.015788211181991616,0.030837513339763357,0.410537496513837,0.07645779573113899,0.04574576183893906,4,software
C003946,0.6135050957461626,0.010519906406512531,0.20889571578419103,0.01010156858781134,0.020762929655926153,0.013252988579111958,0.09119078511647907,0.03177101012380525,2,cloud
C003947,0.012536463178288673,0.13007940712558744,0.012587665561588027,0.6510512839268442,0.04508908684603613,0.07820197389716174,0.029740847338533445,0.04071327212596049,0,mobile
C003949,0.04101906654280574,0.04000358951106592,0.03665112234220053,0.1375679912352634,0.04222797397971044,0.41844444590865315,0.043913966925160364,0.24017184355514049,1,software
C003959,0.017677213439644943,0.5307954469235963,0.31348937874188776,0.016650490543587994,0.027829758602409917,0.017226886627260456,0.027723428891175052,0.04860739623043772,3,gym
C003961,0.30648592194951824,0.05775683173063762,0.39964671836895127,0.032678413990635966,0.03394255559588526,0.032772939095693863,0.03368379416071392,0.1030328251079639,0,insurance
C003963,0.014267412568342006,0.016900813322344846,0.016715084354230178,0.015824938000096468,0.04803227082381625,0.6292165732084449,0.030165186448523833,0.22887772127420136,3,software
C003964,0.027825743264659364,0.029404569388762153,0.02676628608607113,0.02691504032770734,0.25244355242637667,0.28924267944319404,0.24806991585037957,0.0993322132128498,3,software
C003965,0.02725251733686994,0.3165613890267235,0.32066408591056317,0.02951228167379982,0.06928297074667761,0.026777019621560025,0.13339584158627096,0.07655389409753491,3,insurance
C003966,0.7588793537382927,0.015295692593839734,0.015310047968500717,0.014500979143752153,0.014734958199768552,0.10827885784167379,0.014683768382814072,0.05831634213135818,0,cloud
C003967,0.01684161797890082,0.12951502602419845,0.5560545635279932,0.011872375624894262,0.012078604485181957,0.19730679077700547,0.012477907253501307,0.0638531143283245,0,insurance
C003970,0.019628491366345594,0.019368908143406412,0.012617025926621221,0.01771009332114841,0.31990252885472026,0.4420110373289284,0.10788056292192444,0.06088135213690528,2,software
C003976,0.18180243617640643,0.00661085406127433,0.009813060105200014,0.010097694592658565,0.05289162687207394,0.018630778750093037,0.018803136994615856,0.7013504124476778,1,none
C003978,0.022738657864513904,0.023928353274039298,0.021179033987679945,0.008904063567085238,0.6127464455087791,0.02049935816072876,0.2023062245950365,0.08769786304213734,3,music
C003980,0.029721597292530166,0.04656719240095235,0.028604554366827645,0.028908029816322525,0.2890661975624348,0.029873057168000934,0.43902970780631123,0.10822966358662038,2,streaming
C003981,0.258447598337857,0.019315389020615366,0.017497688095069276,0.016466745662290647,0.021281284486015274,0.5799441917712502,0.022259177655864652,0.06478792497103761,3,software
C003982,0.02101832942181657,0.022007164682642834,0.021671430334627297,0.56816860232499,0.10555007743852082,0.14010253218454302,0.060020618861842234,0.06146124475101726,2,mobile
C003985,0.015157494274555906,0.08165232021377283,0.015547676669642492,0.1516345425836088,0.09328887408757368,0.01681630313614928,0.5718268648440303,0.0540759241906667,3,streaming
C003986,0.022494735902666076,0.7730962299521331,0.023337605689880803,0.02268544369669718,0.02275483251233313,0.02273535053883195,0.023312974488195318,0.08958282721926236,0,gym
C003987,0.070977670253507,0.015955465889317073,0.16131111073983181,0.01715061781239388,0.014344269765397766,0.009093336962656712,0.014155730865376954,0.6970117977115188,4,none
C003988,0.03493991700109858,0.036857199373265946,0.038068980325566174,0.21483329986309738,0.043576682388745486,0.1802990898300584,0.05812007016065549,0.39330476105751255,4,none
C003990,0.036298850125293186,0.10800027759537392,0.03847960548531667,0.04071072722760534,0.4616264353735565,0.042002458779350445,0.14996218542153886,0.12291945999196494,4,music
C003991,0.07278367858133347,0.09019596428608648,0.07101986514779811,0.0731024722403596,0.07753160631685863,0.07680939991094414,0.07414675818469035,0.46441025533192914,3,none
C003992,0.03425827328563967,0.0359928281727677,0.03684419744975543,0.03564441329038279,0.09945773383228405,0.035205124542383476,0.645083509728098,0.07751391969868887,2,streaming
C003993,0.019226841328672195,0.010562989765049711,0.1325278919161129,0.016988745366157396,0.018266396220564488,0.7395058591847714,0.01853197530908847,0.044389300909583485,4,software
C003994,0.030827191432422744,0.02986127511310785,0.028768565349702444,0.04480689485952825,0.029670729606213597,0.05001087708677802,0.03429994858747321,0.751754517964774,4,none
C003995,0.02005108936609456,0.37548495475005184,0.020520246606720745,0.019178935397347135,0.01987520090859947,0.18590016541060428,0.06334227859238811,0.2956471289681939,0,gym
C003999,0.7889944228347271,0.022930167830505804,0.023883441787215805,0.02282791468282553,0.02404071591330565,0.02320066670311975,0.022830184303481958,0.07129248594481835,1,cloud
