client_id,p_cloud,p_gym,p_insurance,p_mobile,p_music,p_software,p_streaming,p_none,fold,predicted_next_recurring_merchant
C000001,0.0555575473113581,0.030526059290215346,0.140968477480036,0.15247395707569578,0.06626427035723426,0.021294979664999436,0.33413272344954237,0.1987819853709188,0,streaming
C000005,0.02675895343569346,0.14682083369915128,0.024820287407635783,0.3825527364938846,0.027993863495729278,0.12477476507112721,0.029129955454389567,0.23714860494238882,3,mobile
C000007,0.46537590724175454,0.022517938260175754,0.020436312025596093,0.01675053710284671,0.02079033835203268,0.053753204815736116,0.02160730064899096,0.3787684615528671,3,cloud
C000009,0.09713779679588072,0.02031650892732293,0.01906586127139233,0.019968967497606106,0.04172344573850745,0.22581040699700167,0.48949505373113433,0.08648195904115445,4,streaming
C000012,0.019142880588461107,0.029874426054780585,0.01721806982802511,0.019900866629804472,0.019815486244138432,0.7187739831332998,0.029264112211573694,0.1460101753099169,4,software
C000014,0.330023420679007,0.023234399436454622,0.022372070904238348,0.021748187468855384,0.02287915280540778,0.4685553574595531,0.02254167336811919,0.08864573787836458,2,software
C000015,0.026749218251580775,0.027448627554275476,0.05306253420971003,0.026846840925597627,0.029647273256815987,0.0285448410258273,0.028329144138336274,0.7793715206378565,3,none
C000016,0.02635138780999191,0.22097135879486185,0.56586788962042,0.025028134857534447,0.021552962759467453,0.025668206719932578,0.022661149122440546,0.09189891031535101,0,insurance
C000017,0.018909585123668922,0.021481948312226343,0.006439937129322598,0.12716324883430935,0.06500980038827694,0.02340268022319302,0.14981164209104098,0.5877811578979619,0,none
C000021,0.025663411110270595,0.025454731545373383,0.025196037444624935,0.12645002249169654,0.19377632522757876,0.17386522361354279,0.26976210384036464,0.15983214472654836,4,streaming
C000022,0.10234667560833496,0.01786402673359972,0.017153113749470515,0.017443150026297222,0.07666171529390146,0.49861254256359866,0.18908943083407598,0.08082934519072153,1,software
C000024,0.01916708805985621,0.41388778813122284,0.031250339117035314,0.033268354499461666,0.2024298841248937,0.042448779295868516,0.0794082151815888,0.17813955159007294,4,gym
C000025,0.6590912086428686,0.022955329714949388,0.024591098137091184,0.017812878498504915,0.023397590664327807,0.00919954483078634,0.024086219273869808,0.21886613023760199,1,cloud
C000026,0.011058987153510901,0.4372388663904903,0.03767307780531165,0.058318164616355445,0.011102206411257939,0.198097113747311,0.010536130939587928,0.23597545293617478,3,gym
C000027,0.01910623977798552,0.0070335601793990255,0.006947231024726969,0.39982048663229275,0.4066640069875582,0.04156149627986584,0.026867362310025397,0.09199961680814629,0,music
C000028,0.050416400157390226,0.20186117369491308,0.013687006010406573,0.013419554009528378,0.03287773660775117,0.3580601034480119,0.022750478125050877,0.3069275479469477,3,software
C000029,0.06037789752437338,0.018237389115928242,0.012041865021883823,0.07133443346073874,0.4410283554596127,0.0779893667584198,0.2248766100346138,0.09411408262442952,0,music
C000030,0.18611512490775411,0.03885930679024996,0.19922593095514785,0.03704591337874523,0.10445154270333437,0.04233239823795521,0.06457410628822148,0.32739567673859177,1,none
C000033,0.23781800026101724,0.024167198604139878,0.02273490123444124,0.022866409856559383,0.12379554903516213,0.02763957669079102,0.09013795934363016,0.450840404974259,3,none
C000035,0.02237512019860343,0.3267047915884941,0.039401163403998365,0.04397537267681745,0.19719428950967588,0.02096030693183497,0.05474281583245674,0.29464613985811905,2,gym
C000038,0.01991837663042112,0.027040853597594824,0.027163687520051424,0.026652588717186315,0.02748742475932125,0.6536415907969104,0.028270580323359877,0.18982489765515476,0,software
C000039,0.15180956965406595,0.06692034023342999,0.06922641809138777,0.0670993073591968,0.06836168730778483,0.07028856258799637,0.07070151113434969,0.43559260363178864,3,none
C000040,0.39491065211321275,0.07824520281983183,0.026982279276483292,0.0258432239632978,0.02470920097353745,0.014864570007476903,0.02426824540133828,0.4101766254448217,2,none
C000041,0.007883244469513924,0.008234086312724046,0.8254256745749626,0.008373726257788936,0.07797735763279105,0.00788503295258255,0.016531176571577964,0.04768970122805886,4,insurance
C000043,0.0070981999580150565,0.00902624082864465,0.006922981088904593,0.008915418449677316,0.03232975494162992,0.013419736239118341,0.034012357645325855,0.8882753108486843,2,none
C000044,0.07081806312732078,0.07165443564174444,0.07742610388296152,0.07251315794990362,0.07999313182773715,0.0653372415175054,0.08026678412942656,0.48199108192340057,1,none
C000047,0.02031266736467173,0.5044767799435743,0.01948127778977334,0.018559950577363284,0.21517493473770627,0.024531940478514012,0.09143710326869614,0.1060253458397008,4,gym
C000053,0.012570438729395618,0.4879680162469828,0.03195826752314916,0.03138679656266293,0.21022800677540465,0.03287400710389696,0.032640623286594866,0.16037384377191297,2,gym
C000055,0.03994558676910144,0.03972414529132842,0.04026306052933592,0.037069411113954884,0.04164249196709886,0.033180863036368635,0.04274834325899671,0.7254260980338151,0,none
C000060,0.037439490887678825,0.03912555098625272,0.5799824176624728,0.037774633412391005,0.03977180565608822,0.03979011515750405,0.04641017297332719,0.17970581326428509,1,insurance
C000062,0.01415492291588607,0.012246045564236219,0.011426319575519112,0.013396720030006814,0.012480130323961705,0.009376635821649937,0.005341938792153941,0.9215772869765863,4,none
C000063,0.12611052452202326,0.02587083762070019,0.6158915098689519,0.028723033818430756,0.02611377646546552,0.026331865915041774,0.026090401414308052,0.12486805037507862,2,insurance
C000064,0.055501146059889955,0.029344022171504284,0.07143186071740906,0.11883511197756196,0.027717226449511793,0.2665621298309798,0.028859655196297875,0.40174884759684526,0,none
C000066,0.12747767160582812,0.06475699148339267,0.06733379672334755,0.06583491617386429,0.06868584521182741,0.06648780082890605,0.06965864602169168,0.4697643319511423,0,none
C000069,0.028681278314597776,0.017255651233501326,0.1337511495393966,0.061494040442138534,0.010301229507800025,0.01242743077528781,0.07687717339812504,0.6592120467891529,4,none
C000072,0.05737913954588163,0.009079645984225015,0.010702340745085026,0.23469920895221597,0.026374274492564645,0.5004649317862633,0.09801875653553219,0.06328170195823232,2,software
C000073,0.008097912779503683,0.008507334809886833,0.014792046049307566,0.010020293309348642,0.13285423864644078,0.027331242495385565,0.028624392539004114,0.7697725393711228,2,none
C000077,0.22678563198017673,0.007716798515432742,0.012377950461174387,0.003943533683010604,0.012607337289569014,0.017032246928262648,0.004377613765908873,0.7151588873764649,4,none
C000078,0.012557757771784469,0.012732250438860171,0.36078091615650343,0.012093759654147128,0.21654928099698256,0.012014064939033113,0.31178373449536556,0.06148823554732356,3,insurance
C000079,0.01620715447046891,0.45085324716550934,0.013694003934639418,0.2032173170444731,0.018524835781956215,0.21332752017024056,0.011821047564610448,0.07235487386810205,2,gym
C000080,0.08440276004856115,0.03274183619533128,0.03472287942073045,0.031703486158923856,0.034978734326572586,0.05573546992365897,0.03928126637941451,0.6864335675468072,4,none
C000084,0.014734218254947475,0.01573309664509063,0.05753053225506373,0.044215987618484595,0.015789331248074943,0.015720318124952476,0.01897846883861058,0.8172980470147755,2,none
C000085,0.02680368283728593,0.02612538622863919,0.6821258693749053,0.024564312251515084,0.025509798522284865,0.024919620025179976,0.02654111911329652,0.1634102116468931,1,insurance
C000088,0.11398208387697839,0.05422002609988559,0.5493771421537719,0.01584946012142709,0.017143774749468887,0.017173721245788778,0.020451481475404425,0.21180231027727492,4,insurance
C000093,0.059293044627521996,0.008427225424637334,0.09324836781091754,0.009286857261136946,0.012128672989570814,0.014806625736515136,0.01402883471796984,0.7887803714317304,3,none
C000094,0.6087138021198673,0.023632800442416658,0.04588776836111586,0.022005235778886915,0.1189788023579936,0.05167704842109276,0.019276114490958993,0.10982842802766804,3,cloud
C000095,0.05423276887461645,0.010534211819607522,0.010613134449050508,0.7765884367106909,0.010210385488148609,0.08167066750979765,0.010179152542554927,0.04597124260553341,0,mobile
C000100,0.032128230546921537,0.5942078587233841,0.12406666684398676,0.029702936040724447,0.02995678861085411,0.02810723644644514,0.029589841819090267,0.13224044096859364,0,gym
C000101,0.01893699975519489,0.01679993014700954,0.020811460794758457,0.019928686961190396,0.020310499087422024,0.020255022855188196,0.01925157820792793,0.8637058221913085,2,none
C000102,0.04641439108923188,0.33132580642247017,0.04402341797463073,0.04578721549819303,0.04451422478006758,0.23256929098503995,0.043695312611655074,0.21167034063871154,1,gym
C000103,0.02144590589906198,0.026171840690570488,0.3629951480617306,0.02009600070342925,0.22209225522626547,0.18188232107851493,0.07894657794521444,0.08636995039521284,3,insurance
C000104,0.018244184257572692,0.018381046006477775,0.327741449478634,0.017713304756566364,0.4114262968378657,0.02110048558375182,0.07858731347068253,0.10680591960844915,2,music
C000105,0.010973505060782006,0.2618527858321423,0.03540781214222992,0.011284493121456546,0.03327750447724979,0.01103330291285938,0.536471485300743,0.09969911115253709,2,streaming
C000106,0.026381313988064314,0.02281137335552804,0.022688871137064498,0.026017970658373038,0.03363792764634792,0.15748262786870157,0.5817318484467343,0.1292480668991863,4,streaming
C000109,0.4628516147722696,0.016890626744588924,0.01727005009244591,0.016461228383306634,0.013222872388211866,0.407657086297464,0.014526011483484778,0.051120509838228315,1,cloud
C000110,0.014174335708785683,0.12428561938384694,0.3379276203578603,0.23869282713816659,0.06803788018473027,0.013857153350293947,0.04633918279210679,0.15668538108420949,2,insurance
C000111,0.031144579578936384,0.033370713662106366,0.5612521766637509,0.03236832655741828,0.0334588520762015,0.03359478111440328,0.0335520294995425,0.24125854084764076,3,insurance
C000113,0.04042603928995138,0.04033548221467496,0.039605213933171124,0.5146072908558179,0.043903780194792706,0.07376634653622198,0.044433923444245814,0.2029219235311241,0,mobile
C000115,0.10264783321415862,0.034297868466051984,0.0344152698358214,0.03483032345661586,0.11076859734440989,0.32433896889216696,0.12067183417384197,0.23802930461693328,1,software
C000116,0.09726666005824272,0.01120622511283725,0.7189525218125729,0.05455588265765272,0.03724492484755974,0.006925906636198256,0.030344424014098953,0.04350345486083753,1,insurance
C000117,0.028692978881764468,0.35672932250721934,0.02924768845391263,0.027778043076522818,0.028263596193982943,0.05490613933990786,0.028979380981871805,0.4454028505648181,2,none
C000119,0.025020452398810768,0.022990334425839178,0.02243642671513546,0.02133121005375975,0.04094627144632723,0.02179700287671321,0.7051755425625241,0.14030275952089027,4,streaming
C000120,0.01792348414549807,0.7431908184688274,0.01732238717988163,0.018776275670786977,0.03223553974805483,0.01725231643893887,0.030911368790015756,0.1223878095579965,2,gym
C000122,0.5836214314042606,0.02824066387122991,0.02696041168804464,0.07272799403525915,0.027981801779487968,0.02666032558102078,0.02723182079425076,0.20657555084644616,2,cloud
C000127,0.023134152881862675,0.026049213920756868,0.021777551328391237,0.026212976302068883,0.009141666770750345,0.027579816021883013,0.01538052242312483,0.8507241003511622,2,none
C000128,0.05238728324113645,0.053669366474195276,0.05297205020823545,0.058976696925496966,0.2243700707041587,0.09254915878662391,0.18180681060431175,0.2832685630558416,1,none
C000129,0.16283095299979278,0.015844517547472358,0.016336891642235157,0.01595728387006265,0.08150429068116366,0.5012908718462201,0.10214645348229118,0.10408873793076205,3,software
C000130,0.014711362377238479,0.08168567921272613,0.02260269865237733,0.013020716950375596,0.01475885305839156,0.013310686608955817,0.22062055555583657,0.6192894475840985,3,none
C000132,0.02715570541257531,0.013051247871454095,0.01423063662161237,0.3518418659532978,0.2200103484992462,0.23862056149757915,0.0818009828786586,0.053288651265576546,3,mobile
C000134,0.013783912108227773,0.015631493411038103,0.4865310702123864,0.016830871460604097,0.03745554071810796,0.015432609035845,0.08704902454519875,0.32728547850859185,4,insurance
C000135,0.15136513101612203,0.01554750191157338,0.014855195179262334,0.008270065872819117,0.004724531429374075,0.012309428441158454,0.00890007942893153,0.7840280667207591,1,none
C000136,0.00827050019830593,0.018632378890723264,0.07387932883294443,0.07511062807996563,0.042778513045642765,0.03420411211714868,0.11626222062981385,0.6308623182054555,3,none
C000137,0.04359571832667264,0.01710448797243838,0.017099340221011186,0.015330012272345362,0.04439323667247373,0.2242905964753797,0.25974315891873756,0.3784434491409414,1,none
C000140,0.045138624296992266,0.10606533354808154,0.04482884037933596,0.05153094883754272,0.04519966284144013,0.3208591350325924,0.1111824881814269,0.27519496688258815,2,software
C000142,0.09583808524901324,0.05802665013142931,0.011765689794888854,0.49128210989926213,0.019009698878604334,0.02690024690373141,0.17772831520397572,0.11944920393909499,3,mobile
C000144,0.2081050341862244,0.02604254736957285,0.025331574981913064,0.02453783970487427,0.02465187386982326,0.5449922575760596,0.025127996942583504,0.12121087536894906,3,software
C000148,0.09461206246653385,0.11760744958872513,0.013356244666344982,0.10497151105017657,0.08164499688654982,0.009409582017822438,0.5381393898204154,0.04025876350343175,3,streaming
C000149,0.029923001701689784,0.03199543730573915,0.031301775745610966,0.03561635482290179,0.09306688843809517,0.03379568538038199,0.5909080682407033,0.15339278836487788,3,streaming
C000150,0.03499985919365077,0.0328021495761086,0.03193253646373208,0.03500109502817622,0.06761434871762863,0.34654963663935534,0.06299713397016057,0.38810324041118777,4,none
C000152,0.6258053670537105,0.028094260261328975,0.026868098859744005,0.0363677621466733,0.02614864983105957,0.054623174160562005,0.034962597238937576,0.16713009044798408,3,cloud
C000153,0.017018026337716534,0.018734355822893355,0.019689150422948762,0.6003068637293256,0.01957172220433823,0.05121553425602022,0.019730878333218536,0.2537334688935387,0,mobile
C000155,0.01659446872489972,0.01783503582721225,0.0194329151314434,0.01976232294339296,0.021064093543097705,0.015034451470268663,0.020876652789262536,0.8694000595704228,3,none
C000157,0.055296962181268006,0.05255088894056241,0.05490921196233942,0.05454650120886996,0.05895295517770846,0.05767906834333685,0.0592310019176185,0.6068334102682964,0,none
C000159,0.021756001342790352,0.021981874346455873,0.6913899694531196,0.038970481742847854,0.012475700882667935,0.012043659199720187,0.013344150638814127,0.18803816239358426,0,insurance
C000160,0.04936854310878268,0.05008288426762436,0.053699000945653816,0.0501541672334479,0.055776677271008324,0.055361724975816554,0.05752972792192779,0.6280272742757386,1,none
C000162,0.031120976230369163,0.015603174255923537,0.05500322010130246,0.0139553987954068,0.07722955820916137,0.2510543873963885,0.28376414471997485,0.2722691402914733,3,streaming
C000164,0.1537855426575907,0.017076242856296907,0.3259220396459032,0.018788628519650515,0.3350564811321324,0.02527263476245196,0.06705469661983904,0.05704373380613532,0,music
C000168,0.02586448159869368,0.17453346103386969,0.018209004388462423,0.016930570064283668,0.034534756555044926,0.12463371643227386,0.03499254127191097,0.5703014686554608,2,none
C000169,0.01811576123805438,0.021262305384026264,0.013211123147813713,0.21104800291473363,0.057494450174571665,0.03525785266554605,0.19948272553716984,0.4441277789380844,0,none
C000171,0.0186122261186284,0.02067345550889767,0.018731583774906593,0.03813975349694431,0.02656198536876519,0.018385068872515023,0.7203817199920335,0.13851420686730923,1,streaming
C000172,0.05013709518516847,0.04045835436576082,0.044655726429769456,0.03974279075235491,0.042943633714373486,0.04425865790801384,0.04171700469952513,0.6960867369450339,2,none
C000173,0.07131540378626791,0.015233076216346541,0.09430727599614742,0.6236318615787187,0.014526609931992177,0.0536448925547679,0.015483686497987151,0.11185719343777215,1,mobile
C000174,0.05861552378117982,0.05930028251196852,0.064738037834381,0.059049184720260176,0.07262183513839023,0.06447136923378621,0.09225537128094,0.5289483954990941,2,none
C000175,0.011121349135906771,0.0204650802117117,0.37680873152480104,0.018851176453941187,0.4060870073629217,0.019202037250704046,0.022451057725276332,0.1250135603347372,1,music
C000177,0.008816277223341787,0.016407924391774565,0.167170147293717,0.32375429920947696,0.02452417697377733,0.0143523311911486,0.18127811860905924,0.2636967251077046,1,mobile
C000179,0.025453190211231394,0.3949493288771956,0.037365794441681074,0.029061780034622862,0.24303357500119854,0.034609683322523135,0.042897004610054607,0.19262964350149284,3,gym
C000181,0.02468215213630147,0.08062510261251399,0.027108000487708842,0.02651866307373537,0.5640553550009717,0.08292672352845404,0.01717597851401713,0.17690802464629735,2,music
C000183,0.03305570929488172,0.2797715341259278,0.03334225667058702,0.31032350228018574,0.033608525474679254,0.03378018845220011,0.03343510845028716,0.24268317525125116,0,mobile
C000185,0.2810837581163302,0.525051027725121,0.01760797775393782,0.020372609331713656,0.02383439492807124,0.01808268966747481,0.02688638371531254,0.08708115876203884,2,gym
C000187,0.014072039415012658,0.015002381984360182,0.3798991245035832,0.016930390174285645,0.4469029344198738,0.015069432075802889,0.05180404438826324,0.06031965303881839,1,music
C000189,0.01904532662276944,0.016529423370934607,0.015675308145654723,0.019422857558022415,0.0167198388731598,0.7315229485903167,0.01633192405435962,0.16475237278478264,3,software
C000190,0.2048610705689485,0.04198856323925318,0.04140166520574552,0.2216852599768772,0.043050806460788904,0.04316640954879637,0.04521911533393709,0.35862710966565314,1,none
C000191,0.020008567939454797,0.013011486316962674,0.017526649899356008,0.02013430962963959,0.18661377477433425,0.022242146130061945,0.5794997490406675,0.14096331626952335,4,streaming
C000192,0.013849931701747581,0.3128534181953968,0.09065068946529112,0.012753469669127854,0.02655259940595943,0.2719620443590538,0.017968972198332257,0.2534088750050912,1,gym
C000196,0.14253995346656595,0.016977704263253915,0.016427044315023585,0.025322644441205477,0.018897692217927156,0.056738011515929075,0.019314204077548743,0.7037827457025461,0,none
C000197,0.029901815828101797,0.029825893196697276,0.052875902689713705,0.03032859922918989,0.37528006630122357,0.0631076241787426,0.18918355626111194,0.22949654231521927,3,music
C000198,0.037341643568319434,0.02848946037007128,0.027745795648593113,0.016646968939999583,0.09768384594628027,0.04005382366946689,0.33337562652542196,0.41866283533184756,4,none
C000201,0.04540805832705393,0.48647592975762904,0.04715450414679491,0.053824751894858594,0.047963994498670344,0.04660695202670794,0.050990733759259006,0.22157507558902625,3,gym
C000202,0.17571879688503667,0.3944600516155355,0.010790862645894666,0.011029477884863186,0.016181750378906855,0.03427286978877489,0.0374108733128877,0.3201353174881005,0,gym
C000203,0.023448560438788152,0.2600075415943994,0.031576610483473974,0.022931503264113307,0.023397899895288468,0.5329674848687174,0.023120972556385656,0.08254942689883367,2,software
C000205,0.019712504584971504,0.011703634912666846,0.01110833900944406,0.04464834491043002,0.012336107535538784,0.025489127465582385,0.011649945039700304,0.8633519965416661,0,none
C000206,0.00978096298386917,0.010367110966611357,0.009262613467114145,0.055883814080225615,0.08236037169862864,0.14393157564662196,0.04076210600776666,0.6476514451491625,0,none
C000207,0.6739686850498452,0.06366799809650246,0.015569947768628838,0.10620102142864996,0.015659741941615384,0.015226879655532467,0.012090836972545576,0.09761488908668012,2,cloud
C000210,0.19908863507658262,0.031786192843805905,0.15016645511487545,0.20558675117388792,0.012389314418085651,0.03673451633695689,0.0144005308069005,0.34984760422890504,0,none
C000212,0.4220325328062649,0.25813578674644855,0.052685690614166336,0.13108752767062015,0.008129486001813162,0.010391238531992378,0.007416427697799145,0.11012130993089538,0,cloud
C000214,0.0064218400353943435,0.01810601012736466,0.018493937267685907,0.046089256419246945,0.01867459641149603,0.034998106407251296,0.018408763025076328,0.8388074903064845,2,none
C000218,0.018157075842835633,0.05472633607926662,0.3837369213085297,0.011711238284521676,0.10955849040623823,0.026922587137528393,0.2963207728082038,0.09886657813287597,0,insurance
C000219,0.1209153749462982,0.30322510004272174,0.01343658766129523,0.013910650339085687,0.3395592620504183,0.029806748587596712,0.04707387414321956,0.13207240222936456,4,music
C000222,0.01710919035919104,0.019535878736509894,0.01894286457773846,0.0057518672940328145,0.018348714128779225,0.013793479872098132,0.016802313820870232,0.8897156912107802,1,none
C000223,0.753286413814731,0.017236429407314065,0.018682904173800217,0.018701505744886167,0.015246537082432274,0.011407758220841146,0.052028730765053675,0.11340972079094148,4,cloud
C000226,0.012684700145278891,0.013944118291849179,0.8067560303942998,0.012714089294496436,0.013284888305220826,0.013019645930721961,0.01241904608004937,0.11517748155808369,3,insurance
C000228,0.013187481772424011,0.031806776994996185,0.46921015174523056,0.017428922851783508,0.29473230364825187,0.012388884019836609,0.03997191029683908,0.12127356867063818,4,insurance
C000230,0.03359682008572874,0.10593193755645494,0.33284011967529537,0.03279489887067734,0.033498450209929545,0.03411572468113133,0.03360342036636092,0.39361862855442187,2,none
C000233,0.015490781418670982,0.016617166806366206,0.13008588155123058,0.015160861409028364,0.6487882599873612,0.01815342899420357,0.09077369976350408,0.06492992006963487,1,music
C000234,0.1744876501332869,0.012425072658980756,0.012140709041680466,0.04018409225338638,0.4795576808211683,0.053457167438469164,0.17468046398549403,0.053067163667534,0,music
C000235,0.028125988918905574,0.02747264185045189,0.02745894252368991,0.603263357104751,0.028104077457677297,0.027633951091757113,0.033216072842826655,0.22472496820994056,2,mobile
C000236,0.022423526435710106,0.021505304984285434,0.02140034120254143,0.5558651533832011,0.029161528580793197,0.05801345088523192,0.08223653979839883,0.20939415472983802,1,mobile
C000237,0.5714752922574652,0.01274060019611142,0.012734568283517798,0.013652867983200857,0.10412626710469856,0.01913194348079031,0.03238422513237031,0.23375423556184544,0,cloud
C000238,0.02141584699180884,0.4111798518561878,0.021184127655231366,0.21655928260508286,0.1799813512610628,0.045918069178455166,0.020365745464091926,0.08339572498807928,0,gym
C000239,0.02006947526956955,0.024410464655923402,0.02155116904760165,0.02029942102453858,0.0503668439675098,0.6113846495470927,0.1871552052522284,0.06476277123553592,0,software
C000240,0.03831057867089709,0.47384185531180323,0.03939611456193483,0.04386239683638035,0.02743817431903253,0.023405235024320393,0.031111467398241395,0.3226341778773903,2,gym
C000242,0.015203502890661665,0.053095744817576083,0.014650196541963582,0.2130817503414051,0.016776873953720142,0.3279205995368139,0.07782330793403328,0.2814480239838263,2,software
C000245,0.008010381984547399,0.014904394710540178,0.012872667214852505,0.013857531531174715,0.03757116957501828,0.0132095980076383,0.03564217384557679,0.8639320831306518,1,none
C000246,0.8084834250745541,0.01664656597026117,0.01615428006986682,0.016448141585857307,0.01853005869390928,0.016418775951779183,0.017028220563196115,0.09029053209057616,2,cloud
C000248,0.06955301496746367,0.01705966872708542,0.61876625297596,0.04480727065426719,0.07563837734829176,0.01498207831576422,0.0693265748298662,0.08986676218130155,3,insurance
C000249,0.03480164798682933,0.04300574133565081,0.04541591297250915,0.044320474810516944,0.04686843362489846,0.04375504850696249,0.04344034347406979,0.6983923972885631,0,none
C000250,0.3795076174690393,0.015805170707931773,0.014587283831822657,0.015276771883404369,0.017240339917796624,0.4132848731453105,0.017196997063481125,0.12710094598121366,3,software
C000252,0.03671697964708133,0.034033108722162565,0.009680579322373307,0.011720252780851634,0.013068041248400702,0.06535300341827405,0.011482061150051117,0.8179459737108054,1,none
C000254,0.04919021811792405,0.05048246621000913,0.2920770854954654,0.052637545381207566,0.053303834032101725,0.05410707887372374,0.24371631712978647,0.20448545475978191,0,insurance
C000257,0.29038014719203253,0.024456640298113987,0.027327092700231925,0.031236768001479814,0.2931510611796176,0.043254163684681185,0.17401994897732873,0.11617417796651429,3,music
C000259,0.03712752221575982,0.019273582608263506,0.15995992571696066,0.01889269704380308,0.5157891462199142,0.019342911523723937,0.05081923742624807,0.17879497724532661,4,music
C000261,0.012124142807764537,0.013552759002029041,0.011558672147538774,0.011714339698967995,0.08214517835417622,0.018853644183488318,0.06340678346549403,0.7866444803405411,2,none
C000262,0.012150607998140063,0.012437847095168741,0.012022430989904668,0.0335260396071734,0.03590596450602602,0.011685633859112806,0.6708335037325913,0.211437972211883,0,streaming
C000263,0.41722844833801676,0.19056194095229118,0.009152490025730804,0.013159469289225092,0.05787053478469863,0.017740612523613513,0.016029058583978545,0.27825744550244547,3,cloud
C000264,0.020834805977524226,0.20374113501768518,0.020626505435244268,0.057808658313115276,0.3870286947845888,0.014707893227918628,0.12933036906026013,0.1659219381836635,2,music
C000265,0.03322220286324494,0.022709116577838463,0.021063309602377914,0.021870697271111256,0.022660514119973572,0.7029789254328211,0.025024931637672554,0.1504703024949601,3,software
C000270,0.06642666785511919,0.03704209247246016,0.0383532083472398,0.03635981433466346,0.17052797017891663,0.04038946579957222,0.07613521620733862,0.5347655648046898,4,none
C000271,0.01776689790252807,0.6564528494188966,0.15167921520765132,0.01728629169209453,0.01730584243328986,0.012196018532279305,0.016879109373476253,0.11043377543978412,0,gym
C000272,0.03898808704534048,0.5991400183189842,0.017949423615859453,0.06561522150627175,0.024190838948180943,0.017353763944626472,0.07241840245840409,0.1643442441623326,4,gym
C000274,0.02397518441196314,0.023253035536656225,0.023160427444261618,0.3575423110210398,0.025065983502991815,0.194237763152648,0.024797470530367287,0.3279678244000721,0,mobile
C000275,0.03234295534070662,0.032968432433908915,0.07528964472983168,0.2691794259290013,0.031973105578810654,0.030518848898851057,0.03141113510350797,0.49631645198538193,3,none
C000276,0.01161104251589863,0.011829633284046778,0.01153878124821133,0.3676902880289147,0.04035496136104509,0.16845211116956382,0.04327690587735568,0.34524627651496403,1,mobile
C000281,0.010693269976721416,0.10916093583869144,0.7416829672199972,0.010935228956598689,0.016919128732148663,0.009196203247877182,0.040356564542046,0.06105570148591937,0,insurance
C000283,0.027617935651052847,0.029352365030759407,0.030932588614463196,0.02804037890228202,0.27807744794581657,0.032769861538945934,0.3080457887819905,0.2651636335346894,1,streaming
C000284,0.027622677872849815,0.027540865261007817,0.02875641993312083,0.6897170643318136,0.02918103531034317,0.027355954146980554,0.028998623936393256,0.14082735920749087,1,mobile
C000285,0.004572193704841885,0.009907405378703224,0.008760445055745648,0.021863502824193838,0.011944904813144414,0.017646820024905807,0.006691978179102987,0.9186127500193622,2,none
C000286,0.01139976060900505,0.011881655040457396,0.007258081954899668,0.26134416773506713,0.5569036723003422,0.03992695783138975,0.04485362957784211,0.06643207495099665,3,music
C000290,0.02720435581837157,0.02895536029288424,0.02586510450566781,0.5908587414738735,0.026146761287251373,0.025848357807493852,0.028282210338406687,0.24683910847605092,3,mobile
C000292,0.30940162726956655,0.027876234354076778,0.026560359572490658,0.02527126001269057,0.02689818069961246,0.046883843346619956,0.02918306542795556,0.5079254293169875,4,none
C000295,0.054340671875536484,0.055003424997098926,0.09406998605540284,0.06614871531921743,0.05544799344657389,0.1257486241076649,0.207149750206079,0.3420908339924265,1,none
C000296,0.05027121535842157,0.17594771895147474,0.05498971457497584,0.05375927354464003,0.06448854304152936,0.059218102481388854,0.2940259026144018,0.2472995294331677,4,streaming
C000297,0.06150288658022457,0.0627580854616935,0.07626230125554384,0.06483093170296338,0.06643616370006218,0.061098222049525835,0.05791139043515105,0.5492000188148357,1,none
C000302,0.05670881179237462,0.05748207127470259,0.062179367941155674,0.05830914397331007,0.060985227583365886,0.09420643385021482,0.059110104392529575,0.5510188391923467,2,none
C000306,0.34987874826434273,0.02425995542396048,0.02394659843720193,0.3951041807246888,0.02684117257933969,0.025272868721060097,0.029304846841076815,0.12539162900832948,0,mobile
C000310,0.06565000633861892,0.012388610911059564,0.01978981560037901,0.01662945466265663,0.00863595765163582,0.009715679251774812,0.02174513593386217,0.8454453396500131,0,none
C000311,0.04047202084900477,0.027895055889860795,0.027174363883233667,0.03275996400262434,0.06184956748821142,0.028827433638062366,0.0643436966586172,0.7166778975903856,2,none
C000313,0.026074899194046115,0.025872012247379592,0.024330717988498115,0.05791455970834233,0.15841466555486394,0.028702287791598217,0.5369142903435604,0.14177656717171128,3,streaming
C000319,0.4154694794049374,0.05676529901586148,0.012294475103904086,0.2505700784000562,0.012033641323615715,0.006295204599323204,0.043803573106527174,0.20276824904577473,1,cloud
C000322,0.018119281074412453,0.02542902585102115,0.015714121823394513,0.015736036255138277,0.7270148066719206,0.01640257194421346,0.11835261083553733,0.06323154554436212,3,music
C000323,0.07743389278331245,0.008727761481734174,0.8198525853297058,0.00790634279668207,0.007880323116909437,0.01835786385534044,0.007829998866392272,0.05201123176992333,0,insurance
C000324,0.011990209580407658,0.01520897757776012,0.026437440456536076,0.08887237724204222,0.019849224769939052,0.010872151267328737,0.020184774005811895,0.8065848451001743,4,none
C000326,0.038391873642775534,0.038916194119853656,0.036491162240185185,0.040075849733784,0.5897418155725366,0.03679653653075561,0.06930541997691993,0.1502811481831895,1,music
C000330,0.11064878649830412,0.38917370403265894,0.37648554120993005,0.011303749146997373,0.009099051027764609,0.009154543071409081,0.05086589778524277,0.04326872722769303,0,gym
C000332,0.011301562794871536,0.012083459274010484,0.012221849073430015,0.13001927744054667,0.01600234139678258,0.04995042584527413,0.013362551338546537,0.755058532836538,1,none
C000336,0.01817340729346252,0.009540368578320373,0.05387761399523104,0.06879269706563235,0.18103310144733176,0.02441694708564354,0.5736045138079711,0.07056135072640728,3,streaming
C000338,0.35097926230423715,0.00991542105029992,0.011845233150480127,0.007996712868558638,0.011967470711028617,0.01389274821823449,0.01116616362340305,0.582236988073758,2,none
C000339,0.21531296364577818,0.026309982923728725,0.025885080181387854,0.02625682587134357,0.02766214439880095,0.3452253407428596,0.027563748852009788,0.3057839133840913,0,software
C000342,0.03759161954266732,0.02680685717862597,0.02564286495014992,0.04742451148388402,0.02026460270991457,0.6323145579496425,0.017016030306154492,0.19293895587896118,2,software
C000343,0.2395494510309511,0.3720719457487699,0.026740224342245794,0.11120035048686279,0.02484145172920965,0.017884580755160008,0.024566872873015195,0.18314512303378558,3,gym
C000348,0.2571466280484495,0.027999635878756257,0.2959562487734727,0.031889046470237874,0.07950235839382994,0.02699784538213846,0.0743682705168542,0.20613996653626104,3,insurance
C000350,0.12887731300959265,0.022568150291248784,0.022449914227901643,0.021867732573026103,0.33332866248053306,0.2860083040151048,0.059835461922512566,0.12506446148008046,1,music
C000351,0.02099581875797687,0.021433117412633013,0.025361493453361892,0.020012634290753693,0.02054157581265286,0.7415462411031097,0.02312905534907633,0.1269800638204356,1,software
C000352,0.024375170604838115,0.02219287445410798,0.02376145327517972,0.02238225918152094,0.23692036825417412,0.033444070444954434,0.511773264187319,0.12515053959790562,1,streaming
C000353,0.06221275270796845,0.03161788141749579,0.032506493501155004,0.22560514398674375,0.014045044031897056,0.024320523868153632,0.028920552266895827,0.5807716082196905,2,none
C000356,0.013742588071648371,0.014030919446903767,0.11317791134653594,0.7365878674316599,0.014401513395757168,0.01445745429445289,0.014434865243864937,0.07916688076917694,2,mobile
C000358,0.4629080210800631,0.058579712356102334,0.05951999049877205,0.05496283796412216,0.03578203763374272,0.10723537379077919,0.034881693171788415,0.18613033350462993,3,cloud
C000361,0.2393551163527231,0.01640464608269759,0.04570108988484067,0.012285329654035277,0.0060059459954315275,0.4341144453849404,0.00909529615706135,0.23703813048827005,3,software
C000363,0.02260505162137362,0.018427972875101006,0.017933080550841106,0.32994195010460853,0.018204271799549032,0.4767011338653581,0.018171443496808874,0.09801509568635978,2,software
C000364,0.03373919153390749,0.032615269345642614,0.5154875069403695,0.046504661559188656,0.03204230925424729,0.024747181913975187,0.03261403354750248,0.2822498459051668,0,insurance
C000369,0.02615460002333641,0.04813758565045549,0.18141300872596008,0.030685114606702885,0.02764081122717118,0.04403944479735767,0.017744685375886072,0.6241847495931302,2,none
C000372,0.022709968264516295,0.027434399880638526,0.02617559024218059,0.027570717979020085,0.026785766126618052,0.11153396227350401,0.07598926668764378,0.6818003285458787,3,none
C000375,0.04099799551616998,0.019997314670503624,0.31900086446463505,0.019611653201063194,0.021010693595122202,0.3814674600433046,0.02091319951484488,0.1770008189943564,2,software
C000376,0.031172704725500648,0.07363011954928747,0.04592595719842821,0.3605543475403516,0.030003165695826603,0.2019281083325849,0.030930655793634333,0.2258549411643862,0,mobile
C000381,0.07134865169131543,0.023394032269496337,0.02212923498160228,0.41792519222904,0.011217337215243265,0.1575343712107503,0.02791626988329035,0.268534910519262,4,mobile
C000382,0.015098174419351726,0.07472220441359753,0.015812215808961028,0.6258232701843797,0.07133878614355313,0.0835567874132578,0.018539349056200527,0.09510921256069851,1,mobile
C000387,0.017564547763915344,0.017626286790363852,0.038652669011311445,0.014181596864485396,0.01081707471078138,0.01594157440617406,0.03841368927156474,0.8468025611814036,1,none
C000388,0.020064988365156154,0.024726242652621303,0.021860231415071027,0.02567700186057381,0.05619858601327638,0.0792710099761447,0.01970133176040091,0.7525006079567557,2,none
C000389,0.03512484209442335,0.04644553530882608,0.04004895482560241,0.04103955946157335,0.12144908042282206,0.08478153715433803,0.24688789850607926,0.3842225922263355,4,none
C000390,0.018522370890029713,0.022225143641957715,0.019863305661633655,0.022354912359017768,0.29898834437252186,0.02016220312902571,0.4759387128069756,0.121945007138838,2,streaming
C000392,0.029359708447373796,0.03095193151659764,0.027918381368303054,0.028442279637326224,0.11665013969102692,0.04184346580032296,0.5797228842594724,0.1451112092795771,3,streaming
C000394,0.0370600448753024,0.0335608206138055,0.03423883975701801,0.03258613280473989,0.12751237154695627,0.03515537952988179,0.07850131692145745,0.6213850939508387,4,none
C000400,0.03593961325331734,0.01657837367560547,0.016977816688200878,0.019326385310584622,0.01635700996756726,0.02927365303370003,0.021862589777010253,0.8436845582940141,3,none
C000401,0.048373668688415056,0.022291802247527557,0.0232645369827741,0.02777309236041728,0.020768218200913,0.034132025162241696,0.020872579565125282,0.8025240767925861,0,none
C000403,0.03439698916136415,0.036019082034043144,0.5413293537695534,0.036413319824500835,0.045175375679321325,0.1647114228769423,0.04282324139948,0.0991312152547949,2,insurance
C000406,0.02112963105501433,0.022753163953133516,0.022268153079375793,0.1389735177639509,0.20029779447844875,0.012358296847272448,0.4444416905808847,0.13777775224191963,1,streaming
C000407,0.014665361463270524,0.40189062645812496,0.015274721156673311,0.014414947041519145,0.1999907432294381,0.016059248284422043,0.18708724911545277,0.15061710325109923,0,gym
C000408,0.024528179241450915,0.025157691213905334,0.17033406062466738,0.024981120450469674,0.02872688788695845,0.028360684358586782,0.02801056287313062,0.6699008133508308,1,none
C000410,0.035128851813128116,0.37823795263545124,0.04124974092295619,0.16331091383818677,0.04629894929001115,0.013868010097806726,0.053107640604760115,0.2687979407976997,1,gym
C000414,0.03430120594928616,0.03617948718155322,0.03447412755902441,0.08833321606793262,0.03134288734572522,0.03631014246241329,0.06142728171715178,0.6776316517169132,3,none
C000417,0.019105246459951347,0.019663977142685515,0.01965637970061089,0.19416499245449895,0.07304777834597367,0.01896615955175055,0.5848706282823184,0.0705248380622107,0,streaming
C000418,0.03232401399356634,0.04168740693783435,0.03418867376468918,0.03685763086422984,0.03598715882102861,0.5052354984974994,0.04260164432700988,0.2711179727941425,4,software
C000420,0.01658137459608346,0.3313281066596543,0.016840222711184752,0.019723423515224495,0.045100690368664625,0.08576253774120442,0.11101342218840038,0.37365022221958366,1,none
C000422,0.04019785142484071,0.03953365221616948,0.04272043567427279,0.043616543777046685,0.06549118196150122,0.027660481721978773,0.03549976253111753,0.705280090693073,1,none
C000424,0.020450290106254064,0.022802162736213265,0.022904238904799402,0.022708280334549753,0.023202151630316484,0.7256871487347933,0.022693947840115775,0.13955177971295787,0,software
C000425,0.22383707802219693,0.022315291380391483,0.022098121636612872,0.025313784603204936,0.09234432604851789,0.0618814238406743,0.4650625151658263,0.08714745930257524,3,streaming
C000426,0.018433061657270627,0.7075565620775703,0.018343783649533776,0.018445505829130127,0.01730606555660283,0.016775779495435794,0.017659404686381913,0.18547983704807455,1,gym
C000427,0.014252064788628298,0.014876012572534666,0.01289130949781524,0.013513635956394463,0.03797174228079546,0.07800533027473722,0.161475005008553,0.6670148996205416,3,none
C000428,0.05222802954097028,0.028916158061108952,0.029455997531697073,0.02792751757230399,0.029395490517611374,0.038489881104884244,0.06594619049038561,0.7276407351810384,2,none
C000431,0.013469268045470693,0.6576725404371553,0.06889825798723853,0.012398200069266965,0.048206449090515656,0.012016929833576889,0.05108618017032854,0.1362521743664474,1,gym
C000433,0.026126062818612406,0.02881778787128897,0.5537225865535336,0.028097575007447126,0.01312849953166248,0.11119588055930729,0.011841766684849434,0.22706984097329874,2,insurance
C000434,0.08129685946938005,0.08940940063681097,0.08540526866213459,0.08367244727898224,0.08580888424695714,0.0872669082477615,0.09416654962235249,0.3929736818356211,2,none
C000436,0.5651027260466548,0.016035126164801745,0.1217889674952433,0.041290821275634236,0.011827477698504174,0.19424412931438836,0.006907164549802418,0.04280358745497095,3,cloud
C000437,0.06127469477089613,0.06148094621492804,0.16464154144359536,0.06396204964092728,0.06623782917597262,0.06521365338715027,0.0631678095613583,0.45402147580517205,0,none
C000438,0.035065017467424645,0.46988131566987057,0.014759593098680924,0.016265572974260012,0.017928810657921943,0.07367391824116774,0.20160298423070425,0.17082278765996994,0,gym
C000443,0.2574968968985449,0.014942812241924966,0.6058916647474117,0.013845445137674568,0.015975944683753657,0.0136797071387958,0.01570440501323594,0.06246312413865841,2,insurance
C000445,0.13968404871278006,0.031202715344890254,0.03147193866777377,0.030363130700256938,0.04465149403017031,0.3233114277113636,0.049855945214192995,0.34945929961857203,0,none
C000446,0.030000230907753996,0.02916324540111573,0.2448088202868302,0.03340154569359557,0.31605181094254864,0.053878167862772774,0.13439259357501113,0.15830358533037198,2,music
C000447,0.011649680789268379,0.25867773672044275,0.5290166821967358,0.008983123734559973,0.03181069050472241,0.013198908208580348,0.09403139607477672,0.052631781770913585,1,insurance
C000448,0.12122451837071964,0.013919593198173616,0.012519986572916189,0.010938163122799664,0.6583143657448911,0.007706709209528867,0.10730816938677731,0.06806849439419352,1,music
C000452,0.037856406647648874,0.616652206589582,0.008753257355391914,0.008566182730653103,0.051801194689509306,0.19463022582716466,0.04131229772084608,0.0404282284392041,4,gym
C000453,0.024202090631262014,0.024104971182060935,0.4029347272704118,0.027675924319754595,0.14696374197434037,0.05568879038557457,0.21727589163966812,0.10115386259692759,3,insurance
C000454,0.04337180208615509,0.015677367295320575,0.3490371596993817,0.012783710506499475,0.014300001068138165,0.4848610939504028,0.01579546765037654,0.06417339774372569,4,software
C000455,0.02722237639890348,0.4016106678086031,0.016051981558872414,0.36954933954013347,0.0161219765317402,0.016148702435342575,0.016563434345001002,0.1367315213814037,1,gym
C000456,0.026113337873682634,0.025567457768455284,0.025524714334518313,0.024324157277367205,0.0456610393903544,0.007886663491424806,0.6527271027381217,0.1921955271260756,2,streaming
C000457,0.13619244164905722,0.016914784461392742,0.629983120177539,0.012131896850219339,0.012675194365591782,0.012452178078061846,0.012610931450741174,0.1670394529673969,2,insurance
C000458,0.026193308094261257,0.15164924617459358,0.20871250146716247,0.026246989717588938,0.23246202020521248,0.024595829292589577,0.026520147026753087,0.30361995802183867,0,none
C000461,0.025203143531632367,0.022054580734819272,0.7730721140914008,0.021412465673357382,0.024352439279253534,0.0221591392927963,0.022188980246754003,0.08955713714998642,2,insurance
C000462,0.021382214994695836,0.02106495894497258,0.12199060856966691,0.02211967363324452,0.09251047200311815,0.5240137702187858,0.07754980488676498,0.11936849674875127,1,software
C000464,0.025674897001009916,0.02620764192383824,0.023017211729990904,0.02310264980872752,0.21445967925638212,0.10299608562326207,0.11498797086598356,0.46955386379080566,4,none
C000465,0.16716139575060923,0.009577766944469882,0.5594162887841523,0.10930542500380963,0.009739525817796395,0.009560313406332748,0.03701952141223852,0.09821976288059144,2,insurance
C000468,0.015817868280675294,0.016333196083324217,0.5985731005861976,0.016385796322446678,0.08793486554213117,0.12477528897699244,0.0531999197404011,0.08697996446783154,0,insurance
C000469,0.013294482278874677,0.01435777372267176,0.6343120137030893,0.1984510013484448,0.013814084536452458,0.013690717433487383,0.014817742661015028,0.09726218431596455,4,insurance
C000470,0.04488777657667803,0.0523429078802924,0.2826248756195812,0.0512346682730817,0.0501663341320362,0.051567782797735405,0.05906675648942228,0.4081088982311728,4,none
C000471,0.026471831508897245,0.02644136323119755,0.0878629367846571,0.026564626247663835,0.027534489749268205,0.51498400963225,0.028253554215873375,0.26188718863019267,0,software
C000472,0.05855385379159442,0.05577212601942669,0.05778877054824064,0.06204303997207414,0.061966807649426824,0.060701508513188375,0.057163335018264094,0.5860105584877848,0,none
C000473,0.017696966218808577,0.24008357627085503,0.018024104819315677,0.10459582617541177,0.20129760812139857,0.09251016728096874,0.147669125450604,0.17812262566263756,2,gym
C000475,0.029675342956870413,0.029224595521081795,0.2513201328106847,0.49952579729379654,0.03003222865916004,0.0298587974328745,0.030165030084061836,0.10019807524147015,2,mobile
C000477,0.022042005381194205,0.23662437555542704,0.021568893713768265,0.022226555823876077,0.04528290072276127,0.1268687726881521,0.41021946932125786,0.11516702679356312,3,streaming
C000481,0.2081445967874091,0.27731819476575026,0.04951937699444078,0.021074189589920588,0.07060156041451447,0.014849891559496887,0.07377756678914058,0.2847146230993274,1,none
C000482,0.01747841469414626,0.021109424303689592,0.008531076063909003,0.018380166646012212,0.06628440679318733,0.01980390476948631,0.056202416148466154,0.7922101905811031,4,none
C000484,0.012288740069284022,0.01146533289775933,0.011783147680964261,0.018297966838561122,0.0590355661069459,0.04975220448447374,0.050870849283174424,0.7865061926388371,2,none
C000492,0.14139791423380416,0.44386137718406715,0.09206976250644872,0.01894198163380012,0.05857392501977577,0.08508111249622377,0.059688913024396086,0.10038501390148416,3,gym
C000493,0.029049310423514465,0.03193468708393846,0.029392579924827533,0.057205014639572366,0.25503501990384436,0.0515478744621256,0.35732213372760635,0.18851337983457092,0,streaming
C000497,0.0128154811290657,0.01693326722693591,0.025988685044957428,0.2053887991503786,0.053324263423759406,0.13463347804312206,0.20750631531766964,0.3434097106641113,3,none
C000498,0.15565087137718847,0.02259372988554697,0.022062547296703927,0.5083446324820416,0.09407247202052635,0.0482792615150055,0.022046120068060122,0.12695036535492712,1,mobile
C000502,0.018006914502308267,0.01704052062387291,0.32801174601360444,0.022455263320098572,0.22349909889223046,0.015329434096842329,0.2953223585934402,0.08033466395760283,3,insurance
C000503,0.1505612366006816,0.010642956686683138,0.027750120180978277,0.010805352956718115,0.02200027448190986,0.024412511070420907,0.028203896325873307,0.7256236516967348,4,none
C000504,0.006364727599006202,0.01697568018812535,0.011985880557494067,0.014210708430438751,0.4678569139898598,0.16922706334892973,0.03914826011206264,0.27423076577408345,1,music
C000506,0.015228424478237003,0.013654854297160506,0.021014105957778632,0.014256966558173323,0.2503031568650672,0.5570576442179732,0.06230873448391082,0.06617611314169922,2,software
C000508,0.009834471958836589,0.21974456713731536,0.009097316447707638,0.009378051464356395,0.026622927870578735,0.006856568757707041,0.01410952220747469,0.7043565741560236,0,none
C000509,0.021299044192675552,0.25253264897228817,0.020116444023525484,0.021385217394294036,0.06053427561537072,0.1294955961368221,0.3869780653094283,0.10765870835559564,2,streaming
C000511,0.026376176636218655,0.09585081815205074,0.023214948029307174,0.34721952869572814,0.02543195233794853,0.30146988084740045,0.02098035335536431,0.159456341945982,4,mobile
C000512,0.019681500376848165,0.7396898102608985,0.020510238700819354,0.01889368354817269,0.020359778296735305,0.020122163606088903,0.022192060523451802,0.13855076468698513,4,gym
C000513,0.1604521373397408,0.08517770969571242,0.0823406656885292,0.037699539006617044,0.032781904228688624,0.029740307279927235,0.03810895123580696,0.5336987855249776,4,none
C000516,0.024357846155701666,0.024145187977517944,0.01678333769728495,0.011552402566965932,0.34594989875572957,0.06878218207864584,0.27268642453543135,0.23574272023272286,2,music
C000518,0.35743642557018174,0.0313559784170364,0.031212718674005026,0.10967162496499282,0.1052892398919205,0.19659172378326975,0.05878346286663161,0.10965882583196213,0,cloud
C000521,0.0918413486640356,0.4048201429686408,0.01316340113187422,0.012969008120985052,0.14038876394607816,0.03464112058453006,0.2314295605813106,0.07074665400254555,3,gym
C000523,0.38449957948679525,0.36816700981186434,0.014707418962482163,0.07772624043593973,0.016590398309200012,0.04619700365977859,0.017799061524996655,0.07431328780894328,4,cloud
C000526,0.02921105560394888,0.02010136534609062,0.01892737856432082,0.021402252934775955,0.03845664838584696,0.11816424357376121,0.04109785583838347,0.712639199752872,4,none
C000529,0.4697267408386778,0.028121713070476208,0.027662453103841512,0.02536320868543955,0.025983700059628148,0.2804037715790145,0.02928153150684152,0.11345688115608071,4,cloud
C000531,0.019945418400771898,0.020965831849411257,0.5080578606026264,0.019670569775807372,0.04566874432275521,0.19958262001332783,0.058053725806095954,0.1280552292292041,2,insurance
C000532,0.4129934916941107,0.020785379064219928,0.017628050315351886,0.30371542714829725,0.020025887261062622,0.051177731431771234,0.01984277514464921,0.15383125794053715,1,cloud
C000534,0.21504905862012302,0.0077483706347830205,0.31079876649757554,0.007242414664723279,0.3539447228537161,0.010295732587023591,0.06337783652442927,0.03154309761762616,3,music
C000536,0.02419616278633916,0.010971720631239485,0.5341788108005893,0.10384254794216774,0.06712439783745923,0.022424689157768123,0.030622415466407225,0.20663925537802968,0,insurance
C000539,0.00524054021678583,0.1316380728129714,0.029557693755346216,0.008595500564606342,0.022972479632622462,0.004539246199947143,0.02527888188990961,0.772177584927811,1,none
C000540,0.031243698093702206,0.02955586192414394,0.07431378285332674,0.033739463774533775,0.029843042245137723,0.05952584664530146,0.09304146054352055,0.6487368439203336,1,none
C000543,0.015283323676619626,0.25440955177907676,0.02982275256434622,0.1650264428931817,0.028840419109063535,0.022831669419012147,0.031444923774111316,0.4523409167845887,1,none
C000544,0.08393779392991826,0.02327700700562336,0.028343121099864442,0.023166582802710153,0.023738855277673263,0.11013452208192037,0.023803778145877197,0.6835983396564129,0,none
C000548,0.041199008077370966,0.028297470503125338,0.03015402832556165,0.19617353139622495,0.3509798947232776,0.0634466485356183,0.08735995424534071,0.20238946419348042,4,music
C000549,0.15818848311787545,0.022123602837670613,0.02230879375675401,0.11587532325344024,0.067977935321445,0.24221363558517897,0.05683422301540592,0.3144780031122298,0,none
C000550,0.039342851779997016,0.040402520567390236,0.04559760045808106,0.04030150539046402,0.04270298702882549,0.0434733962725689,0.07504340859603381,0.6731357299066395,2,none
C000551,0.03239363823682432,0.3855803096973792,0.32601113852463937,0.03936438589002339,0.03320144415308748,0.034072000672454805,0.03417249778743904,0.11520458503815242,2,gym
C000552,0.03289093469049634,0.033799449223737364,0.03311346431563771,0.041520962078788144,0.04295945737033014,0.031104856065165522,0.041881943214400336,0.7427289330414444,3,none
C000555,0.07497388006534159,0.03161647664143853,0.0330392606806382,0.0729066635858604,0.07079702295488408,0.04383087787383926,0.1613483214271514,0.5114874967708466,4,none
C000556,0.030307356228580423,0.031135419792679503,0.03021377513776275,0.03014709423454391,0.03565201945549499,0.48772433659057424,0.03937299169842912,0.3154470068619351,4,software
C000557,0.12999601586059992,0.03847499943673299,0.03684389000506321,0.23613531892500164,0.03843292034219014,0.10538468998331987,0.037816735329893776,0.3769154301171984,1,none
C000558,0.03314793126062213,0.033791766615604193,0.020477099165962673,0.03276699433803419,0.03640442720874795,0.03440616960605086,0.03312927019463008,0.7758763416103479,3,none
C000559,0.021660875648575235,0.0511205142536212,0.044328000522510506,0.32173817215454037,0.014784411011731665,0.34400103644299085,0.048222510662538534,0.1541444793034917,1,software
C000561,0.027918896332149078,0.028411635433402225,0.030737806104542728,0.027627540366837476,0.03350686650926165,0.03218371725970512,0.03179604436163665,0.787817493632465,1,none
C000563,0.009061974679088447,0.010112953561157878,0.008917908881818313,0.741820716153083,0.026130831383269403,0.11906268935337015,0.027836354409415183,0.0570565715787975,0,mobile
C000564,0.02081651734513014,0.020742454021012928,0.01958304103321129,0.06269895686204047,0.5285480751640343,0.015905358242886747,0.22290137225455275,0.10880422507713129,3,music
C000567,0.7694872013061456,0.020398089945074693,0.020833895008563624,0.0205682861527994,0.020939433178098717,0.022343289406010738,0.023607784672692693,0.1018220203306146,1,cloud
C000579,0.04912276023675198,0.19173810533893568,0.0486547946640246,0.24471249802994385,0.031201490016228052,0.04873238886129652,0.04285705193797458,0.3429809109148447,1,none
C000580,0.4737661460426551,0.014581600306474634,0.014080548375962988,0.266782778213089,0.014383020858386157,0.05574793497798232,0.08609602352166557,0.07456194770378415,2,cloud
C000586,0.04067559924182548,0.04025392427045073,0.040268405294617546,0.039082120662999376,0.28271740630152686,0.04362196707715005,0.29937337345054926,0.21400720370088067,1,streaming
C000587,0.014756598581128075,0.20827940363705338,0.23286708120901717,0.016861109383533787,0.03329035871916535,0.36194147331043497,0.039380423536392165,0.09262355162327501,4,software
C000588,0.03788076979619721,0.02989111141086854,0.031875499512029344,0.029081957415895535,0.0334837756419431,0.03061373814347929,0.028685886746199582,0.7784872613333873,3,none
C000592,0.017635001671595162,0.013229037044846993,0.012352729974841967,0.23913005976124924,0.42656660327800555,0.08306522046351418,0.12111665370883337,0.08690469409711359,3,music
C000596,0.2751674086526004,0.03132565763615205,0.03942907684364665,0.03304717250939739,0.034917545157765316,0.03845857966185407,0.03675373670944853,0.5109008228291356,2,none
C000597,0.051772887250168896,0.047185387751808486,0.4046898823303324,0.048040502330730664,0.021493057025842276,0.18673890511084662,0.045055553975767916,0.1950238242245028,1,insurance
C000599,0.04287430735409554,0.03775137873910505,0.04013358973183672,0.40964065912876035,0.04137812149192707,0.04086543103742596,0.04711865286017393,0.3402378596566753,4,mobile
C000600,0.05157478721949233,0.014721159464184418,0.014673791837956867,0.01477246684197096,0.12544850903766885,0.04935971769582691,0.33340278778028476,0.39604678012261485,0,none
C000602,0.08409802541763634,0.01601000772024435,0.041158204190926063,0.015470073109942884,0.025993324609235046,0.014666597789854744,0.018274086560031395,0.7843296806021292,0,none
C000605,0.08666555931383682,0.013320986032796491,0.012497546916738312,0.7280939286795373,0.03143703627396339,0.06934366824539274,0.01364161652877154,0.044999658008963446,3,mobile
C000606,0.028876891440198185,0.027491455804791395,0.02629808914323865,0.02825286841728769,0.20123338339370483,0.030601414384965483,0.49371689612309866,0.1635290012927151,4,streaming
C000607,0.6973655718322556,0.015156133805004138,0.015741907321714606,0.01418385597977245,0.016640415243387486,0.051684197370349946,0.016489179758454257,0.1727387386890616,1,cloud
C000609,0.6235270653096073,0.021515734485957245,0.06608843677637982,0.018341436131886178,0.08646536935205526,0.02143454775641298,0.10372760705239001,0.05889980313531116,4,cloud
C000612,0.029681600422943488,0.6546247170588606,0.07968169100088637,0.02613440814910567,0.022443046589934124,0.02415797545935333,0.024414639768105408,0.13886192155081095,4,gym
C000615,0.01596601524416328,0.3707374399794924,0.015264912661563693,0.017329248582972166,0.04886119188564951,0.2154409724669331,0.20150091322555846,0.11489930595366737,4,gym
C000617,0.021542473979567666,0.027924560115150255,0.019500124064180207,0.024611138846655577,0.02121376230994813,0.005954297103908984,0.029013024631429348,0.8502406189491599,4,none
C000618,0.019997943710583017,0.021252270292382386,0.018981839724310074,0.016886710501308244,0.023247159918768464,0.7669791472895304,0.02003931990121156,0.11261560866190583,3,software
C000620,0.017631497411166056,0.021753697023796058,0.5535496547412238,0.01880872409032059,0.022516113348672068,0.022107030604422116,0.2500764160776538,0.09355686670274556,2,insurance
C000621,0.25067216826364086,0.036537802323019064,0.03598616903408397,0.0415827462518862,0.029313327863666402,0.023812631782807965,0.4167008591104343,0.16539429537046124,4,streaming
C000622,0.02166237621751921,0.02089314890202549,0.045065680428979266,0.1615145055494522,0.07008454604998382,0.08458727345372272,0.21970623238092746,0.3764862370173898,2,none
C000624,0.0538781791462979,0.05352924139956844,0.05627040831593497,0.05394201744119399,0.05580562881461544,0.05686842970481515,0.05433799944042275,0.6153680957371515,2,none
C000626,0.2446625570935601,0.014186335159486873,0.014897973505413102,0.013852778763298622,0.03455145326875442,0.10366581568375383,0.5044565088700464,0.06972657765568659,2,streaming
C000627,0.018640731983897124,0.019803136008770053,0.015451424474141376,0.01191175218046298,0.014687774158515354,0.02158398686892527,0.015070329219150299,0.8828508651061375,4,none
C000629,0.6865710482163951,0.21430727620817044,0.007904505698180055,0.047792359563837226,0.007841005304162324,0.004565735376838571,0.007511010469602126,0.02350705916281415,0,cloud
C000630,0.03319939341377822,0.03349253286353206,0.03367910278178249,0.03347191914126281,0.0358064863501459,0.21776950384780036,0.03440365080365826,0.57817741079804,2,none
C000633,0.023557980139619274,0.23684397848803757,0.01926463817274352,0.019227311121741593,0.014052060702580173,0.00915734708663479,0.011252925330485664,0.6666437589581574,4,none
C000636,0.109300522333133,0.011688196916917424,0.7642508117708819,0.010699767757846942,0.011029169734484456,0.01847474975614677,0.011272139921327886,0.06328464180926156,0,insurance
C000638,0.40848978441637984,0.1319335875037886,0.014132698859823196,0.015609890105025236,0.014511888633960107,0.2150841343398564,0.014753040700246724,0.1854849754409199,2,cloud
C000639,0.015761527747165115,0.016329260606300005,0.038627544823868765,0.016046008202930114,0.02504603957661445,0.01679407554254818,0.04994387126044058,0.8214516722401328,4,none
C000640,0.017775315681569384,0.017631333464466062,0.8002267218603255,0.017575195479775353,0.016748817819767073,0.016342010309416146,0.016218676184045835,0.09748192920063463,0,insurance
C000641,0.014389665334852367,0.035224493798118685,0.031099176612763964,0.09418037381729498,0.4584049832437267,0.040221882669926975,0.12412610482059634,0.20235331970271997,1,music
C000644,0.25622966123215907,0.0289125394373562,0.02350587323015546,0.02409617439334206,0.11115313641864458,0.17543758476103494,0.27668443925019903,0.10398059127710862,2,streaming
C000645,0.13639416111147354,0.5117733220182044,0.20657584704298895,0.014935299497558724,0.016528630305247986,0.015038027307355935,0.0168128815036152,0.08194183121355529,2,gym
C000647,0.18508643998131244,0.03952071808018756,0.06517158624160108,0.4286434811797293,0.02445809138652763,0.038158562981424976,0.036874556647122705,0.1820865635020943,2,mobile
C000648,0.01677073169613021,0.10241628476842099,0.014938649589112316,0.017207073108226403,0.5474194535790143,0.016477775749571835,0.18352650878547605,0.10124352272404782,1,music
C000649,0.03772145159792731,0.21313003613124293,0.02007639268070156,0.21289389252841853,0.21099619227652028,0.02512736116425554,0.08482825534053151,0.19522641828040233,2,gym
C000651,0.029502983154388505,0.020339656002178443,0.01887421992533484,0.01585150924952912,0.028179541243710412,0.5825133427725155,0.23806765009420439,0.06667109755813883,3,software
C000652,0.18646970655748768,0.022636466049559725,0.20362146328201447,0.07350364061719233,0.11572081442102505,0.0506897085326172,0.23481928636174598,0.11253891417835755,3,streaming
C000657,0.061008578955669315,0.03605321127656116,0.03783686336771712,0.04041261131467462,0.16254663923064908,0.03603571832402973,0.4689825023423493,0.1571238751883497,4,streaming
C000660,0.007745195551481795,0.008148638439293142,0.021581889136615247,0.027784486295964694,0.005466997301113748,0.004425599978065018,0.005515724126572619,0.9193314691708938,3,none
C000665,0.046019415458503674,0.04176734026583539,0.04249045178630048,0.47815726295591876,0.04575952420242346,0.04640623586561106,0.04552948584630137,0.25387028361910574,0,mobile
C000666,0.03063444713892466,0.6246502492553925,0.030058131540923502,0.029125079660194536,0.029570331535890063,0.02913900309436499,0.04742861965507025,0.17939413811923963,0,gym
C000667,0.33263406858416217,0.013186344734976978,0.2623110013330508,0.26649849291906874,0.013314079714225368,0.028846897393340815,0.02557858715677383,0.05763052816440129,2,cloud
C000668,0.040254555834752376,0.04064208652239684,0.04663480342780221,0.03929937065494277,0.06583112272058193,0.041401129691280805,0.5369534857976372,0.1889834453506058,1,streaming
C000669,0.011655074193471652,0.011908168766844368,0.011271976010033437,0.015007103998280006,0.06071351203740537,0.008293906926984538,0.058768607023069123,0.8223816510439115,0,none
C000670,0.018524674563270314,0.014099925469927135,0.3435795643153654,0.013440951920681812,0.03948756501515156,0.016165374201577484,0.4060735350121747,0.14862840950185158,3,streaming
C000672,0.16948025442170814,0.019972139266195534,0.02027824735486232,0.02232075992793483,0.08182294774794271,0.023985896075040203,0.5603205999005278,0.10181915530578846,2,streaming
C000675,0.017367214037609623,0.024379603081960285,0.024174080966803943,0.02490793344702471,0.07030570794149942,0.0232458681307888,0.4681713008693863,0.3474482915249269,1,streaming
C000677,0.04421507720093321,0.040582547842123076,0.04273709146412648,0.04298781996390279,0.04615685122019232,0.044886777441391794,0.04258014808584755,0.6958536867814828,0,none
C000678,0.019414434376598576,0.01949991036992744,0.01811445494025881,0.6696733226143827,0.14420712297345606,0.01970355708236635,0.020024625647224296,0.08936257199578572,3,mobile
C000679,0.25378187958097803,0.06784474739562955,0.02438140464541963,0.14862028349488185,0.025929806819171737,0.044659948717489545,0.3114461779674039,0.12333575137902572,4,streaming
C000680,0.24018464713708604,0.12432649909116064,0.024484180939760847,0.19306960851327606,0.027089652608551486,0.23635124954612657,0.027359101067575775,0.1271350610964626,2,cloud
C000681,0.14576716929910188,0.04744984883512595,0.047168786757091984,0.050862124953930374,0.04930316038296117,0.07877918224289668,0.23795463016480564,0.34271509736408634,3,none
C000682,0.28490581099592466,0.10679655721651915,0.40225578433117715,0.009181811857911545,0.04414727513426042,0.0256424570952053,0.03299753416654909,0.09407276920245274,4,insurance
C000683,0.18934240789800577,0.3692690377443709,0.021090477317301796,0.017900058964190127,0.02188680450067771,0.029232913957835824,0.202857599927318,0.14842069969029986,0,gym
C000684,0.22174627888649776,0.0734342900800695,0.009552684561325618,0.5791463997313955,0.009380207931853679,0.009600239613285625,0.0291440551957155,0.0679958439998569,4,mobile
C000694,0.028830779557239346,0.2104955127859899,0.01397276577171052,0.01271100719787522,0.0314828572545756,0.012810117083429195,0.03340224743462335,0.6562947129145569,1,none
C000696,0.03717404454297506,0.04991051853147756,0.03874276105121002,0.03670998881265644,0.40454633012359276,0.03717245430363339,0.09949359095339841,0.29625031168105637,1,music
C000699,0.011231451131037276,0.0729437254194383,0.010438441734078752,0.010719802920138183,0.15377942388742533,0.007036725819948752,0.690319847713125,0.043530581374808315,3,streaming
C000700,0.022020887222038134,0.023828782116565445,0.24823738256809028,0.026737652953035554,0.38747711579149624,0.1006575041204704,0.11142850456363215,0.07961217066467173,4,music
C000701,0.037305222841269095,0.3755395871781054,0.019761454924422696,0.020294473802666337,0.15764223746823097,0.020351689814739855,0.13637899902677747,0.23272633494378825,4,gym
C000702,0.015423727534159484,0.01636216586716073,0.024784180053219418,0.014951092748958396,0.015329646112059227,0.016864678287925868,0.015064842154415746,0.8812196672421012,1,none
C000705,0.018127146672458423,0.010540074834867809,0.01901241722960935,0.02040953910339001,0.16606714377276266,0.018327830096923448,0.16228187048747936,0.585233977802509,3,none
C000707,0.03256424356372579,0.01956656667760833,0.08511908658950584,0.024233676346713917,0.0222601522299182,0.6809046852555607,0.022571170067471925,0.11278041926949516,3,software
C000709,0.00824024477352896,0.0081224568104049,0.09733811087571895,0.008201128192215008,0.007917987284392516,0.27859467006136407,0.003977544982556357,0.5876078570198193,0,none
C000712,0.08832889424165546,0.06181189542409242,0.027253588422221253,0.02713995973074477,0.5600041873561227,0.025708788204409246,0.12374047358694754,0.08601221303380661,0,music
C000713,0.008938907598727513,0.07520814684163028,0.009132555112415737,0.04001738846656555,0.17099462654089503,0.5502507717306742,0.07765580956929388,0.06780179413979792,3,software
C000717,0.01111206565000867,0.030142258610120015,0.4640868182051183,0.030355482826335142,0.03093353559952855,0.041715583005096854,0.02989729116225929,0.3617569649415331,2,insurance
C000721,0.02661798693581919,0.026256332810178015,0.025882708163326267,0.028626822472098443,0.1077777675938471,0.03504089722406374,0.23840535698481213,0.5113921278158551,1,none
C000725,0.029330180687357932,0.018154319160876505,0.017419684062070718,0.01905527247768216,0.041995815648436345,0.7250696828798734,0.025498223999828182,0.12347682108387484,4,software
C000728,0.019565071432132403,0.10291926655446748,0.6501957937275434,0.011924528684400984,0.018000614293048223,0.017273358644938844,0.018411795488930682,0.16170957117453805,1,insurance
C000732,0.05790484136875895,0.03168136217849407,0.03074510941042486,0.02931267155751708,0.024060307840895384,0.03218347860069198,0.0253324069719454,0.7687798220712723,3,none
C000734,0.024907097541130244,0.02637058685816037,0.026252636760026055,0.02826942870148321,0.0980765906994307,0.027545093956101344,0.6417571169009173,0.12682144858275068,1,streaming
C000735,0.018380470530784673,0.01888858930149952,0.6836046615512048,0.022437163548570442,0.031951785594069235,0.019374493588932597,0.12628210607459314,0.07908072981034558,2,insurance
C000737,0.1123902443740931,0.013275991026528019,0.10529055729952658,0.012150455260515669,0.011659026218588133,0.6646084823974606,0.009169578150811448,0.07145566527247643,2,software
C000738,0.04485545621229489,0.043834854019785756,0.04635055602696485,0.042272244054190625,0.09468289051196126,0.09643313560024852,0.04770149615383129,0.5838693674207227,1,none
C000743,0.022978160743242892,0.042543242790504164,0.019953264164096127,0.04910192311887971,0.022926340628340446,0.013969522647147454,0.025251513658847383,0.8032760322489418,3,none
C000746,0.006517287005068672,0.03378644656550144,0.008963468447545817,0.04883649100986128,0.008869118810384909,0.011956844869478643,0.016889794445814406,0.864180548846345,0,none
C000747,0.03794287870249509,0.038018529671863574,0.5802901710792675,0.03758622195908711,0.03581371450494604,0.060322506935182554,0.03609046583253504,0.17393551131462315,0,insurance
C000749,0.0218999647735695,0.010730453676443664,0.5223650609928641,0.020715273272499432,0.022212929781114568,0.01906187026600075,0.021621667306364823,0.36139277993114327,2,insurance
C000750,0.013507540288435038,0.014804893087588354,0.06148903539802203,0.013667279669233314,0.025970677312382895,0.019451184659933646,0.024241580680800453,0.8268678089036043,1,none
C000756,0.03690023765739095,0.0370044929553982,0.06063150795311811,0.03517642717827316,0.12432146099394997,0.03585074498930037,0.03636447569503494,0.6337506525775343,3,none
C000758,0.11397422557337866,0.017104910769986624,0.0161037459188668,0.019835946325865113,0.007587953790354233,0.01567018167048042,0.00775311329332756,0.8019699226577406,2,none
C000761,0.761517381239877,0.014215562449644618,0.014102779050468327,0.10132694183983912,0.013136825518448591,0.02531035116473273,0.01422094785849002,0.05616921087849962,4,cloud
C000763,0.31415716314992054,0.014998313685878298,0.01444339849205226,0.014573345451119511,0.11506544262147961,0.009256596090833786,0.41723936777754933,0.1002663727311667,2,streaming
C000764,0.03885480546522797,0.03647362702073345,0.5381893180900111,0.038954080955779444,0.02416542401791656,0.028590399251656424,0.022578090848971312,0.2721942543497037,1,insurance
C000766,0.057342174672009194,0.056131713962625285,0.0589152476476033,0.05553457158938066,0.06514720257441689,0.0547267754418945,0.36426057200686063,0.28794174210520956,4,streaming
C000769,0.08264913673666806,0.013358381664460631,0.055489583309041905,0.10852801286853456,0.012289678650531667,0.01542154516573886,0.012797445454258255,0.699466216150766,1,none
C000771,0.03466812126721176,0.03299304862937243,0.031933436578342536,0.03617394198862809,0.3744706145077165,0.11749308542446793,0.2267209349918598,0.14554681661240096,1,music
C000772,0.02156776820815637,0.020692781505302613,0.301499197573054,0.1822105696993479,0.07648020986606385,0.050853491862514935,0.18553025870002177,0.16116572258553863,4,insurance
C000775,0.07832301039853082,0.07903872568328577,0.08210130506766347,0.08111843551073121,0.09269071197142975,0.0847370699856408,0.09175021865408121,0.410240522728637,1,none
C000776,0.014199942227270638,0.01021039706756316,0.013728047843408977,0.017579318365570137,0.010284859639627006,0.015025257111591365,0.010732058465187435,0.9082401192797812,4,none
C000778,0.4513819194492804,0.10950978428959296,0.015459035338184282,0.11259384044241258,0.025164168740327487,0.21496985835638982,0.02502858518458015,0.04589280819923224,2,cloud
C000781,0.047642404609201536,0.017859330050350036,0.3043828631880851,0.3162702753963622,0.011114385012546307,0.007040382416933364,0.011084943026920785,0.2846054162996006,2,mobile
C000783,0.08971645647369643,0.08723884813007812,0.09203624640814606,0.09083030593347331,0.06478325835379949,0.09102559957638182,0.09107035000637079,0.393298935118054,2,none
C000787,0.0338973176102281,0.007314013813119376,0.03617345773018547,0.03984364622978525,0.35052231486860375,0.03701197198787901,0.04349326196892263,0.45174401579127643,4,none
C000792,0.02573676127434901,0.08197290972914689,0.026374358220053497,0.20318378106207713,0.024589614780152605,0.35276784309330766,0.027215753737040896,0.25815897810387234,1,software
C000793,0.018485341365860913,0.05164243802234918,0.018544258022636477,0.07053263559360604,0.20195248444282932,0.02304132175601355,0.5351930049759623,0.08060851582074226,2,streaming
C000794,0.03744555560219363,0.23811843369795707,0.021790817823280937,0.02789291314431197,0.3327249637835957,0.044819239388164706,0.10599894833365694,0.191209128226839,0,music
C000799,0.0660642368315478,0.06653012883728268,0.07193632481465954,0.06834266443047601,0.07194290587658889,0.06381436818646254,0.06706575730376738,0.5243036137192152,0,none
C000800,0.026015219913925053,0.029767176910775912,0.0315395283761375,0.028758327495480226,0.03577479160431771,0.6371789221584903,0.039955187164418565,0.17101084637645472,4,software
C000805,0.24954785187992853,0.184208677940464,0.010789591881611993,0.011256010911170683,0.2649306363592496,0.03408547872166327,0.17364047941358599,0.07154127289232588,4,music
C000807,0.3273121013466688,0.039689047693105446,0.03869218632689211,0.05821406028646928,0.16829448368951067,0.038031168237536515,0.1356179994607068,0.1941489529591104,0,cloud
C000808,0.013519185557835666,0.012778847597807213,0.050456680191504635,0.012622243621487351,0.017046078841762083,0.22929488644974969,0.057343974887304416,0.606938102852549,2,none
C000815,0.017702378854548534,0.017271793848783686,0.0164808580278393,0.018619247307739863,0.05122975455705376,0.0617745014282572,0.018707641189511664,0.798213824786266,0,none
C000819,0.3550153214597821,0.01818463311457151,0.48777952630491844,0.01626490826451439,0.017963459502563027,0.030587615513357425,0.018228810078106495,0.05597572576218669,3,insurance
C000821,0.06159320204024549,0.04216107779340228,0.3193752741344429,0.21675574204407838,0.054937107914057606,0.04175614845896408,0.04550550605307866,0.21791594156173055,3,insurance
C000822,0.013436380710779893,0.012704051118400238,0.012849518971811415,0.033040807517708916,0.031963148583578065,0.03986131588424336,0.035948729783932265,0.820196047429546,1,none
C000823,0.26028976752805255,0.27241472814490475,0.013143094147349536,0.023854413988616704,0.019933411782974746,0.05850620487100749,0.21651584861458134,0.1353425309225129,1,gym
C000826,0.08096975208445885,0.10616922451955668,0.32669719220787496,0.01047030900013369,0.03090186788799898,0.34455709762776143,0.010406452208825481,0.08982810446339004,4,software
C000827,0.017195422259686295,0.012492067338788014,0.026516013871615986,0.01910499385059511,0.01701618188189352,0.00988575076669042,0.015584957107221485,0.8822046129235092,2,none
C000829,0.07981612350416036,0.07632396409667129,0.07853532781985066,0.07986237404522947,0.08190868053091699,0.08004305423965145,0.07340885711838525,0.4501016186451345,0,none
C000831,0.014938141169677347,0.07545666898632333,0.43963373367623576,0.09343241064459065,0.011501821478845807,0.2207944341198715,0.01786734492496325,0.12637544499949233,0,insurance
C000832,0.013493420088615147,0.01096563186776939,0.025597475579352824,0.02596875236497702,0.006932342859610739,0.013166164267301423,0.10825516142759148,0.7956210515447821,3,none
C000835,0.385209038484155,0.014870169636648395,0.0201766671512387,0.04401614592316802,0.017874414883033853,0.18955595284742513,0.16753199778307098,0.16076561329125993,0,cloud
C000836,0.14233923256548367,0.20883018275651433,0.015356647699649045,0.06601565238475843,0.04645532520680916,0.015001399609370117,0.31747338530937574,0.18852817446803952,0,streaming
C000837,0.010553708384397502,0.010703450895545181,0.09266861644215094,0.010345169404777685,0.1756016378348157,0.45423330564545544,0.19152440685371083,0.0543697045391467,4,software
C000840,0.012492951112629706,0.013001627332913645,0.012220315450731184,0.01634450158113839,0.726166329798041,0.012799778040155724,0.10558178958734252,0.10139270709704784,3,music
C000841,0.3022631828912793,0.06090675770210738,0.028810312331203076,0.04923327806471785,0.035101329934126825,0.050233006200346646,0.03459682089359662,0.4388553119826224,3,none
C000842,0.01958686796972924,0.01918392265432047,0.01878365998342816,0.08982864357871123,0.06223004477708888,0.2456756634982494,0.07485520883807943,0.46985598870039325,1,none
C000843,0.04506057163016305,0.03693919861163859,0.0379995539253552,0.2513893775155229,0.028809728238377685,0.0443067365799458,0.015737363329478147,0.5397574701695187,4,none
C000844,0.06379038603773045,0.11821119327454384,0.010649840036443741,0.5221135426748938,0.05156565771535847,0.010534515052828632,0.051707518995023086,0.1714273462131779,4,mobile
C000850,0.0386787485714567,0.038746018194838264,0.03762934328489488,0.2725943481672115,0.043812230998190774,0.1802863923933022,0.045358563234779714,0.34289435515532596,3,none
C000851,0.019371676109291674,0.5433161767061329,0.019251606385510094,0.018317882447835675,0.028179094301124065,0.278373795182543,0.018379328288764516,0.07481044057879808,4,gym
C000854,0.006379769736709981,0.38104092143401924,0.25453872470796235,0.011552463802746622,0.028656524988037425,0.13659125319475576,0.07026898408176065,0.11097135805400804,3,gym
C000856,0.0772805905423089,0.062404453823316455,0.03212417615678013,0.02883083004040212,0.030927930230862308,0.030152677821948498,0.028910060062885143,0.7093692813214965,1,none
C000857,0.3846601901084409,0.023044200122647816,0.014291086482677772,0.01522604263447831,0.08064904553669593,0.008254965902359659,0.35601308446344443,0.11786138474925527,1,cloud
C000858,0.4287840012867822,0.019670043840232684,0.018018785607528724,0.3677478226357125,0.017125448035115762,0.046691251936325624,0.01707012668898244,0.08489251996932018,3,cloud
C000859,0.021980163209375958,0.02201977152610428,0.3470941664161986,0.4035113256990294,0.020105787183023388,0.032423613970091934,0.02218171716749964,0.13068345482867685,4,mobile
C000862,0.06783397478721397,0.10717246373398845,0.10762728968109195,0.33314032786004544,0.020116548794939987,0.2624454810722744,0.020924124937519183,0.08073978913292658,0,mobile
C000865,0.027190187494832832,0.026724715146288963,0.020602248138659133,0.04552361251662571,0.022923908075566553,0.08910178324240259,0.02265960367430234,0.7452739417113219,4,none
C000868,0.03753185662049095,0.048870764957237973,0.04126127137950357,0.3888092200830879,0.04116921040630471,0.040246807769710055,0.042200709982719076,0.3599101588009459,1,mobile
C000873,0.15768783175919357,0.024357444033543126,0.02440019334789394,0.024559660680686088,0.02274436190013017,0.0279759355877045,0.49890009337740104,0.2193744793134476,2,streaming
C000874,0.015118566697802536,0.015209766451257713,0.09523581319081423,0.09563899679858107,0.014107900122299642,0.012436015654430142,0.046824779765257514,0.7054281613195571,2,none
C000877,0.018966928408268392,0.052512583022081116,0.012898480971308421,0.011812053385290153,0.047683677655386385,0.5573344830160785,0.20697158929202614,0.09182020424956093,4,software
C000878,0.1261069829507874,0.013070347311736352,0.012227166485449768,0.026117043955851866,0.08181415940325723,0.5256763227539609,0.11677929067202292,0.09820868646693365,2,software
C000880,0.019846147485655705,0.017680471590958917,0.01786896984234184,0.019333202921637146,0.028564142745666144,0.032481162173569,0.6782607351478045,0.18596516809236674,2,streaming
C000883,0.018395886636203545,0.0411832849161297,0.021231840477896637,0.01843861362242828,0.14722983446555926,0.16875788972436176,0.5057299157574631,0.07903273439995775,1,streaming
C000885,0.19905980706438303,0.013435559384630773,0.012695150327399655,0.07654995164918715,0.2366927589041279,0.21734356960851683,0.05793967976822163,0.186283523293533,2,music
C000886,0.013184787542730125,0.14666947588810234,0.010779144939306307,0.0114340510250985,0.09001462586068329,0.01499971284389132,0.6453979147784108,0.0675202871217773,2,streaming
C000887,0.2292386655951981,0.011417795075910203,0.6522902322363926,0.010236275438485324,0.011640658846213394,0.011688342087484763,0.01328595243075535,0.060202078289560236,1,insurance
C000889,0.027957234409677525,0.030247132469052716,0.13119838162157754,0.028119744145682243,0.47941887957273505,0.019512648691754054,0.16662455618143884,0.11692142290808206,3,music
C000891,0.0893728076296801,0.08024832897625606,0.27429776935257955,0.022370139856936005,0.016188763103916468,0.4392755834616848,0.0205226675628232,0.05772394005612382,4,software
C000892,0.03627497025823745,0.03811254503895945,0.5599213078741332,0.10853731677782025,0.04194267435359151,0.03612324513459868,0.03852805187780759,0.14055988868485186,3,insurance
C000894,0.021140568135684965,0.6100989636096374,0.020727445856644468,0.032242185966430234,0.03487139247057694,0.02756995072438102,0.0374166577875067,0.21593283544913816,1,gym
C000895,0.6179883708989198,0.01758614252170781,0.10248868049038036,0.04149495746320709,0.01940574093140458,0.01815900178655049,0.026815399923634645,0.1560617059841952,1,cloud
C000901,0.025946136069867256,0.024006040126444125,0.029121255494389656,0.024314741392628313,0.0446954595148213,0.0428873615267503,0.10867794004607854,0.7003510658290205,4,none
C000903,0.015343953710895163,0.014121837950549613,0.5946372492278045,0.015061608840419247,0.014293115311930098,0.2511734308584288,0.014188754018808912,0.08118005008116382,1,insurance
C000904,0.0655503276773929,0.05134007994520948,0.059283368427258995,0.04942990184925456,0.05266314001638695,0.2367314930245134,0.04880369864037678,0.4361979904196069,3,none
C000905,0.04066595383267947,0.037871258604997404,0.6095485507840344,0.03848659421887846,0.04077503951810694,0.0388512203164333,0.040064828097012284,0.15373655462785776,2,insurance
C000907,0.011769247048611518,0.018334650169591255,0.011528449233179158,0.2921042885165891,0.02206057381996251,0.4541793026387408,0.022473937308765825,0.16754955126455992,1,software
C000911,0.19043760061083884,0.39455038336318765,0.03627451309168353,0.053921405677964274,0.06085256217166205,0.0352637436605593,0.05576554367329102,0.17293424775081334,0,gym
C000912,0.022885007305088672,0.04670302160762609,0.02156397095589839,0.021332274707799484,0.022751080061158224,0.14581576528418436,0.025230848189721548,0.6937180318885232,4,none
C000914,0.01736436308251751,0.01393898501526632,0.8460384949245096,0.0153316552607819,0.014126006515358686,0.013118333564178982,0.015129967522972906,0.06495219411441415,4,insurance
C000916,0.3431410954631319,0.021145868057830575,0.018472513606111053,0.3494872226775111,0.018193526187257888,0.07889656661359991,0.018999992865890193,0.15166321452866746,1,mobile
C000917,0.7922408479654369,0.01332593159685904,0.012542198964148587,0.06528274588332053,0.011890817527003019,0.025925406564480502,0.013019460659916028,0.06577259083883538,4,cloud
C000920,0.021377432914680222,0.022693617017505288,0.022474271830246226,0.021598259719654782,0.1216794764414039,0.25027111734633134,0.40464955460850893,0.1352562701216694,1,streaming
C000921,0.05649859829699577,0.3889496400711453,0.03158141843816473,0.04646543652154317,0.13578989507232714,0.10473787483251588,0.10621704737918919,0.12976008938811892,3,gym
C000922,0.049556091073302236,0.1878935918785955,0.028814802137187442,0.030586960546756293,0.028708336966616045,0.02784243147828619,0.3616510935590014,0.2849466923602549,0,streaming
C000923,0.014272401637373682,0.01405462819371093,0.014209162087820684,0.20156437424470175,0.06690374091659729,0.04606662539629024,0.564379692993567,0.07854937452993838,0,streaming
C000926,0.021068468567145768,0.2812042703101846,0.31953117964791544,0.013953560735053449,0.06444499657007006,0.01411136759992374,0.029563033078659692,0.25612312349104727,0,insurance
C000927,0.1950737556357316,0.010845367988963666,0.609398191753066,0.025652864228189805,0.010908295737358721,0.008818141711467702,0.012021501131737916,0.12728188181348454,2,insurance
C000930,0.390712444381618,0.03313856724677095,0.03259948031128494,0.0323192026754094,0.03351305559708725,0.2546505148514799,0.03365034255003176,0.1894163923863178,2,cloud
C000931,0.06454897628269138,0.09790447394025614,0.06078307311327532,0.06557233197840727,0.07056973880781069,0.06979824401775134,0.07049439120027703,0.5003287706595309,1,none
C000932,0.035097905616950364,0.04540412443695487,0.03493300896464119,0.03614004837645706,0.38886117194766096,0.10840923466197716,0.23312703379947014,0.11802747219588819,0,music
C000933,0.014551001161950964,0.8030705999493459,0.013210316008455177,0.012788877529924223,0.012036735280310138,0.00970831727069096,0.00772082805894753,0.1269133247403752,1,gym
C000936,0.10387599020858018,0.06351184505716201,0.2158611344107876,0.01685145158514482,0.20125137644854935,0.21467967365680432,0.06256067373848447,0.12140785489448722,1,insurance
C000938,0.027641134557199066,0.15837061890580106,0.026654448448220423,0.45250390571464993,0.027623835288937512,0.08174230720793185,0.027590165010134463,0.1978735848671257,2,mobile
C000942,0.021760833735068895,0.05103507622929209,0.021165586951094717,0.08786467134075732,0.14863982576684892,0.3802033994369344,0.11864300358942181,0.17068760295058183,2,software
C000948,0.06752416667643577,0.028778897537419287,0.2647680651823389,0.3874159113742224,0.029137679196795073,0.0291501692146902,0.030017504005855275,0.16320760681224308,1,mobile
C000949,0.013712781664942447,0.025453550597409585,0.023923170378862692,0.019137469914101965,0.05619133403723139,0.007162556772518069,0.5173057423214895,0.3371133943134443,4,streaming
C000950,0.012826453792211614,0.01182361563571183,0.023714290613561305,0.011327541568517044,0.006901773664105529,0.15411474180600207,0.00835170281588326,0.7709398801040073,2,none
C000951,0.12778705911475505,0.025896293790983148,0.027638750027365544,0.06009506584835806,0.028150651767993515,0.030385346719989832,0.22087908825183739,0.47916774447871746,1,none
C000954,0.024511947385030944,0.5049032458918437,0.023499264474849478,0.16929559367732694,0.014817547707602359,0.13011441123162104,0.015534151873605049,0.11732383775812046,0,gym
C000956,0.013851998959989245,0.013469863630821147,0.01237025025056913,0.01561475430281527,0.021984249809803246,0.2751012876458462,0.5672491517192205,0.08035844368093542,3,streaming
C000957,0.0557547890367424,0.5068839727948823,0.011293625029433032,0.0512990638554016,0.27666687967906073,0.01122913281117434,0.03341205312305869,0.05346048367024688,2,gym
C000958,0.047759293558725296,0.033162395990177215,0.034189804705641334,0.033152511577935286,0.032115410109955396,0.5670156521117137,0.031777057953872485,0.22082787399197928,1,software
C000959,0.07163259060304208,0.07680158749078912,0.08743300609361179,0.07799339115849205,0.08395849307053826,0.08401691366727254,0.07937503896386475,0.43878897895238944,3,none
C000964,0.1037296585423884,0.10160928453175717,0.01312926121279469,0.012118419687860257,0.020520193485551487,0.049167927759607884,0.6337935843515358,0.06593167042850426,4,streaming
C000965,0.017592991173011233,0.018002826421804747,0.7392299273677787,0.08676709789070935,0.018334225657885173,0.017956952850950912,0.021806991079026422,0.08030898755883359,4,insurance
C000966,0.022516238263407713,0.301012457497198,0.021576119575728945,0.15252653807076816,0.16020918926726704,0.049077251698268654,0.15674106151432468,0.13634114411303686,0,gym
C000967,0.011353560077786411,0.8526387954155319,0.01117916692596777,0.012844460994539546,0.010681906863623873,0.010290775398324483,0.009781107871636305,0.08123022645258976,1,gym
C000968,0.024582336762065976,0.023796716704332015,0.25130893833971535,0.022397822636489463,0.05006573099191117,0.023777604851123,0.4742501594402903,0.12982069027407278,1,streaming
C000971,0.02419783838943051,0.22190941032458902,0.025749507960645387,0.026329052323449377,0.4538710468384848,0.00848066774533178,0.046816408852694495,0.19264606756537464,0,music
C000972,0.025329060816603507,0.0241737486092706,0.34522520587452216,0.022413888230141343,0.3051789875320091,0.023443587083181235,0.06746350711725589,0.18677201473701618,2,insurance
C000974,0.09131081338663811,0.3891286137024707,0.07166847718953376,0.020896759258956628,0.06062476855012056,0.019951609158199008,0.04063140956455422,0.305787549189527,4,gym
C000975,0.163775222231819,0.01117331358314083,0.011132588633537345,0.010465456538923725,0.6853571618413112,0.016693959613304603,0.049661880553269394,0.051740417004693826,2,music
C000977,0.01905420709516683,0.020714111217781186,0.021181671759701336,0.023789599437474693,0.39672109872178307,0.020338639451348905,0.37234363626217015,0.12585703605457385,0,music
C000980,0.013581362496092594,0.013298935436010496,0.8112402774354365,0.012793580126914544,0.011363145298590092,0.016194568872612336,0.01155917836584951,0.10996895196849403,0,insurance
C000981,0.03746114897449852,0.03984121256901761,0.08621912966026979,0.04044554168621932,0.04179800862867725,0.09579967713075797,0.0623391660827234,0.5960961152678361,1,none
C000983,0.05034506370313939,0.01660249801290439,0.00836921092508891,0.01601370043074106,0.6252301362944028,0.02608813489480752,0.05889476614376124,0.1984564895951548,2,music
C000985,0.012631140272302038,0.006253326319201382,0.008562577982090565,0.04188335891713615,0.17265647560124242,0.013543412460963257,0.04179113115674063,0.7026785772903236,2,none
C000988,0.13780188023231557,0.01941719394850332,0.01921120981618779,0.01926331536362538,0.6017114394145626,0.06592826312584667,0.04897072607747192,0.08769597202148677,2,music
C000990,0.04504531238753265,0.027322464398462774,0.4582899989559108,0.14141882205118617,0.02587194716742741,0.0770449631272935,0.02756836182753555,0.19743813008465114,0,insurance
C000993,0.008025204774783239,0.7273841153812226,0.007493696422847798,0.008446439457853476,0.09442366495603499,0.009192340871071293,0.10221441009305797,0.042820128043128694,3,gym
C000994,0.034282700398625555,0.028309740569507254,0.028678077968756106,0.5086377174625523,0.016469539665127462,0.09221414308381107,0.02312475442811121,0.26828332642350905,0,mobile
C000996,0.1270106036949152,0.07794157643474142,0.013113440142911565,0.013421642522091996,0.012357557278148829,0.6814143419521769,0.012600219432691562,0.062140618542322494,1,software
C000997,0.05133370747991598,0.0508995317173919,0.0583531092663155,0.052525097945289916,0.05711071165429844,0.053686205343187896,0.045818366663123625,0.6302732699304767,4,none
C000998,0.05009924807867683,0.43802400084979376,0.05481877863517184,0.053731435389087534,0.054156228991179986,0.05224292820167668,0.06177793176868285,0.2351494480857305,4,gym
C000999,0.009643957212126809,0.022073150290774876,0.008492853356098118,0.007913719353808765,0.009780563652006097,0.01212032144194036,0.00863461862434062,0.9213408160689044,0,none
C001000,0.01060279482849919,0.011022455984104533,0.035770409795815826,0.011454894755320522,0.01254130146131873,0.010408249110645532,0.15343736954700415,0.7547625245172915,0,none
C001002,0.03803718539758147,0.01326561277991959,0.009640543501513825,0.04676187320610191,0.5499648518597867,0.010870998180198915,0.26712264160131993,0.06433629347357771,4,music
C001004,0.021979213920334306,0.021740749736239712,0.021418335366088632,0.6382531665608977,0.03119739325730695,0.09252884610805634,0.033955787243448506,0.13892650780762797,4,mobile
C001006,0.6906525534730467,0.015659903512118076,0.015986709428970326,0.019343001145581323,0.01724190574447075,0.01727962162946386,0.017541136021566494,0.20629516904478246,0,cloud
C001008,0.05303785015112898,0.3028754563364965,0.0542653199404858,0.0572202557955203,0.07804155295671127,0.05385810171422695,0.27682639813340626,0.123875064972024,1,gym
C001013,0.02711552804769036,0.030180992602519337,0.07472417743307416,0.028897571703199138,0.030317229747138727,0.025059501277612903,0.031072896037586294,0.7526321031511791,3,none
C001018,0.0347610887438155,0.0329451727067212,0.0359398445904197,0.03310192239353747,0.03160502989624447,0.023852180518764168,0.0370133230235886,0.7707814381269089,4,none
C001020,0.013029641083467602,0.013361236271262854,0.012720926639486145,0.014389160780790463,0.0732842577247124,0.7278240854670047,0.08337125843150615,0.06201943360176972,0,software
C001021,0.020774563033632485,0.02527296163722905,0.021528044150178883,0.019139179758051322,0.02032642677991118,0.01923564599177073,0.01936460298911027,0.8543585756601162,1,none
C001022,0.0323605080758612,0.1531059879346873,0.011202105853088958,0.009638748543893341,0.027550640367287885,0.008929454585294929,0.01946361214330376,0.7377489424965826,3,none
C001024,0.01353378156628995,0.011503972239429311,0.07579972159354308,0.10094240247906837,0.008328305922906147,0.013427897257391576,0.031601728379393935,0.7448621905619777,0,none
C001027,0.02174662143805499,0.022183768095859157,0.021855888988151554,0.487426057737791,0.16571159694050872,0.16429019323488953,0.02358147243671775,0.09320440112802723,0,mobile
C001028,0.011581447841613815,0.036505787847132355,0.013822111899568425,0.010894509769939381,0.015394684130447598,0.7751866672751935,0.07662373002727572,0.05999106120882911,1,software
C001029,0.01854211644978434,0.025175629481773827,0.01873686235056665,0.01773744306406758,0.01645227133659281,0.622203881554889,0.01688016781220162,0.26427162795012415,3,software
C001030,0.03979050038619592,0.0404320556128806,0.03840103221925027,0.07681281409738192,0.23879113512051686,0.04032794349106209,0.2554698131311433,0.269974705941569,3,none
C001033,0.13796410808835963,0.024908049462287363,0.024191795866486898,0.023829361122178812,0.06403260054963392,0.025025605616437737,0.5746226693036138,0.12542580999100172,2,streaming
C001035,0.034111578153446204,0.031451200788915515,0.3449904425637813,0.029633045173751767,0.02987407839814834,0.39146389636579104,0.03173619309694366,0.10673956545922217,0,software
C001037,0.04114795598025704,0.1431398084989184,0.02538850251981404,0.02437044135343297,0.024123004679385253,0.1315168515337239,0.02543385399073797,0.5848795814437304,1,none
C001038,0.014310043768997234,0.02034069276635781,0.009429663947479155,0.07891282638574844,0.08678157428014684,0.01601287605310568,0.08513349085389436,0.6890788319442704,0,none
C001040,0.022653697912912142,0.05751666693878721,0.12833997850133322,0.08860365012454917,0.018373110869123202,0.557231434354222,0.019163074503511436,0.10811838679556171,1,software
C001043,0.6979926230535562,0.011579034412174222,0.011188638217341744,0.0423220145765917,0.0270249148608762,0.044890565751512276,0.02649508190452142,0.13850712722342612,0,cloud
C001046,0.03610778266595912,0.6559560236831151,0.01729337589916091,0.017106393165126646,0.019607834646831506,0.01666493053968781,0.08603458570257305,0.15122907369754587,0,gym
C001050,0.04653738350040987,0.18175563327087343,0.2198009654430757,0.049824294717920284,0.07009945684887753,0.14909577537622,0.1030929578277177,0.17979353301490547,4,insurance
C001051,0.018189746258984358,0.020771533853737006,0.017487658342661277,0.14149407448308465,0.42194438390035593,0.08786178627962073,0.17550042989155257,0.11675038699000342,4,music
C001055,0.06648185978234943,0.06777997354827493,0.062055602666335155,0.060213681175981165,0.06873279994750311,0.0660169927836536,0.080690396728118,0.5280286933677846,4,none
C001056,0.013268566858934816,0.01350409733851463,0.25964643267502674,0.3478045841590389,0.11199334229255764,0.08428891983251814,0.07902498226113575,0.09046907458227338,2,mobile
C001060,0.06964275727682208,0.06963129535309542,0.3438786823551338,0.07366077184566787,0.07504886883254358,0.07502401750292646,0.07654820572097132,0.21656540111283945,0,insurance
C001061,0.08405632827517504,0.015016644193642426,0.014944438525851377,0.013928058730538553,0.09158434961891995,0.048428892216812916,0.13595754667275015,0.5960837417663096,2,none
C001062,0.015443521789967173,0.016284184364913634,0.016381293465545357,0.0187440499481023,0.21787198351664916,0.028434229579844435,0.27061240519868635,0.41622833213629157,4,none
C001063,0.28528658337405377,0.014770915903961387,0.015871037398283244,0.01959827600040708,0.015463279601754247,0.01781829141677143,0.02033113046076022,0.6108604858440086,4,none
C001064,0.0171267482686603,0.01929032925603687,0.14512784626386344,0.014164732546452844,0.016026829072882973,0.7015001664342977,0.017366851500642204,0.06939649665716366,1,software
C001066,0.04012587331556278,0.04096832166180643,0.040836085180324236,0.04263065886269514,0.43902678025814507,0.041410713332829724,0.24110675197110415,0.11389481541753249,0,music
C001067,0.01622872458417472,0.09562850573750394,0.01608205721473128,0.06854786020236235,0.09991237246704936,0.01156496856918806,0.10215473989204718,0.589880771332943,1,none
C001068,0.11830223403893383,0.021825385877964978,0.5989807136229162,0.021382386542041942,0.022729868013832935,0.022373264674201275,0.02252375089478724,0.17188239633532165,2,insurance
C001072,0.46556747944287247,0.1773187362451971,0.04089258343794949,0.04197942937144401,0.04046687254495382,0.0408211666685486,0.03898500373476542,0.15396872855426907,0,cloud
C001074,0.023971856255154474,0.02395080506115638,0.02345533183247114,0.02157745272340048,0.23071887341199898,0.12093991017207589,0.432211544795826,0.12317422574791662,1,streaming
C001075,0.009313339186812566,0.013259876889603669,0.020437649193924504,0.009449616357833743,0.020748918307453814,0.030083937824293857,0.020751724240626893,0.8759549379994509,2,none
C001077,0.1061006000000072,0.44065710908972366,0.020899466521815166,0.03567500441094326,0.10044180826370189,0.01893819224996468,0.1980258098295663,0.0792620096342778,1,gym
C001080,0.6031543376688413,0.020981017239216818,0.018945359701563802,0.021168213028700075,0.019019162378756446,0.0197085490442795,0.0255709817043479,0.27145237923429416,3,cloud
C001084,0.0677474990166666,0.011285401065542827,0.17738659544526741,0.010998739046258036,0.020063602764827423,0.5591684123719096,0.08506259874266348,0.06828715154686464,4,software
C001086,0.03577671712421999,0.014738964934986496,0.05588601692932897,0.014466949481289454,0.03168479150798078,0.04460749628414125,0.03177291337931529,0.7710661503587377,4,none
C001088,0.14662505985644775,0.2085170515384096,0.014187716100316619,0.04456983139049166,0.046833263948482584,0.014825129786873007,0.4567787937567279,0.06766315362225087,1,streaming
C001090,0.04235311256972179,0.04409445064561289,0.048029140905892345,0.04401265586053423,0.015757475168902548,0.04404376509718391,0.03630493732624021,0.725404462425912,0,none
C001092,0.016602796896559472,0.016146982337512904,0.4114332895456713,0.06441364965621192,0.015988553059859276,0.008873314361003031,0.015157002754482387,0.45138441138869967,3,none
C001093,0.0154816181927184,0.014831749287369017,0.6403224897896944,0.015895083474391846,0.01505382465723889,0.015545818579657332,0.015431751156838798,0.26743766486209136,3,insurance
C001095,0.008625060275061113,0.9050968837816287,0.008778919616637874,0.008374981851744866,0.008635053488005787,0.008216710707735097,0.00817296901281133,0.04409942126637518,0,gym
C001096,0.027058716334630493,0.02926935963182944,0.026241752424530612,0.05450274971211386,0.026596795325583802,0.5806931454417912,0.04625400635915238,0.20938347477036826,0,software
C001098,0.19620572859194463,0.016999202558587962,0.6367423816417174,0.0180487203743984,0.017029630546596647,0.01696531677876078,0.03065220125561572,0.06735681825237845,1,insurance
C001100,0.04389514768068209,0.045021842097154575,0.04636450133445072,0.04787910915658093,0.3763511770887309,0.05018582440277583,0.0509314845650731,0.33937091367455186,0,music
C001102,0.06144069639484932,0.06472021467117195,0.1306356731412409,0.06202192678887013,0.06602876679714295,0.06696130734461218,0.06494667779546662,0.48324473706664595,1,none
C001106,0.1478449798266695,0.03723583139861343,0.031501338653454544,0.2781809795022203,0.11125746509474754,0.08160766494000112,0.13530156920153769,0.17707017138275596,4,mobile
C001108,0.018164935603740683,0.4598538443316987,0.01633455252701201,0.016394239638856757,0.3013257280806646,0.035207581453090483,0.061215878608196286,0.0915032397567405,2,gym
C001109,0.022226328255565187,0.04193968711579569,0.022558109871045503,0.022181133983086992,0.502008795288163,0.02464334395757091,0.1483618612347712,0.21608074029400165,3,music
C001110,0.2113448748796325,0.13265158785502465,0.029483624070396244,0.026758071848266105,0.02958634976406719,0.023240187685815886,0.0314417211315767,0.5154935827652207,1,none
C001112,0.016289372743879107,0.017750330431986972,0.01018133742908742,0.5775369433016783,0.003029830395655327,0.03407583677968693,0.01677154032831437,0.3243648085897115,0,mobile
C001113,0.024551478881643635,0.03525325879312263,0.03423064186537012,0.038341844396803756,0.40551345904327374,0.11554041462463958,0.13768378237760953,0.208885120017537,2,music
C001115,0.1931797560042612,0.01854191415163201,0.08926970276983058,0.017353677651676943,0.013557063900520937,0.016532633552162536,0.5078845330996283,0.1436807188702874,1,streaming
C001119,0.028575202247932523,0.030631957704883944,0.029587957806680415,0.09654082381884813,0.30861171558690426,0.03124222423148918,0.07316550158254927,0.4016446170207123,3,none
C001120,0.025314909719238762,0.10661678975512742,0.014429398147794563,0.016490321121333404,0.021678819099626104,0.7206846945938381,0.021850690124893265,0.07293437743814851,2,software
C001121,0.007716171537638357,0.0676460592179538,0.1029600701813168,0.27063150105161654,0.012442711323587319,0.4586368481494306,0.02484892119672828,0.05511771734172835,2,software
C001122,0.03560503910404961,0.03755169396984012,0.04913309845033362,0.03605293975837887,0.04835185431482678,0.03198240444221125,0.03957714140001109,0.7217458285603486,2,none
C001123,0.29101724394072703,0.11579259115351898,0.03408817315319297,0.24267825491842537,0.028968219922437137,0.03265133684442969,0.052663280635839554,0.20214089943142932,0,cloud
C001129,0.01368305736192443,0.013908576931486498,0.1233028775662654,0.013765163997287107,0.09120859060518559,0.01705643436360739,0.4178483719432804,0.30922692723096323,0,streaming
C001130,0.02243518032828177,0.02206769885565868,0.02539411285425261,0.023587709307059956,0.022502288115853086,0.023437311459307303,0.7277241244085954,0.1328515746709913,2,streaming
C001132,0.03264772764324845,0.033597228309926196,0.0332156297823626,0.037288175966280264,0.3486276490679243,0.1787739348095471,0.1420331909105653,0.19381646351014586,0,music
C001134,0.5199531306140771,0.019781526681987703,0.3067508071264081,0.018039519314102158,0.01882909177167838,0.011751518094582922,0.019746261781189357,0.08514814461597431,4,cloud
C001135,0.05259637965693211,0.05310591697395692,0.05838715336717486,0.05748038954491767,0.02420606596868105,0.019517507600457586,0.09638401698193,0.6383225699059498,0,none
C001136,0.012176120541306044,0.011484381096302662,0.6409803023955088,0.010847225079242654,0.03067486379543965,0.17782114656636572,0.032974072558447746,0.08304188796738657,2,insurance
C001138,0.022738471455322345,0.024222728377852058,0.023724301181690777,0.4438077205722094,0.29640442818380724,0.04420439134913043,0.056702744526657974,0.08819521435332979,0,mobile
C001139,0.033507915476929204,0.03316931724656829,0.03580934831434533,0.03819620978827785,0.04172952162048146,0.03596418395176623,0.04175961787675181,0.7398638857248798,2,none
C001140,0.37943889071330106,0.26349911618343624,0.024939045789588683,0.024882150423481707,0.0650088615204996,0.016318234899432498,0.1369159962382583,0.08899770423200185,1,cloud
C001141,0.04078918706509635,0.04255749341694541,0.04325248471757571,0.04779295739231591,0.04257933567761229,0.3398613912981524,0.045687081950187586,0.39748006848211426,0,none
C001143,0.020691282771399484,0.21407582013505838,0.011347774637402634,0.09480284824397464,0.046497225149495156,0.52495023255243,0.01221469977932503,0.07542011673091475,4,software
C001147,0.0167366338760319,0.018050020240780257,0.7976895795063401,0.01697458123386145,0.017223320355309327,0.017185162974505043,0.01649601415979856,0.09964468765337331,1,insurance
C001148,0.06702607945686916,0.0185944195890825,0.018301858722068746,0.020373915729290114,0.0848664982882288,0.039939397309934,0.07088916768723305,0.6800086632172937,0,none
C001149,0.03446665713410579,0.19090075791779762,0.018800596285555214,0.46002477394647007,0.09413236863473348,0.019287148645917268,0.06882587247640135,0.1135618249590192,2,mobile
C001151,0.12260063106380775,0.021900803309588882,0.021438968645596336,0.02326090657264052,0.20575116174429925,0.037742433015541074,0.1351731303008489,0.43213196534767717,0,none
C001152,0.10030830467746288,0.019636769459472847,0.018655323250600632,0.018589496787970956,0.04174519093634803,0.25570094197311766,0.08576163716956435,0.4596023357454627,3,none
C001153,0.04774889999703663,0.03907711412168762,0.1623159979074487,0.040201119378610234,0.03058637607226529,0.10963676834272118,0.03215015485957896,0.5382835693206515,1,none
C001154,0.01338055521918111,0.012617644824000348,0.4603298321248588,0.012250110621245761,0.33561840376510244,0.013248205594071832,0.08092397308080643,0.07163127477073328,2,insurance
C001156,0.11581570884417253,0.04929754319214488,0.051980373505106356,0.051131832090437715,0.05476912089479194,0.05197188783207897,0.049178493116877886,0.5758550405243896,3,none
C001157,0.024472731058435202,0.012150784263608393,0.011345269517433735,0.006734585254922133,0.018308607858924176,0.009741511855578845,0.04264453470070191,0.8746019754903955,0,none
C001160,0.21959135987761547,0.030884030629217154,0.030737012768479198,0.03714153286231073,0.2510314788800062,0.07681002825503888,0.21156336176622348,0.14224119496110896,4,music
C001164,0.009920826457020136,0.013198846023426178,0.3335998715462837,0.019620550378677788,0.09985358463673813,0.020749069940436758,0.015298223675452857,0.48775902734196447,2,none
C001165,0.6926790277379631,0.015719610510396564,0.016702019785288822,0.04762631901568875,0.014434294261541865,0.029070546163109036,0.01493828207794254,0.16882990044806923,1,cloud
C001168,0.02249343768865116,0.07018169273736163,0.021034188061984066,0.02566916124970399,0.15087830122113824,0.05643951753023746,0.46035280961437014,0.19295089189655326,3,streaming
C001170,0.1621169907833154,0.019161508635461386,0.017639030143526052,0.019746312359590727,0.01880715736690125,0.5945876151812222,0.018916108447153787,0.14902527708282928,3,software
C001171,0.050572924460576874,0.024978825898040943,0.5668389765082429,0.023238567282299328,0.021246142853690374,0.06317059053706835,0.030480740439077995,0.21947323202100333,4,insurance
C001172,0.45546507008250864,0.031414582655174134,0.09372520692291825,0.027105711517918712,0.1314639278634529,0.08411151888304474,0.053967025423366996,0.12274695665161564,4,cloud
C001173,0.4936030869353335,0.21447489316513757,0.019396750051349013,0.1039611105057098,0.05622016981801296,0.01979157993202047,0.01940855382996984,0.07314385576246682,2,cloud
C001174,0.010462636295833943,0.7743735133803468,0.009634310776786052,0.07247825051358336,0.010114444305337776,0.03140506914194706,0.009985198895558186,0.08154657669060683,3,gym
C001175,0.011461352239066018,0.165938289966007,0.016558822457278088,0.011951015757795754,0.011625077996205725,0.00744563692503142,0.02561890501688128,0.7494008996417347,0,none
C001176,0.4324286800777841,0.06494681929387332,0.1778112583061362,0.01296290154008043,0.11116924834485642,0.018087011479913484,0.11014365684096385,0.07245042411639224,1,cloud
C001181,0.02231718261845638,0.020057399196802835,0.18293469774116047,0.5480526021887873,0.022280452216258503,0.02023739228879804,0.022340998695580448,0.16177927505415604,3,mobile
C001182,0.011862355942582196,0.015948928698985506,0.015818026535111714,0.12538796463600632,0.018516523613573595,0.7234208165809051,0.017494823917754504,0.07155056007508115,2,software
C001183,0.01229958660633874,0.012080877090241467,0.03358323786593105,0.010471913833098197,0.010594460738119331,0.015037365227482734,0.006193997698397025,0.8997385609403915,3,none
C001184,0.024990895003064936,0.7188204959670139,0.02666814590825222,0.027813774676281836,0.025371017834967386,0.02582522107943659,0.025712200753668826,0.1247982487773142,1,gym
C001185,0.029947838269337137,0.03323155225156302,0.031633767475964636,0.11259709373927229,0.1958021892777329,0.3147033073686509,0.09344772542342106,0.18863652619405805,3,software
C001188,0.016379630717138428,0.060539972633337366,0.016856516186214535,0.01575328370164982,0.016037874317622398,0.4529395368012018,0.015620167589364527,0.4058730180534712,0,software
C001191,0.015471303926004031,0.0168599871331547,0.015853505885580835,0.015486567917163772,0.3454693987122941,0.3362636670510538,0.05670943661258929,0.1978861327621594,4,music
C001192,0.06140435308987349,0.06365111056677744,0.06331265358788873,0.06590679807892784,0.06518341531304779,0.06294837994517569,0.06635222649303096,0.551241062925278,3,none
C001194,0.023473122742040102,0.01574712881101204,0.014522729506106644,0.015293758912114645,0.0097891484455789,0.026411792388636203,0.004763610001082599,0.8899987091934289,0,none
C001202,0.01608934456657418,0.015117062147437828,0.015122981167855579,0.0971864178452916,0.021194440355325063,0.030024290768695103,0.016299966853650392,0.7889654962951702,2,none
C001203,0.013425121636831216,0.019798427242631624,0.01923257602187903,0.06153124891700723,0.14143264975899505,0.5609984628840836,0.05604084953160333,0.12754066400696892,3,software
C001204,0.012912933058510299,0.013038903137705542,0.14646810113220335,0.0139025776288936,0.04357134563856999,0.04364933442364142,0.32696492386971493,0.39949188111076084,1,none
C001207,0.02607189734342107,0.02761945115899818,0.027761461075573344,0.026644007315908658,0.03100222575859451,0.02796022116410135,0.026867027674059723,0.8060737085093431,3,none
C001209,0.016660271374255346,0.020483983168736838,0.03702421550925367,0.022196948739703466,0.270261724691552,0.016503184358589332,0.26457694533364845,0.3522927268242608,3,none
C001210,0.0835947800058694,0.04712458895058496,0.08873685188055051,0.0547249663046563,0.05890203775713955,0.051573255687760035,0.2683551298818646,0.3469883895315746,4,none
C001211,0.5659102011314106,0.09302284531392098,0.02395074937879689,0.06978107153917963,0.01728890353162947,0.023222295185789554,0.02309453439596732,0.18372939952330566,1,cloud
C001214,0.012195984998387319,0.0786711243138852,0.07931638651827143,0.01021580632643018,0.5677126244940978,0.00982010989620516,0.11005664548025429,0.1320113179724687,4,music
C001216,0.013370404178267563,0.21436360676422408,0.013487991697077591,0.014226114668674092,0.07946580762586124,0.0759182869039863,0.5116304059374873,0.07753738222442177,4,streaming
C001220,0.5575338688078305,0.28535108595862807,0.01753070250261494,0.01743010873576882,0.01786044612682194,0.017514370241935473,0.018170343401986887,0.06860907422441337,0,cloud
C001221,0.016933069056741436,0.016503987910432703,0.02352786910695493,0.014156355962928685,0.04457741227630857,0.035214126153027825,0.015463273909418112,0.8336239056241878,3,none
C001222,0.08362144380718682,0.008076604233544404,0.2540840963899221,0.014839405666248381,0.010312654696900384,0.3280448778019755,0.023676210734842662,0.2773447066693797,4,software
C001223,0.01990881334177696,0.15657001471230525,0.019118982259688874,0.2388281709947412,0.019308813066210965,0.02425992972057884,0.07070609410317256,0.4512991818015253,0,none
C001224,0.025918392117781564,0.0142370838884375,0.11308901632365186,0.1284080537177258,0.013865696432684644,0.013331779704047642,0.014101901664182582,0.6770480761514884,3,none
C001225,0.025915962603770364,0.47098621782876304,0.08342371369039508,0.02445428170369872,0.02439832414676687,0.029915372211930254,0.15551617354035058,0.18538995427432509,3,gym
C001229,0.009778321759754302,0.09018972373199527,0.6534657333163421,0.010138316191488162,0.10073622949127273,0.013517719315890901,0.06360108413146001,0.058572872061796705,1,insurance
C001230,0.06417458172981222,0.02601557208192978,0.028072463215236033,0.040853366999443134,0.01542316838472157,0.014263609198975595,0.01427645411737398,0.7969207842725077,2,none
C001232,0.09179278000671248,0.3068569301615479,0.025181830279802794,0.027460271859515408,0.19559181352155386,0.024000680947791262,0.06387582955551441,0.2652398636675619,2,gym
C001234,0.053461798376935085,0.05238509562831216,0.05268469706383011,0.054950946554064545,0.05254243512915382,0.04990486484770627,0.04961783888893816,0.6344523235110598,0,none
C001237,0.02169945566924872,0.6563490003377193,0.024718862812308517,0.02075252862571151,0.017048936671972915,0.021541866676564027,0.016913572746250462,0.2209757764602245,2,gym
C001238,0.1026127824589872,0.02309313670623758,0.02171162348516535,0.11832932056017978,0.45293462802535633,0.03589515483976473,0.11452411805597229,0.13089923586833666,4,music
C001239,0.17235493278377478,0.020819881573428477,0.020711534697378877,0.02215503239180577,0.04870053548898949,0.020673161972278694,0.6148389485636183,0.07974597252872558,2,streaming
C001241,0.059129617684383455,0.06448178521194059,0.06520705081040187,0.06634587350914542,0.06614349615167932,0.2783359240346013,0.07277754472963932,0.3275787078682087,3,none
C001243,0.027541686664518977,0.028186550682845507,0.02713111806161817,0.026931067380391055,0.11923822111660523,0.4084405705365681,0.1218557649475665,0.2406750206098864,2,software
C001244,0.017122984010549076,0.216694940529651,0.03503441818779634,0.016295793630006643,0.02719959903472806,0.28867771789653013,0.2521112894166758,0.14686325729406302,0,software
C001248,0.005202669832723153,0.015313103785732996,0.014051304936686073,0.04289097251849218,0.0056575418856953654,0.009563101007128821,0.01093501990345322,0.8963862861300882,0,none
C001249,0.015611339897122559,0.010715060619167667,0.09142929891941848,0.010909749119603782,0.37937218584236315,0.10740987213202594,0.12721299514482248,0.2573394983254759,4,music
C001252,0.5556147856734908,0.030500901002997398,0.029295397101497197,0.20916661334306932,0.029456548726968287,0.01893035759238864,0.030256343643070394,0.09677905291651806,3,cloud
C001254,0.015786918331692087,0.016958002342210024,0.01628080464097401,0.6733274062005193,0.016673140283324946,0.025119966796159788,0.018376344252445616,0.2174774171526742,3,mobile
C001255,0.20135002411550507,0.17923884997831363,0.030407028478684858,0.02916612276740958,0.3413300113947103,0.04428446424144306,0.0371356337014284,0.1370878653225051,1,music
C001256,0.2945207552789125,0.026582453810103233,0.08623010395871111,0.1264651264778771,0.06564424064161917,0.02668968767743679,0.19305111278678525,0.1808165193685548,0,cloud
C001258,0.028736303955672483,0.6836991167812936,0.02937525446827103,0.02483293125573461,0.02068403745476142,0.028136364755362974,0.02234781129565882,0.16218818003324514,4,gym
C001260,0.017544320444957993,0.016400672212827816,0.016425550129549143,0.015101699279155967,0.018366452085402014,0.30016574056367484,0.017799901967435198,0.598195663316997,0,none
C001265,0.01540622694949072,0.22951752964994668,0.015381269849935375,0.11094267810727129,0.015234963046551971,0.08889246683886196,0.21543687294065056,0.3091879926172914,1,none
C001266,0.59961427851207,0.017236093541837597,0.027585102195270682,0.006802830999530778,0.014930131218161322,0.01471051328826636,0.015252584489133181,0.30386846575572996,3,cloud
C001267,0.1298018773038897,0.13157186559590167,0.025979628141562787,0.028520201952586692,0.17959343397936303,0.020897543183560283,0.18528206313040832,0.29835338671272754,0,none
C001268,0.01621464274470194,0.016096889054939622,0.02846995463908998,0.04787518103196306,0.017078589034600807,0.20418146059482586,0.01896568366246073,0.651117599237418,4,none
C001269,0.12337056193065828,0.020785709201574618,0.02051477025443908,0.33314696517117026,0.02077520991488753,0.06235730924770802,0.021852150257843296,0.3971973240217189,0,none
C001271,0.24216540955775745,0.027880118878354215,0.026707596831760532,0.025750304744079643,0.4311349782299049,0.02634518964156351,0.06519074793841952,0.15482565417816022,3,music
C001272,0.052164483703520705,0.018114949111095357,0.01645425463472597,0.019372332828320286,0.17194795867144366,0.01978683431802166,0.12669198251731023,0.5754672042155622,4,none
C001275,0.03002659778141685,0.030005422016535124,0.030446982301547132,0.030910531523765133,0.030624178967176244,0.2560442218679715,0.19832699552592428,0.39361507001566376,0,none
C001276,0.04497791429420847,0.05766793449257959,0.047445440470962,0.043276881312527965,0.03620521052562233,0.4530136855547774,0.043796343634442236,0.27361658971487995,3,software
C001279,0.5372800757237071,0.30324916701455196,0.013813800350927873,0.02313490556437731,0.011180078854215103,0.01210073050549903,0.009264141436957044,0.0899771005497646,1,cloud
C001280,0.030933884335097785,0.0926557705976127,0.01341677134462447,0.013932513035588933,0.029961379405886234,0.008262249438643829,0.22545150911909304,0.585385922723453,4,none
C001283,0.034045231902787965,0.059145434652864204,0.4035701915812673,0.032940125104302956,0.03503150452692176,0.03282270593699646,0.034067614967993314,0.36837719132686597,0,insurance
C001284,0.026793384736812705,0.029270531346981092,0.03102497603934809,0.028205646630940728,0.03245273364806961,0.03833349020755429,0.02753807614372921,0.7863811612465643,3,none
C001288,0.09678459723151489,0.14812712499349803,0.23217369938148702,0.014891066306332593,0.014718933536226258,0.22345489406735036,0.03941632848936729,0.23043335599422354,2,insurance
C001289,0.05960000845099381,0.057763197388878154,0.06148119945496635,0.06199483369482476,0.06423765656828416,0.06398397519904006,0.061227020519772586,0.5697121087232402,0,none
C001290,0.01700499190673208,0.01785280605583452,0.4458047618674657,0.018133826907291713,0.016993470941752693,0.03705484579917634,0.015787438126131575,0.4313678583956155,1,insurance
C001291,0.22765585496537383,0.014773295367984645,0.015358746414369661,0.6269368711168757,0.014779603060566119,0.012766468622790392,0.01531756806153186,0.07241159239050773,0,mobile
C001292,0.0146108963182562,0.015094185630553963,0.014134137580626226,0.013791121920260635,0.0652280306255523,0.013682630872428717,0.6485735620104984,0.21488543504182356,0,streaming
C001293,0.5407155942270823,0.0667484725272709,0.008969122227761544,0.0090464346250057,0.056232697441285236,0.009205059183717734,0.2550555417277139,0.05402707804016267,2,cloud
C001294,0.039343372720739296,0.5628644471093995,0.032533187369542235,0.033512796365253894,0.05949427431388231,0.03454443671206961,0.06169526417099042,0.17601222123812266,2,gym
C001299,0.011491552500792352,0.08776902015206381,0.40652847611033904,0.06451638213754594,0.3119454130149655,0.044167744150927044,0.011285876187657654,0.06229553574570866,1,insurance
C001301,0.012424439918078995,0.009675433629414247,0.0128496130420517,0.04836708653362677,0.017214855416471674,0.013088175331141207,0.10313228926259911,0.7832481068666164,1,none
C001306,0.027792532002586884,0.027872918128040235,0.410617317010405,0.02695530266378022,0.03087930679208822,0.030380492993612278,0.036746290086733295,0.4087558403227539,4,insurance
C001307,0.010795466319479145,0.02737140771848736,0.054364116062116774,0.43803336423594796,0.15481800659223308,0.08831419879336937,0.16227335044274838,0.06403008983561788,3,mobile
C001308,0.041426914414058005,0.027650141449948668,0.027060890134440012,0.03076637377975161,0.03009651438495487,0.0354255926036325,0.029647389090877115,0.7779261841423373,0,none
C001310,0.16057211392717832,0.026804856175732854,0.0846505336235466,0.03489632365110802,0.4409750756493305,0.0871974877207867,0.07553233431195874,0.08937127494035822,0,music
C001312,0.42767961629543216,0.024996822060809304,0.025077224775720237,0.08243449874202755,0.22383081864271073,0.06552353018883451,0.043404404833996005,0.10705308446046953,1,cloud
C001316,0.022147991351868693,0.015676613510256968,0.026281718354468263,0.021798378355443425,0.26105915309580535,0.018069902487255506,0.46720710717159997,0.16775913567330186,1,streaming
C001317,0.05616315843635542,0.016839622370456876,0.014884008248928557,0.010442692598339963,0.1964233612937185,0.008487465563408058,0.017627677345156658,0.679132014143636,3,none
C001318,0.03246367449340989,0.03266891155633315,0.033933347797288696,0.03231498258129127,0.03497501631173616,0.14345321138580422,0.05595176188361914,0.6342390939905175,1,none
C001320,0.5847113264923757,0.020337447856605437,0.02035445608440479,0.18172425877099094,0.01976564533334404,0.05465573629168584,0.020850396536211124,0.09760073263438228,0,cloud
C001321,0.6015727410026674,0.024586413512237622,0.01975089983538803,0.0882138739662071,0.01876514815960477,0.03437778302369633,0.019194654441090864,0.19353848605910792,1,cloud
C001322,0.014569245620252738,0.03827189606719757,0.014601736725638031,0.5023493954636549,0.08826112942933367,0.06234987300371348,0.0633846869562244,0.21621203673398526,0,mobile
C001323,0.036284294917071566,0.02426358105797005,0.015549417711164502,0.02478593096076965,0.3062429723810604,0.08929769496244168,0.26769992212536453,0.2358761858841576,2,music
C001324,0.015291716708688691,0.016284953113451715,0.016504596887799906,0.017779387955909522,0.0449888478353369,0.015093897324975021,0.06224607805234571,0.8118105221214926,0,none
C001326,0.02189058145518801,0.03151986500241916,0.02515868320268886,0.023734248892385085,0.023381207492900596,0.6882747875837651,0.025484572059495912,0.16055605431115733,4,software
C001328,0.08821034366375016,0.051585771039001846,0.09590058097042592,0.04192737376028166,0.13591598064840532,0.035991486523772424,0.04786241934162121,0.5026060440527415,1,none
C001331,0.019975060711842355,0.01566322543633257,0.037853695614158155,0.01003386489164796,0.0770418826411077,0.022390784735505032,0.3369731039888125,0.48006838198059365,1,none
C001335,0.7267322411796227,0.011415749685620613,0.010775715919168868,0.012607126701619144,0.023106972120620493,0.01703506310828829,0.1284195735412518,0.06990755774380805,4,cloud
C001336,0.02034684501733959,0.01979339437739903,0.04682951403783608,0.017480969820933025,0.03963275499231338,0.025615806612612587,0.046220206483176984,0.7840805086583893,3,none
C001337,0.022105661191790853,0.12168545375166889,0.008009398935271523,0.00809348681201415,0.2736675814544662,0.46845259567674286,0.026330997438222176,0.07165482473982339,2,software
C001340,0.02061256335777798,0.021077174005387514,0.02047556589375982,0.012050533818892003,0.13174440416838412,0.06981294411461356,0.3491088807366075,0.37511793390457754,2,none
C001345,0.2434750695655815,0.01156951921342534,0.008166261583446098,0.010052035159957227,0.009100935235110047,0.010507581335822939,0.0083795449030602,0.6987490530035967,3,none
C001347,0.15642482290939624,0.05453970130848168,0.056158312044384186,0.05546015051924323,0.09606519905325767,0.1261169169329047,0.057769629891635824,0.3974652673406965,2,none
C001348,0.029938200312082955,0.008918172697882023,0.015333855741795525,0.02356414451157092,0.01523224890534652,0.014798295936172864,0.014852986289272473,0.8773620956058767,4,none
C001351,0.022257037010678812,0.02235100870716547,0.49278884216780966,0.12077420443015738,0.023965182078141724,0.0899053996417801,0.024026890381739052,0.20393143558252783,1,insurance
C001354,0.6459742914203416,0.05285505747013253,0.016854018577717088,0.016022419577642798,0.010890987752242651,0.009994730191696558,0.02012475553160515,0.2272837394786216,3,cloud
C001355,0.04074877012599298,0.04232119325148255,0.14801532511673537,0.03989047196188095,0.06047604597475875,0.04020712819444056,0.4404834919858021,0.1878575733889067,1,streaming
C001356,0.021387995837144826,0.019838878844539873,0.019606458943768106,0.7867243565307072,0.02044609536732009,0.02024028222316274,0.020308643469259924,0.09144728878409739,1,mobile
C001359,0.017043569378988738,0.13157592152641556,0.01590696932103782,0.01453908014864392,0.008084352187827317,0.006908316965424511,0.5620681843034578,0.24387360616820436,1,streaming
C001361,0.05986844057684934,0.046831378591306295,0.04585077582884271,0.41073687050971974,0.04764901342507943,0.04743267775883975,0.06307841293832789,0.2785524303710348,4,mobile
C001364,0.028999015451175038,0.03090065715755492,0.02996967910401553,0.034108174278186076,0.4552375161336889,0.16580520376106497,0.09084283225177706,0.16413692186253745,4,music
C001366,0.05477300324798946,0.05493811145460661,0.056405814220235884,0.05731120821925448,0.0587703820682095,0.3224972821364335,0.05916115457115556,0.3361430440821148,2,none
C001367,0.6117649070718029,0.02879888915777566,0.02861980440906598,0.028918974638634035,0.06440996022242598,0.029341377307219533,0.08548960691411245,0.12265648027896353,2,cloud
C001374,0.1196780437269826,0.05448984324487034,0.056047848721907795,0.052579822023280376,0.05595135280676951,0.054758540461868926,0.10089183769489155,0.5056027113194289,4,none
C001377,0.02030687329693781,0.02033305407934798,0.021953907633756133,0.027532198535771064,0.014788048293471735,0.017196903419872917,0.01453736494570411,0.8633516497951383,0,none
C001378,0.021802245835881258,0.10937676142480315,0.6364188505722781,0.026499084459666908,0.023093763986640446,0.02307744008334007,0.02768986163587897,0.132041992001511,4,insurance
C001380,0.1018458902676587,0.01516042507555204,0.04395653266183009,0.01386159364868031,0.007196153870568118,0.013343926010180382,0.01187346494466218,0.7927620135208682,0,none
C001382,0.01079667035877585,0.010727648561480283,0.031225742349272483,0.011119459615019258,0.009993615834156075,0.009783879367505681,0.005643228755372284,0.910709755158418,4,none
C001385,0.014890092896541678,0.02006011047831696,0.01957897157031189,0.01866035900575559,0.03863170962230434,0.060943089530728425,0.037833335770993466,0.7894023311250477,4,none
C001386,0.017478478766646086,0.18439177104467236,0.5414806449476125,0.12574964480159123,0.021222326284159036,0.017810060156619754,0.018012777029265035,0.07385429696943398,1,insurance
C001389,0.02012480451110867,0.15616871642251293,0.012780673284118317,0.017674795923362296,0.07514256674083283,0.01132390976542365,0.10615368028130873,0.6006308530713327,3,none
C001391,0.023747571463104078,0.3526116365178329,0.025509000156970354,0.026448004733214327,0.35445972965818673,0.053837251419033616,0.08597847317540047,0.07740833287625752,4,music
C001397,0.4341936591785348,0.010119623604224956,0.13325096408567216,0.010744375902853475,0.006758047420302343,0.00789226591783545,0.009204286161533817,0.38783677772904296,0,cloud
C001399,0.07870021846538314,0.02275884124444988,0.023202041489293716,0.5729196486582571,0.03540738143408829,0.08656815569449719,0.028661724571423665,0.15178198844260699,0,mobile
C001400,0.1395522409861123,0.03553737308845504,0.039154492560962345,0.03737000974398023,0.40501347104724383,0.03249269532301193,0.17369001857632618,0.13718969867390823,4,music
C001402,0.05911653153115497,0.058623052340190746,0.0585186784425973,0.05909111526654112,0.2704317827621109,0.06715243030781677,0.2615485350236358,0.16551787432595247,2,music
C001406,0.813132063946031,0.01479844162557822,0.015438499414097575,0.015601728882632004,0.016421895751439524,0.03938412978273794,0.016478407214991643,0.06874483338249213,1,cloud
C001408,0.1058314039933401,0.007777943969812878,0.009030087966589842,0.011600349640171191,0.023666587610557302,0.008895752233980366,0.11786257839729934,0.715335296188249,3,none
C001409,0.029408737350235546,0.027220069428121274,0.02684187380843423,0.026185668213563107,0.0220898218583834,0.3771355438150365,0.02186871025437448,0.46924957527185135,2,none
C001410,0.04232139462402596,0.025790994226144393,0.18806450546740594,0.02819271004958037,0.0658124856742654,0.031064918732646864,0.5025602759025499,0.116192715323381,1,streaming
C001413,0.04664939886204808,0.01331694659810599,0.1864523595413823,0.015736456194963375,0.007992841559082906,0.01078194991279458,0.0077268840782669605,0.7113431632533558,1,none
C001414,0.010677964577085333,0.18807807176336747,0.1882688015998622,0.010138752049714057,0.20732409106848085,0.009579874531774732,0.312294122904378,0.07363832150533736,0,streaming
C001415,0.01048525494221439,0.014297936041235897,0.0083571775587986,0.01295082084420996,0.010255876571236684,0.01059361461281715,0.009783628511303618,0.9232756909181837,0,none
C001416,0.5066760316719208,0.026682317537122517,0.02594469404007837,0.2316552170221975,0.027282533990865637,0.02666218710768397,0.028140106057460722,0.12695691257267042,3,cloud
C001417,0.017029436356088456,0.5401020430063828,0.01733810412361203,0.0177809551974304,0.09890263320205511,0.02641970613112305,0.05996030340146817,0.22246681858184003,4,gym
C001419,0.16180702669113056,0.017293879337577225,0.6968458975675695,0.0163538096516746,0.01630066655728265,0.016370072089537755,0.016220068196334928,0.058808579908892676,0,insurance
C001420,0.06637264787736705,0.05102523026002084,0.045229131871182764,0.08140718514140668,0.17494775622210396,0.11950186320302533,0.18900487680561806,0.27251130861927536,4,none
C001421,0.3501055465134191,0.023129141803053747,0.01460918182878497,0.01576857664162814,0.3768409625353184,0.030135340256980718,0.10467763005567701,0.08473362036513796,3,music
C001422,0.009972301653594204,0.010391864892135975,0.06776336831620978,0.0870239280808424,0.6676402844402294,0.010474022905327663,0.09477996285778298,0.051954266853877676,2,music
C001424,0.06208543821580163,0.1836232429082781,0.08056413462226969,0.1504247758390893,0.059783925702587164,0.1543438525632449,0.04611217840344153,0.26306245174528764,3,none
C001427,0.5673984875741673,0.04154450207457937,0.03754082573053195,0.035527818474242995,0.033604828124212366,0.023845166114271697,0.03614764038080643,0.22439073152718786,2,cloud
C001428,0.011895050213973905,0.104001342085391,0.5969264190264467,0.013828202365393599,0.10827249168552752,0.015678249946372274,0.09588351580673499,0.05351472887015989,3,insurance
C001433,0.05116920826654774,0.7328941208398979,0.0885202260402335,0.006854425310091831,0.015102016412631768,0.006206437827602276,0.06098693708970124,0.038266628213293775,1,gym
C001436,0.018003353432132167,0.019669124388004763,0.47370617390769176,0.019589115717145743,0.1401187717018654,0.019235451358908764,0.22759388564737812,0.08208412384687311,4,insurance
C001437,0.24437385149437824,0.042870587665862665,0.03899259876303683,0.038116406928678376,0.08833102484850396,0.03893039363782795,0.044581855540906996,0.46380328112080504,3,none
C001439,0.01922276012082827,0.10709453199835853,0.025075793270641113,0.5036829479226154,0.0190590602351985,0.19331532680163474,0.01999724140302041,0.11255233824770308,3,mobile
C001440,0.042629188436169446,0.03959859527220036,0.0421175671964399,0.04560946930808628,0.04519524655652819,0.044407343409734484,0.04215149451387663,0.6982910953069648,0,none
C001441,0.10669399709749239,0.2759368643933038,0.33818989681094647,0.019232629726790892,0.021806882090108913,0.13710836545981026,0.02182635458469241,0.07920500983685497,3,insurance
C001442,0.010059500663835177,0.010520651585980225,0.8848317650053369,0.010072124114000445,0.010091967803128163,0.009786513395752476,0.011181954183075042,0.05345552324889156,4,insurance
C001444,0.035634920080855455,0.035527293773903734,0.03894783195315772,0.03900094024149163,0.03883224656750198,0.023768688624413344,0.03779655836702611,0.75049152039165,1,none
C001445,0.08761070869431715,0.08015007320514715,0.08966914791922903,0.1461961652206241,0.08596358008894074,0.08623178909508115,0.08193477866018184,0.3422437571164788,2,none
C001446,0.04968905334750964,0.02765350792647031,0.024895539120911924,0.029372649903400577,0.35412538949493244,0.013762295481086206,0.15035699610223097,0.3501445686234579,3,music
C001448,0.016463700705608326,0.016729490086207374,0.016131707271727833,0.6113935758153773,0.01678778823237612,0.11480628461148544,0.017221031356141985,0.19046642192107557,2,mobile
C001449,0.01766822791477142,0.5119761729145753,0.02865303579513305,0.018376563664125725,0.02963779699770066,0.017489719371068982,0.31794794646180935,0.058250536880815565,0,gym
C001450,0.6479371628435233,0.029913290324223824,0.030346722561068587,0.04713194497652627,0.03175656897662872,0.03689306901142467,0.03227155351583097,0.14374968779077368,1,cloud
C001451,0.01745069766005409,0.3229948566624637,0.016540866914324635,0.016413340243389755,0.01708206953788905,0.04991010494789899,0.14159811405595019,0.41800994997802965,0,none
C001452,0.01665624683162368,0.016255474825596777,0.01630955969447315,0.18605984997882385,0.038205108796328824,0.34898148946721325,0.3089506952024847,0.06858157520345574,1,software
C001453,0.04869322751114782,0.05036981921505883,0.051237488099217826,0.2701003525327428,0.05172412767056053,0.04928190406787873,0.05121321037829447,0.427379870525099,3,none
C001457,0.5769080632582466,0.020554937554523804,0.12205068096956813,0.03684259890431478,0.08629681820026143,0.01973824249316556,0.05007399479019239,0.08753466382972723,0,cloud
C001458,0.3466964502887991,0.04864748569194895,0.049317551303549034,0.0511145787409366,0.06035720478072454,0.04925054077647277,0.2969208795157878,0.0976953089017813,0,cloud
C001459,0.04784892425609025,0.011442150255158073,0.011293781621244767,0.7011738965785242,0.10591397193255475,0.03948342673514011,0.0200773135245388,0.06276653509674894,0,mobile
C001460,0.0569192705759415,0.11254870895336859,0.011742288032320043,0.013148831324009843,0.017128941801464043,0.010114095026903054,0.01738869595212677,0.7610091683338662,0,none
C001461,0.035787737873197736,0.03876880291757139,0.6017654321818127,0.041951526747920694,0.0383741572181738,0.03903242527659995,0.044718785723907035,0.15960113206081686,4,insurance
C001462,0.018138384644980535,0.01817746617796209,0.01770794089418066,0.016357032761574804,0.39837057857236413,0.08235793909050589,0.3379505955158737,0.11094006234255818,4,music
C001463,0.03900364019218692,0.04139765572583791,0.032888934733846825,0.03628868316573991,0.041078693440733796,0.04037197121113538,0.03722006127271234,0.7317503602578068,1,none
C001467,0.532841686560906,0.017072122181953364,0.017609904394877366,0.1396809488936304,0.017527960036912142,0.017847692046440978,0.019679578377592877,0.23774010750768684,4,cloud
C001469,0.014059131424361422,0.31653652364673807,0.015361212051045414,0.04791241063898529,0.042190930704443595,0.02841379688165479,0.10991818654236431,0.4256078081104071,3,none
C001470,0.09602596763657467,0.01702816621177375,0.41876346301483836,0.016289828003956904,0.026252403151257667,0.09853419079790476,0.1955573986390473,0.1315485825446465,0,insurance
C001472,0.012988228232262205,0.010917558817768454,0.01024136751839261,0.0327488755477444,0.029121828824794475,0.013999306482094454,0.028752274893366306,0.8612305596835772,1,none
C001474,0.41776744694938456,0.03032230553756158,0.029288846018774402,0.028500256259057576,0.026201849895111415,0.3134065126517349,0.02748736053219014,0.12702542215618545,0,cloud
C001475,0.045754526456125225,0.046078282902382736,0.047649859411041176,0.048470585974474234,0.048701407558206344,0.21596332283315584,0.04792753495724317,0.49945447990737135,0,none
C001484,0.02415042025154129,0.34891929500148344,0.24906582097682156,0.025491208346742567,0.0744336699970786,0.025062183519906,0.1933330392088935,0.05954436269753309,2,gym
C001485,0.24969234543779462,0.01603788974458735,0.011864839217708442,0.016718536862627534,0.01559522374677478,0.015385841686165521,0.03317025729790426,0.6415350660064375,1,none
C001486,0.017191819757777588,0.04217323831771537,0.04231745795296225,0.5041647018935886,0.0429304784876626,0.06870873429100534,0.052790706074846164,0.22972286322444202,4,mobile
C001487,0.01565416833607153,0.3996925034952561,0.16787822236576427,0.01630053828756537,0.08097148374400712,0.015001740993226115,0.16311629643097245,0.14138504634713703,1,gym
C001492,0.020051234678439583,0.045506691866220986,0.02044812792900792,0.543486991811809,0.024982129536572806,0.02238663949674295,0.030101486534754404,0.2930366981464524,4,mobile
C001493,0.32953197857228095,0.03978249577778907,0.055221949604777935,0.06943757008781182,0.08894972687748318,0.12219592514914576,0.05022950009085496,0.24465085383985635,3,cloud
C001497,0.5399985450619584,0.014404372089242218,0.04742861269170348,0.013858189690942496,0.014159666296315782,0.030678600802537617,0.014204451894424312,0.3252675614728757,0,cloud
C001498,0.33108693709902937,0.025423898738963502,0.02316697236933515,0.02450673620744365,0.14473261977675447,0.36598941906912713,0.012121827263045934,0.07297158947630078,4,software
C001499,0.01653009526813782,0.6394030360105447,0.01591702603246722,0.019510997947713434,0.05617073954855183,0.017109053121728484,0.17065509151375058,0.06470396055710599,2,gym
C001500,0.2511497221747052,0.03207086337191776,0.3500620172063076,0.03108310609762352,0.031056693738401732,0.12981760856476907,0.030569877077750586,0.14419011176852456,3,insurance
C001501,0.6868626887284095,0.018386262350689672,0.018272925302982714,0.018342255470944605,0.01895316404480169,0.017763933270670326,0.008047220125303458,0.21337155070619793,1,cloud
C001503,0.028353704499430813,0.015603436625215697,0.014792139187680705,0.015127010126873622,0.013980834962587157,0.007834680720943494,0.02283658558779804,0.8814716082894705,3,none
C001504,0.7949925006173713,0.009317917360851375,0.008886350084643753,0.10875269071331276,0.009784026692756088,0.008533675422532111,0.010041172569747507,0.04969166653878517,3,cloud
C001506,0.021569671340516794,0.02237298283461473,0.024685903031937927,0.35029466533941334,0.055990793612537434,0.024053787261205592,0.390637643515055,0.1103945530647192,0,streaming
C001509,0.02493115404284251,0.037129659634554536,0.07722323071791562,0.24205514381414484,0.04172949584841583,0.07815230848975145,0.37177898057850667,0.12700002687386855,2,streaming
C001513,0.023272270038584588,0.7125472581264167,0.02523909867881338,0.01819590594666519,0.029730964176938234,0.025468927757043805,0.0298749671443097,0.1356706081312284,2,gym
C001514,0.03606244668426113,0.03150230656718787,0.22617067591248868,0.4099757971969522,0.032444784922605975,0.031162163378316003,0.13848526336380307,0.09419656197438507,1,mobile
C001516,0.02395271783939591,0.024129238340709597,0.01459825445611739,0.04028466628835269,0.005261121938417215,0.015552419243397298,0.010652564974962822,0.865569016918647,2,none
C001517,0.013504308858687104,0.024996524321668934,0.023736222166864364,0.022634789295612717,0.06827845842707407,0.6958920754043925,0.019396158427641707,0.13156146309805872,3,software
C001520,0.026605100563174517,0.34855626043817084,0.03303309259475948,0.03125646298441507,0.037512671131243416,0.3530328398777923,0.04624983422202232,0.12375373818842202,4,software
C001524,0.013089995813767106,0.5585684189140996,0.054229934046855235,0.13364889195404878,0.12539868576476487,0.012830098051640494,0.04140413237646704,0.06082984307835686,2,gym
C001525,0.07360367220646619,0.0714932182745057,0.06802162231662136,0.07332244722379092,0.16124491274332936,0.06098881892970474,0.06645024867910129,0.42487505962648053,0,none
C001526,0.010013705263477002,0.8598121217469779,0.010754794365010263,0.009355235299733214,0.009584537839552905,0.009227132697685079,0.009632974116289446,0.08161949867127416,1,gym
C001527,0.3356770999283514,0.11840773301464504,0.015260626878834022,0.05382320198480644,0.028180722366949216,0.3053823493443282,0.042835054427085906,0.10043321205499997,2,cloud
C001530,0.056312852103776255,0.058174725170001274,0.05837444926377802,0.1912046651887925,0.05830293218493442,0.0212250521734434,0.07361056879443777,0.48279475512083636,4,none
C001533,0.019870323468803314,0.230537082768369,0.021308082970981294,0.2571324442856921,0.04940535999268203,0.20287636642941967,0.0427414385933394,0.17612890149071325,1,mobile
C001536,0.0402596050511425,0.039473613508325074,0.41881298920340393,0.03837424059083932,0.04206109941171076,0.041486799847757924,0.05352627458717696,0.32600537779964356,4,insurance
C001540,0.029438111250817377,0.3566984807928443,0.028787010807391482,0.4148380610684686,0.02883308899295666,0.03199721997935171,0.028881546621899894,0.08052648048627001,2,mobile
C001548,0.020500282232881566,0.007603450779016717,0.5853461727032598,0.024105383783478027,0.19787344144551783,0.013372333159216671,0.07659765670227976,0.07460127919434946,1,insurance
C001549,0.018849560152378854,0.024876201760680495,0.014527661760936469,0.8477282823699877,0.016965027455141855,0.010326096267184393,0.01576309845508301,0.05096407177860728,2,mobile
C001554,0.19788500298605777,0.16293383626040941,0.31887815572026457,0.012822674193355489,0.01336771283139467,0.029622555820132287,0.013624945819787942,0.2508651163685979,2,insurance
C001555,0.02081720238737474,0.021298396853086602,0.07678984433768239,0.025313356905759376,0.04385017861305002,0.09907963531838096,0.04446772876384253,0.6683836568208235,1,none
C001560,0.0162460628230734,0.010387045432307677,0.582459514641994,0.09307568270929178,0.01056396645294342,0.010680087368139222,0.19977008549236341,0.0768175550798871,2,insurance
C001561,0.0572959603811959,0.06058714822031856,0.05382263838574583,0.0519995824460623,0.05992463424568647,0.05742618708903248,0.07038204728640388,0.5885618019455546,4,none
C001564,0.03925531015982328,0.03363140323021441,0.4541813947022676,0.0372143007304737,0.03295686678188863,0.03247491236748421,0.16050083842404583,0.20978497360380227,0,insurance
C001567,0.014312625683595913,0.4862712025990584,0.1294595282055606,0.012787718430048365,0.25560803412890243,0.010561653584553382,0.02427634893508856,0.06672288843319235,1,gym
C001569,0.016427897417382778,0.1320001302482316,0.015109105041808448,0.01669979013155802,0.7018908851806077,0.015775070380366015,0.02011451648758408,0.08198260511246133,2,music
C001570,0.048884322805307884,0.6387731353025139,0.008565755945117218,0.011158149487236996,0.03337430256105158,0.13872087721979173,0.06012591264293024,0.06039754403605049,1,gym
C001571,0.01859760891254888,0.1735860364384148,0.017840837072325474,0.05682623216997407,0.02616026055816293,0.523704228462001,0.07738300549875672,0.10590179088781612,2,software
C001572,0.36888355328750944,0.033485431306880344,0.03229068731172639,0.35332313758924194,0.03152561143536484,0.032476922993385046,0.03443548829190974,0.1135791677839821,1,cloud
C001574,0.048072485727465,0.05182284979559641,0.052629057186977524,0.05760704363789093,0.05525792783552767,0.2773597151870325,0.07219436382216732,0.3850565568073426,4,none
C001575,0.01350814383350365,0.014070513202327955,0.013578033282578134,0.7706106801836965,0.014047895990121136,0.06064441039072217,0.018893559847989037,0.09464676326906148,3,mobile
C001576,0.03838320712401785,0.03644013000618514,0.141866792514392,0.04515952761268209,0.21435203232244276,0.06931947589535024,0.0657708473793722,0.38870798714555777,4,none
C001577,0.020258994871753942,0.39564722902190325,0.023804106133129548,0.019931852207574166,0.1939483019002595,0.11512854608592199,0.14535029025884047,0.08593067952061713,3,gym
C001578,0.026733866662732676,0.03424297455673904,0.024768671765603212,0.023102571229027785,0.04115775290970861,0.611864594406148,0.03894704775939282,0.19918252071064776,3,software
C001581,0.04443079078761424,0.01196821566689207,0.023824186909271492,0.02251613179225898,0.016892984482552414,0.01329024465157742,0.01970896538743181,0.8473684803224015,2,none
C001582,0.13621036137632314,0.5411526010368,0.01611198215438683,0.02646659165842226,0.016363515583557,0.023567724009091455,0.016703844878420325,0.223423379302999,1,gym
C001583,0.016103816009613924,0.02074522308944124,0.01632371022254287,0.017736929371182465,0.430928824273759,0.01996830474155503,0.392147505208851,0.0860456870830545,3,music
C001584,0.029640984176560116,0.0996134601664651,0.029497956485331156,0.02819486546608513,0.030397818045833445,0.028940078873068993,0.18898795734745513,0.564726879439201,3,none
C001585,0.015930731833080487,0.08405816379695619,0.015001855969357991,0.015897690937761364,0.14045283898501518,0.3536044530897645,0.30832098379489403,0.06673328159317024,1,software
C001587,0.02580672832440255,0.01104041395712552,0.010827827635570378,0.05106788057089372,0.06898798252278994,0.003605078630446521,0.10234960145648399,0.7263144869022874,2,none
C001589,0.07111783695681202,0.07027241730336897,0.280314224529494,0.07426393504172449,0.0526738960952078,0.07265866877957154,0.05038798301461782,0.3283110382792034,1,none
C001590,0.0129342539050133,0.012570959958878535,0.04617076742199035,0.7229435525885862,0.013017274799110015,0.03405306274339004,0.007404984595801563,0.15090514398722987,0,mobile
C001591,0.03696692191766847,0.03713081952227542,0.22040118593470442,0.027412618214910634,0.18478871269968591,0.1538897211708328,0.04744562671813904,0.29196439382178335,1,none
C001592,0.0346556706941786,0.03688485912160853,0.03941834032553905,0.036631178024120206,0.275411143962521,0.032523589923749825,0.2116523034563691,0.33282291449191365,3,none
C001593,0.02885858574064818,0.02924212838846344,0.3890072422940072,0.02889478411165118,0.02814850259331397,0.027806927757299045,0.06555497444463901,0.402486854669978,0,none
C001594,0.08257662775845814,0.05925008586330758,0.06039047748188883,0.05943362714023505,0.06312577229288246,0.25857092046222657,0.06273381601901956,0.35391867298198176,2,none
C001599,0.014871796420638676,0.015331392891126207,0.015019130481664814,0.006900021044061124,0.6181215838329329,0.02880441672664885,0.021853237760488954,0.2790984208424384,2,music
C001600,0.17409525944528698,0.033777451160382214,0.03434666653801793,0.1357135049388726,0.048638584467488914,0.06940886292302456,0.34989153839922366,0.15412813212770315,1,streaming
C001601,0.29748204531023326,0.19799732196236036,0.015733744027759643,0.015593663893730458,0.020388585706615787,0.016266294999911217,0.35579634105390817,0.08074200304548111,3,streaming
C001602,0.041161313726208716,0.04081989210763965,0.04353770796461849,0.04052819472303521,0.04267330923314733,0.043911552399381756,0.04071533482815608,0.7066526950178128,2,none
C001604,0.021559570196781237,0.13075610670011287,0.026206121706260372,0.023829261132518365,0.026347919853844447,0.10213120111889964,0.0275187449335626,0.6416510743580205,1,none
C001607,0.02071650711466421,0.7425984562874974,0.019767792851639533,0.02032086124999581,0.02168583311007783,0.021321632301441726,0.023981318520470044,0.1296075985642135,4,gym
C001608,0.020040945425838824,0.5545020709582756,0.02016888628577202,0.020411499225011977,0.02023855607457086,0.020839894031582182,0.020339660478047635,0.3234584875209008,1,gym
C001613,0.06604358519136863,0.030988968226021457,0.35557849425972327,0.029501518989447778,0.052514418711734255,0.1519993327258197,0.19274603906212473,0.12062764283376018,0,insurance
C001614,0.018848242273546638,0.01844525845241757,0.7722012642634324,0.016829271731451153,0.012204679815748978,0.015034028028449612,0.01199735783073895,0.13443989760421463,3,insurance
C001615,0.009718518129116964,0.008919877532577135,0.717865574389009,0.010170105517136697,0.10798608656838277,0.005563818577247267,0.054555795288945295,0.08522022399758483,4,insurance
C001616,0.025660928875961178,0.3457340148747431,0.025640429372628466,0.06734055308166707,0.027658672223636258,0.027207379373530023,0.027617957014992266,0.45314006518284156,1,none
C001617,0.011392424602180274,0.014588936477542658,0.013641927119877596,0.49274084846028093,0.06599204490029226,0.06949358034395892,0.2065631384242616,0.12558709967160578,2,mobile
C001618,0.025815398217234442,0.19390511304158878,0.026054319014216537,0.10595487535973792,0.025679299793800694,0.026880507063333905,0.027112478355910165,0.5685980091541776,0,none
C001621,0.028250666570932975,0.01270066905237937,0.02650891942638569,0.028027982151021653,0.37399658667756674,0.026897027362471806,0.22322171797463947,0.2803964307846023,4,music
C001624,0.6491015909462627,0.03497051384327149,0.034763959175811474,0.032190360286559805,0.03778740397978657,0.03493151142752671,0.050567273445304234,0.12568738689547693,4,cloud
C001625,0.05278928096294967,0.05253956006252837,0.10295156070050243,0.05340877453166236,0.055585052955921074,0.05521119680143982,0.05427090305358614,0.5732436709314102,2,none
C001626,0.07330441247117742,0.06526678878911889,0.0675090687067299,0.06482773004568328,0.071713887594339,0.07122921231148513,0.08325745349199519,0.5028914465894712,4,none
C001627,0.021944471394169364,0.021366611755517073,0.020940804536814833,0.5048855747225962,0.07345811749378356,0.05460803643519956,0.022379379519641293,0.2804170041422782,1,mobile
C001631,0.05507393987843717,0.05906700223865337,0.18236768927067842,0.06054850411007276,0.0613769808961081,0.061524003067217184,0.06417047750524112,0.45587140303359197,3,none
C001634,0.14340759022141739,0.019164848541534177,0.018385317130836947,0.47526324991517865,0.14076521756970223,0.017809914969008158,0.07818404793858287,0.10701981371373964,3,mobile
C001635,0.16347148906760522,0.5309660184968679,0.026779828870104553,0.019047979566476796,0.02882820712188116,0.03153146921590769,0.09445704060877673,0.10491796705237995,2,gym
C001639,0.03271603811676809,0.0395806061346646,0.04424324709311559,0.04252903113023959,0.17853094892516816,0.03814936081859638,0.2062016994179524,0.41804906836349515,1,none
C001640,0.14765544669794908,0.1864664613053808,0.022426281535688687,0.4062054046134159,0.02333656145931548,0.031838562131578554,0.023125320157251314,0.15894596209942013,2,mobile
C001641,0.027965245350448503,0.03483288658806935,0.027324144221825126,0.02508216787064957,0.04173486326251175,0.031252632748599615,0.043294975490678934,0.7685130844672172,4,none
C001642,0.07026044240774451,0.06995902156136609,0.07037983641504408,0.07321653119583076,0.20553462050475146,0.08254508658618626,0.08240351850628364,0.3457009428227932,2,none
C001644,0.025463772304363592,0.03543616150013103,0.022947641189884134,0.004841146529719399,0.056412356733472585,0.004458645231256754,0.01562563702296337,0.834814639488209,1,none
C001645,0.03210309447173022,0.5025997956053322,0.03201728703160287,0.03415037412233824,0.02859480552006466,0.03147197560200693,0.030341122428457733,0.3087215452184672,1,gym
C001648,0.01289655916360214,0.016047350190507924,0.013157486064089093,0.013723936448358733,0.012443728978196861,0.3323583757452703,0.022627065067725598,0.5767454983422494,1,none
C001650,0.02434298471608711,0.004301490168671617,0.471959197936052,0.02693409258707508,0.02492310519610244,0.024394467377447965,0.024199160268259887,0.39894550175030397,2,insurance
C001655,0.006672421260037526,0.00694751915364937,0.007296536386425958,0.20683612379925514,0.32079717744253355,0.016077703323036097,0.22800279313953015,0.20736972549553206,0,music
C001656,0.009059828032967735,0.19716472672857735,0.5995814419061767,0.008676721565287086,0.009254842882050623,0.08504275787334017,0.009742329208803115,0.08147735180279708,1,insurance
C001660,0.022099080993510215,0.022466646788823104,0.023711510127237025,0.21145250019992531,0.023292674008820045,0.02445070788292783,0.023813660383040048,0.6487132196157164,0,none
C001662,0.024724155279313653,0.014426405547596447,0.0143766635397269,0.01373444339662855,0.32361355983448714,0.06082881640850714,0.2788561876654754,0.26943976832826483,0,music
C001664,0.018484311425535555,0.037160846661663235,0.025330932620777902,0.022475722338439724,0.5510291798589012,0.15127342278228895,0.12894249973346555,0.06530308457892789,3,music
C001665,0.032388878789028255,0.03366657691769449,0.03164318719918618,0.03299112703311326,0.029260442443301254,0.5608005436649174,0.033645618378033204,0.24560362557472598,4,software
C001666,0.012008804057102009,0.016032431020444986,0.010681876818140127,0.012177054801262297,0.006985797618227272,0.00922443390067689,0.010078646951735168,0.9228109548324114,4,none
C001668,0.02775230895138319,0.030741907220663785,0.02764604169377903,0.026640434964074748,0.32602596567165487,0.027576923435696052,0.04424257017105432,0.4893738478916941,3,none
C001670,0.02434327317492456,0.3021191937162371,0.05537867918925983,0.028640550744550176,0.029050249903752788,0.3208779305558511,0.030742540335127327,0.20884758238029705,2,software
C001672,0.03742655883454016,0.036395458638433936,0.035955393118911716,0.06405819918201246,0.03685440750473819,0.3991047729270192,0.03641191093936082,0.3537932988549835,2,software
C001673,0.012732271645871547,0.013299071623487202,0.5422890561256307,0.01338444482609107,0.05238910801360637,0.01186820738862109,0.29575405915765013,0.058283781219041805,0,insurance
C001674,0.014925458935894583,0.014750253028973006,0.05236309520395079,0.7607669363965892,0.015201167128472224,0.06388839132731816,0.018141391543911232,0.0599633064348908,4,mobile
C001676,0.03674874599348836,0.03316584474635212,0.03375285441746548,0.012749612441616317,0.02339691234827261,0.17535707662698843,0.5116447734073734,0.1731841800184433,1,streaming
C001678,0.031448224164401295,0.6363340805392151,0.0323674881852572,0.031433412392227494,0.032357532829567714,0.032895988050050506,0.0402003815830943,0.16296289225618643,4,gym
C001680,0.12176825773693169,0.1344490257637534,0.02825382006626265,0.04850916572011845,0.03171596086955197,0.029502650643549476,0.03177454268862632,0.574026576511206,2,none
C001681,0.042985904092857886,0.2384995713846128,0.045087264126987145,0.044059352477238085,0.047078946582492925,0.0481978348472928,0.26269065871644914,0.2714004677720692,1,none
C001682,0.04361651846320437,0.04288837832908406,0.04475840624210026,0.04905540171626681,0.04422245854329026,0.04335157094296016,0.053533155672548675,0.6785741100905454,4,none
C001686,0.014818477257800763,0.015038744054028844,0.16791996772216844,0.015684063273736712,0.42738306529670256,0.015068519025333082,0.1979448143905958,0.14614234897963388,4,music
C001692,0.03139777204059156,0.03404024209365118,0.03224249299774187,0.03589148692440684,0.09712271604497308,0.5356985381888952,0.06844785404867337,0.16515889766106678,4,software
C001695,0.03411204751284127,0.036398316996902,0.03780451587689197,0.03660488278567251,0.036836845614375044,0.03709804978163714,0.33762969859281866,0.4435156428388614,1,none
C001697,0.018512185289909517,0.015919673037195187,0.13816905971063123,0.06454956006351384,0.015120307158369114,0.03617505413224381,0.01412027587488363,0.6974338847332536,4,none
C001699,0.014342429875397465,0.0165378347916306,0.05507380105496406,0.04060328538010633,0.017546644904855396,0.04333405134125271,0.17726046279581945,0.635301489855974,3,none
C001700,0.029093705082220218,0.030274925586693834,0.019517262173931894,0.030612327825175006,0.08359678551939675,0.03173244503227,0.07168959672283674,0.7034829520574755,2,none
C001703,0.07175844726604037,0.07582679515961911,0.08129863361735283,0.0772646538645557,0.0820920939003265,0.07993105928452054,0.080391062627107,0.45143725428047793,1,none
C001704,0.022248225950341025,0.021611599619579175,0.02070202476346958,0.436463393564649,0.2728760936519413,0.021241827210267086,0.035632565207733016,0.16922427003201973,1,mobile
C001705,0.313247485956511,0.017584869844797155,0.017245967194619946,0.08550902179370508,0.12323132866072219,0.026640655763970712,0.3541041062384773,0.062436564547196594,2,streaming
C001706,0.48394029956618995,0.026589245784175014,0.23628755695609976,0.027341156001842948,0.05082638423378899,0.036650361342812444,0.02765696942322521,0.11070802669186568,3,cloud
C001707,0.005023733001560024,0.6333274310301625,0.0048496654644376086,0.0072951560304355045,0.262059949434175,0.005104158892215842,0.02505669913123147,0.05728320701578205,2,gym
C001708,0.0151604305096273,0.014949991862111569,0.03655246908632329,0.3027744630476633,0.023600534355541866,0.043703123814571664,0.03957100701316803,0.5236879803109931,0,none
C001710,0.021652578055658615,0.01917518146179541,0.17845731057649988,0.02577126535296158,0.21631439279379228,0.02481551708605704,0.02336272983151743,0.4904510248417179,2,none
C001712,0.06689033414367257,0.012716942704017669,0.561011217169813,0.2752272536238425,0.01184797849111662,0.00919833558985418,0.012599193784442271,0.05050874449324118,4,insurance
C001713,0.1980251267626107,0.020120357437720983,0.14527694830432242,0.02060812812180136,0.07197466130125665,0.019857233657685852,0.08145920909120954,0.44267833532339257,0,none
C001715,0.2801349359088155,0.09785341295278263,0.018753609567477077,0.02077734592770677,0.12803790020637607,0.35334472649104104,0.030939115194608367,0.07015895375119256,3,software
C001717,0.6056346898553805,0.02777157553228194,0.02760956614424278,0.06998520626847386,0.029054384420159306,0.03148680507719296,0.029386412305394412,0.17907136039687419,1,cloud
C001718,0.01785106995415788,0.21723405901380452,0.051863541095944314,0.39482731850462205,0.15679259358023628,0.04580800474686038,0.015578803904536302,0.10004460919983824,3,mobile
C001719,0.011093361467901446,0.8559200564704836,0.013370874574565282,0.010459677943885111,0.010834407870051122,0.011150045884236914,0.01130079913306212,0.07587077665581418,3,gym
C001720,0.02392988762587361,0.017987612201945093,0.019028326205893707,0.16256184811990027,0.06047852932536933,0.01810366258942501,0.01901516664245946,0.6788949672891336,3,none
C001721,0.011425636849055813,0.01281473585726494,0.012524895954467815,0.012050883776327816,0.020195281333156966,0.012826521968348117,0.8369725547803475,0.08118948948103102,2,streaming
C001723,0.026265904655291248,0.02816709147980227,0.12776506244208857,0.026920713549657416,0.08098176130227695,0.0274223877507185,0.5833313679389025,0.09914571088126252,3,streaming
C001724,0.024490477729446458,0.7260955959314704,0.024316635831905527,0.02731104550878533,0.025329019568164718,0.0263046044367194,0.026308155878697885,0.11984446511481016,3,gym
C001732,0.03335885630878242,0.07532769015707114,0.19171095797127077,0.03220752970854948,0.06195707522741045,0.030421664938883305,0.03186365627280277,0.5431525694152297,1,none
C001734,0.49417338195841587,0.026149343404679844,0.0323324605580906,0.03042776701612445,0.05235316890962185,0.03232153464038957,0.03989668616435372,0.2923456573483241,4,cloud
C001735,0.15053771699570012,0.33358669533479923,0.014124703907997409,0.01777647014011335,0.1809586210303215,0.03438059305344376,0.14780623855561645,0.1208289609820081,3,gym
C001736,0.03657246807568165,0.04299761083506351,0.03932440600529513,0.03468516860768377,0.03321538974142149,0.02067006955507862,0.0370591315319969,0.7554757556477789,4,none
C001737,0.24795592917194575,0.23753933265581983,0.06109636547922451,0.05966943134803254,0.0365283035430693,0.01219706039916963,0.04104874535371504,0.30396483204902347,4,none
C001740,0.6831359992430424,0.028018573112329977,0.02723723130647442,0.0278587050208643,0.029889251575064085,0.02817812585798877,0.02862613919541548,0.14705597468882062,2,cloud
C001742,0.02216202627761716,0.03449509578218348,0.034799283702424244,0.03680451125490256,0.10475149125658309,0.4962792905371519,0.16553686008767038,0.10517144110146712,2,software
C001744,0.014470226037490295,0.013276789227102502,0.2579408674369897,0.01413194719771332,0.0995365601573662,0.3936711099692578,0.10093795367157768,0.10603454630250257,2,software
C001749,0.16858858641680585,0.009978340540624697,0.013117349716308926,0.09353489042033546,0.09942087600981049,0.009066583745947033,0.2667303974764791,0.3395629756736885,4,none
C001751,0.008517299539456229,0.020049358381582342,0.11161709835194258,0.018350245875867435,0.03788646468064138,0.016533343516694336,0.09319425923300825,0.6938519304208074,0,none
C001753,0.011004905187508383,0.01724412614829503,0.04961290933260279,0.01767180898790698,0.016267702053666427,0.7799366603128712,0.017464831788728145,0.09079705618842103,4,software
C001755,0.027686222796452768,0.027268474566018525,0.027304584872204433,0.03220989596658094,0.21614848532318026,0.02551675905060862,0.4968374152131604,0.1470281622117941,2,streaming
C001757,0.04737369595483263,0.045855000626678286,0.045454312555764174,0.045129693246824906,0.35804694242487445,0.04700941568218923,0.1190892976557037,0.2920416418531327,1,music
C001758,0.3690503623806605,0.020276271866963007,0.3979225225488928,0.01860764418548392,0.019575584343560787,0.014524877691033986,0.01920836408768295,0.1408343728957221,2,insurance
C001760,0.030040531141027293,0.027654305968792016,0.03784757304443817,0.029429241984137884,0.03150531385261254,0.03268785357153068,0.02914803219308794,0.7816871482443735,2,none
C001762,0.007075913349013714,0.008685592066587793,0.21488402388153255,0.0036976954182635193,0.007787863158199402,0.00761220102693703,0.0072901585953236035,0.7429665525041425,1,none
C001765,0.01630391952972534,0.011545922632479657,0.011527172587474252,0.011058206570992624,0.021640417469244815,0.07107120404182848,0.011228260576854767,0.8456248965914002,2,none
C001766,0.0223055085579906,0.08248716436728418,0.022655811984756805,0.022374644102131896,0.0179638711954741,0.07706462497669743,0.01654907284263954,0.7385993019730255,2,none
C001768,0.04258273590906164,0.26130170506095995,0.046697940068749846,0.041916970922913466,0.03266451950441489,0.04437639090318765,0.02093511149627273,0.5095246261344397,2,none
C001772,0.037827054392557694,0.018913471532844794,0.018118059917646624,0.008925957081189406,0.4869112196104054,0.011108762519393318,0.06678070098514727,0.3514147739608154,4,music
C001773,0.6561273097250915,0.027752751775073504,0.028018400112510212,0.0279048378110517,0.02855678734405041,0.028428968075408078,0.027719177628502872,0.17549176752831172,2,cloud
C001778,0.14905052406073888,0.02976855732339706,0.26452513237560277,0.041675249225824856,0.023243548094349996,0.23987470393862956,0.024615817081861655,0.22724646789959524,0,insurance
C001779,0.012958023855163023,0.334244091408204,0.016235445742104077,0.193138265559468,0.05060986243610092,0.24631511142614065,0.02881404525284615,0.11768515431997316,4,gym
C001785,0.182754825305196,0.03085326683342347,0.03015553388390929,0.02892688152245524,0.3517372995830247,0.04228752752793885,0.22312973610871217,0.1101549292353402,2,music
C001787,0.2226505420812026,0.1297316498472066,0.03763762618616959,0.07442248993051256,0.022025597614025852,0.3446196844023726,0.022614044055150755,0.14629836588335943,1,software
C001788,0.31546745283426025,0.07489916772481274,0.015096606002092948,0.014097258997473447,0.01485335500128384,0.014661981343180088,0.05624863385109688,0.4946755442457998,4,none
C001789,0.6858699051598027,0.024982911602826764,0.025873838017856456,0.02310782776084654,0.02400952472937662,0.04296566091161175,0.024277491780831755,0.14891284003684735,1,cloud
C001791,0.016291956315959828,0.017222946444074048,0.01746763642884476,0.7188463026835601,0.017037874977268462,0.017167258439385154,0.016667941272712865,0.17929808343819464,0,mobile
C001792,0.07565798060833924,0.03568387647036468,0.03517310522128648,0.03418085881172596,0.0340927722154326,0.5724500455609192,0.036396165757554694,0.17636519535437717,0,software
C001793,0.4743697910082232,0.02978423958387192,0.030075145220038416,0.0574450072858337,0.1313892193154919,0.05781595870894514,0.09336324803882043,0.12575739083877532,0,cloud
C001794,0.0304398141615195,0.022585961414061773,0.053195244255163,0.064157337536413,0.028809416495332935,0.2699403794842353,0.4077658132102735,0.12310603344300096,3,streaming
C001795,0.018191249325494135,0.01795471526608707,0.014554084572861545,0.018572051126064155,0.0210419032299092,0.00805460030889248,0.5175534392158494,0.38407795695484204,3,streaming
C001797,0.0968900886139409,0.015250176547884927,0.015693032360838893,0.02916425070292735,0.06460569487877449,0.03630728312493577,0.01390771000067719,0.7281817637700204,1,none
C001799,0.012848884912484572,0.01278918042140286,0.012417840715104787,0.004850992973825225,0.02297378090130506,0.044786633216496195,0.65258732833185,0.23674535852753126,3,streaming
C001801,0.010740025736727062,0.01053257211152735,0.010341608599603877,0.010425080513050914,0.047840758366655446,0.011714041578102635,0.012613607549458847,0.8857923055448739,0,none
C001802,0.021945619423142933,0.021955145560389196,0.01148649781326381,0.021333430965602782,0.02337248632154986,0.010209588130017771,0.022512756781540997,0.8671844750044926,3,none
C001806,0.017762737039331233,0.020698657125411954,0.012916133080446745,0.019621381033721585,0.72042702380958,0.01980068610734828,0.08713881331347914,0.10163456849068106,2,music
C001809,0.36805036535594454,0.10563179348817411,0.04099396653342637,0.19740838569653413,0.020645659691709485,0.025364824286543852,0.020803173375484797,0.22110183157218277,1,cloud
C001810,0.014131375932010255,0.13714633229021259,0.014363860700739917,0.013141843185690071,0.05118237579285945,0.013063158202005777,0.05598788831975666,0.7009831655767252,1,none
C001813,0.036220350342348606,0.03836299666515797,0.6125997210107523,0.04880516986053504,0.04711540745097186,0.03923839170699699,0.04949620534050425,0.12816175762273302,3,insurance
C001815,0.024286026543127476,0.6449913075473135,0.0289953353416589,0.025795921392067465,0.05667295299604651,0.02685780061065143,0.05928677400348033,0.13311388156565443,2,gym
C001817,0.03522742349383502,0.030883363106305045,0.03129504508244378,0.030580673651357807,0.30239971698052354,0.022221854699321163,0.3422986028631998,0.2050933201230139,2,streaming
C001818,0.028508293702037883,0.11351007715864964,0.03029049777989975,0.03488534404122261,0.3278972717278751,0.03278767608843716,0.2653496869753933,0.1667711525264845,3,music
C001820,0.035918023442181854,0.032931488654635556,0.5875440549877244,0.03241160957258388,0.03542779527880864,0.03398896082010735,0.03396377292159651,0.2078142943223617,2,insurance
C001824,0.2718560290809782,0.027940314191271437,0.34784861727692395,0.027801730469788292,0.02714944588292114,0.0602589795719491,0.03376202329230867,0.2033828602338592,4,insurance
C001826,0.029158576602430077,0.02898102593699636,0.029289206623839242,0.03033982178367175,0.14065315161248831,0.028773226032153883,0.5957953575674442,0.11700963384097622,0,streaming
C001827,0.035117680602226746,0.5419118436480779,0.02479266559897225,0.0263090739518742,0.010958212116400443,0.024142638233718736,0.010812830794749356,0.32595505505398037,2,gym
C001832,0.24648714751267692,0.013718803859839823,0.149681540158965,0.03084786487333275,0.10736386888547073,0.03353464546887364,0.16675037103329712,0.25161575820754406,2,none
C001834,0.0829906421286165,0.03099100661397042,0.029815317526851938,0.45470668560717475,0.03090170858071481,0.06707258401124931,0.0332727354742718,0.27024932005715047,0,mobile
C001838,0.02518396119264354,0.4378926144413603,0.021786866013120177,0.020319079806366904,0.12453617654235222,0.02180773946016977,0.13500795740293542,0.21346560514105165,1,gym
C001840,0.18055861002093523,0.018144839961190398,0.013775799649559831,0.030643793015509672,0.020485787698540845,0.008574203496431702,0.02103286248055002,0.7067841036772823,1,none
C001841,0.024673929435122158,0.02886579304167692,0.03520347995623972,0.032652885064648154,0.036400231725342805,0.038142598635843,0.4694510629707928,0.33461001917033445,3,streaming
C001843,0.02122525023228035,0.031053207173746718,0.022519612733553608,0.19021280866902945,0.0393079439566962,0.19743794332539732,0.3503437203480151,0.14789951356128136,4,streaming
C001844,0.1332119857195401,0.13410046780229407,0.016721777972142315,0.27910124358875626,0.03666224487245722,0.013244726275298893,0.08309982921538499,0.3038577245541262,0,none
C001846,0.08899489161471758,0.02718729952610798,0.22136006398998673,0.027220047708384223,0.025762007549649458,0.30181213291016323,0.03788194913638172,0.26978160756460906,2,software
C001848,0.09510305395525825,0.03003386571621068,0.009838003114527361,0.009599986939423715,0.4721596083120786,0.14384453906224628,0.20192594483730003,0.037494998062955066,0,music
C001849,0.13114754036886528,0.06613755308933403,0.0666041763939339,0.06646237300705968,0.07017982444922277,0.0667963917492958,0.06926598375675694,0.4634061571855315,3,none
C001850,0.661910653357328,0.02031383356076575,0.01988707706120675,0.020201961177766556,0.02312103700059165,0.020906737117379094,0.020850667608268023,0.2128080331166941,2,cloud
C001851,0.35060830046592895,0.017926684356497295,0.017074776381910267,0.012151888129424422,0.021506535174693982,0.016558294573965134,0.4529606794081841,0.11121284150939592,3,streaming
C001854,0.010118527266752556,0.44938904640555705,0.011075196028963494,0.010065149528321651,0.08079524675617732,0.010773821622330938,0.03815709624737672,0.38962591614452025,2,gym
C001855,0.03551419744750753,0.023300385018258228,0.02840987725243773,0.10275138192400766,0.053385921353203386,0.02107143790979606,0.05740405859429579,0.6781627405004935,3,none
C001856,0.7562481013308788,0.0140714040365737,0.01507774594853574,0.025675384646292806,0.015385220775109048,0.01660698222613744,0.016635076841422576,0.14030008419504997,1,cloud
C001857,0.015022726271833764,0.05459183860526147,0.014789952458056112,0.05747563675079273,0.300061997465469,0.08106149559683395,0.38749169881137246,0.08950465404038051,0,streaming
C001859,0.2159087696146943,0.03395920251433528,0.25036063156413135,0.05267741031910954,0.2543273424723377,0.03252790641564866,0.0338799990466495,0.12635873805309367,3,music
C001860,0.029726925739094273,0.031441377520793845,0.029965299344207292,0.03366875483384435,0.5165393119039605,0.07689237963577296,0.09908967090265526,0.18267628011967146,3,music
C001863,0.037757106072494453,0.03665576995561973,0.03438174931907664,0.16636402134417666,0.04119550994311012,0.31711982240754827,0.03988429737329253,0.3266417235846816,1,none
C001864,0.0227604403382368,0.052458334171004754,0.3630508839781372,0.022956276697015332,0.021684733784051412,0.051853994606633695,0.03801951500523698,0.4272158214196839,1,none
C001866,0.04998100156666556,0.03417465834909348,0.056390179888312755,0.05323380869985185,0.05743954245808569,0.05522585238933923,0.05326474444538441,0.640290212203267,3,none
C001867,0.3186698197782598,0.023569796799913854,0.022940501204785958,0.1926798688896472,0.039499683564715754,0.07114757159692907,0.11064180322918925,0.22085095493655907,2,cloud
C001871,0.06421278838673573,0.066240370147684,0.07196084695712582,0.07432266575996663,0.09217258919754208,0.07219491972312544,0.08990715677833921,0.4689886630494811,1,none
C001873,0.0953273496231194,0.033476005417451375,0.03165555417811018,0.03211206384718282,0.0344058484360574,0.03418756456677158,0.03519026762793307,0.7036453463033742,3,none
C001875,0.03361904542841782,0.041565339100433196,0.03661819586509296,0.034991516117175464,0.45748869244601476,0.08118323867597343,0.04468956857101497,0.2698444037958774,3,music
C001879,0.03773642137651573,0.028327131487845488,0.22490911018326198,0.03743888786263695,0.051712138803225206,0.23988621628127646,0.09827971684314027,0.281710377162098,3,none
C001880,0.011065415323344806,0.016799011565521372,0.015323638594294817,0.010641587358756277,0.029925552621757633,0.017540543484738644,0.02742985731882421,0.8712743937327623,4,none
C001881,0.004973448456939592,0.009107891841179442,0.3464406345648727,0.009582541392651939,0.043016591664561614,0.009790125208322072,0.5414978102958975,0.03559095657557517,0,streaming
C001884,0.014770288531762266,0.01390830950211231,0.23162399965885572,0.6008978719896856,0.009095367567066297,0.014305451653719322,0.00854334917031979,0.10685536192647874,0,mobile
C001886,0.012443904797649716,0.8425901238289253,0.010973993146684253,0.012295081034277767,0.034580642330401486,0.01026051505012722,0.01036830732026121,0.06648743249167322,0,gym
C001891,0.014831854198681636,0.4855875727496547,0.14714521387673413,0.20218099065864592,0.06454685172718899,0.013730827531556002,0.019107517728312373,0.05286917152922627,0,gym
C001893,0.03134911034187746,0.030174786340648838,0.02987956452683834,0.7079346650352245,0.02964056716980959,0.024283972439828,0.028725897703951474,0.11801143644182183,2,mobile
C001894,0.5311590080715044,0.02761565422234956,0.0274464250979092,0.09389092132917727,0.027988314117534892,0.027283257017658602,0.14231350132989076,0.12230291881397537,1,cloud
C001896,0.06240427503603814,0.378709058218313,0.017020283925555862,0.01772803167946866,0.07143903798905618,0.13920697306933222,0.1725472608484951,0.14094507923374078,3,gym
C001897,0.034766305270580285,0.10167241874037972,0.2134493132557551,0.03435825052395286,0.0329910208028455,0.03546211370191002,0.0869735710935493,0.4603270066110272,2,none
C001898,0.015295100724569638,0.3855065206648729,0.017847956957758485,0.017427227938752395,0.027954181516441783,0.03212979590692019,0.42339089772054495,0.08044831857013965,2,streaming
C001900,0.010553459536764592,0.6574058423568208,0.05869384615841036,0.011009502029993153,0.1607238602823351,0.009983001978166673,0.015082082725077179,0.0765484049324322,1,gym
C001903,0.16078211549789517,0.186249468100827,0.03366418519877024,0.45550733212978106,0.033345367047089076,0.032903452217439386,0.035619249496952166,0.06192883031124584,1,mobile
C001904,0.2556842119614768,0.022422962514892307,0.21374850980726387,0.023621305708134456,0.08038054795399982,0.1320562161939695,0.08990342776865203,0.18218281809161121,3,cloud
C001909,0.060645892412347045,0.06001531943733651,0.07317480585751543,0.0629523844783094,0.06943428283890385,0.06769918509342368,0.07896220103863637,0.5271159288435276,4,none
C001911,0.5945101930419746,0.12838555425958714,0.02511565448855272,0.01901290943114059,0.03578550124711296,0.009964015830205598,0.14330016403265053,0.04392600766877584,4,cloud
C001914,0.026866608490786942,0.02735951492747249,0.2113018880415527,0.07949943787825185,0.05058871120043964,0.036303556034087976,0.322449566349316,0.24563071707809248,0,streaming
C001921,0.009262275075613833,0.013504347766101304,0.01252076952904982,0.0929735571850476,0.014875269335962978,0.029332095952584524,0.013166737565770725,0.8143649475898692,2,none
C001922,0.009518999627216985,0.008963869385768939,0.11048004572889122,0.7430081041610954,0.03641069281907555,0.007434655430846962,0.01712168129247486,0.06706195155463007,4,mobile
C001923,0.01827626576761553,0.01559796452209207,0.016463682359238424,0.01652033811634361,0.37971175735791385,0.009308978233501925,0.47576970645588346,0.0683513071874112,1,streaming
C001928,0.04815157836582497,0.04636720445546587,0.06150590409446739,0.04586455535752362,0.05125965811824593,0.07200726242636676,0.05416265127360295,0.6206811859085025,4,none
C001929,0.052190632852366234,0.03674983887615576,0.04322611948941131,0.0383049817634329,0.041186838049489236,0.04202913247667245,0.050266427929644475,0.6960460285628276,4,none
C001930,0.036520961903208415,0.1902047324093583,0.5514459205952702,0.026301194219350406,0.02320534426694561,0.034010049147486794,0.02433259608792461,0.11397920137045575,3,insurance
C001931,0.031966870481744736,0.029815580713853658,0.08536989400476716,0.034473528082107685,0.21540659087751524,0.029382828396530895,0.15023377001951832,0.42335093742396235,4,none
C001932,0.15207330595138382,0.04824169343521502,0.03450705744651903,0.08484802418410856,0.04963583897074786,0.028530162760167184,0.05110061095159757,0.5510633063002609,0,none
C001933,0.01274396207941018,0.13886610900555918,0.012556161598666278,0.4233891740104907,0.045459309167410325,0.2224253897141252,0.018060442182117834,0.12649945224222028,3,mobile
C001934,0.005798324858264775,0.016555120784956107,0.002967504807515318,0.010125593582765036,0.014777883261989113,0.005488962746617609,0.008691276118199918,0.9355953338396921,3,none
C001935,0.02722781826982487,0.028647809430346782,0.026459914866105896,0.03249614640471939,0.18255628500110113,0.02649439824581583,0.554405055143326,0.1217125726387601,3,streaming
C001937,0.022807923337643657,0.02115129818271131,0.7133894899236337,0.020795370901071662,0.030407005846527495,0.02118219083998859,0.030791425704665386,0.13947529526375835,1,insurance
C001939,0.062242679112491955,0.05818677001290755,0.060163526719387836,0.060246362775627546,0.06360625123800503,0.06305434062555018,0.05843956645476262,0.5740605030612673,0,none
C001940,0.014822035711526581,0.014517496624109068,0.014945447095630686,0.47645584302842026,0.014841270094928926,0.01332527550333049,0.37592563095359466,0.07516700098845937,1,mobile
C001942,0.019947757999931724,0.05110719474872849,0.06365523060670349,0.018038735775197972,0.39876801612471735,0.17857287351915216,0.12256751157366572,0.1473426796519032,1,music
C001943,0.13887097833710005,0.163859679818108,0.47338907481843184,0.02290092143679206,0.024347907095119706,0.02541729000518957,0.02698713367307317,0.12422701481618564,1,insurance
C001947,0.05199178735357804,0.05184902026556089,0.2219383057637211,0.04949118405431799,0.23441432771494813,0.04886279404827116,0.07722934722737927,0.26422323357222344,3,none
C001948,0.012826777523659141,0.06685976087707378,0.028803798087656735,0.008827059099789833,0.027639344043914795,0.004672434838324769,0.005347389062244366,0.8450234364673366,1,none
C001949,0.07931752988651251,0.17690411195684172,0.43296956543740006,0.12033359455854005,0.025082688153409027,0.02536488171374086,0.026003104468197778,0.11402452382535805,2,insurance
C001950,0.010375317519258695,0.5005067370445208,0.0435719105650233,0.009954063054053709,0.012130053904017545,0.2326159550543413,0.024841437995496807,0.16600452486328804,2,gym
C001951,0.03212371728270747,0.03083013950543739,0.029928483147291535,0.032616426159150065,0.6035145386624021,0.0301056635186972,0.1312940915287173,0.10958694019559687,1,music
C001952,0.03236634344427757,0.01116105452057908,0.010515703630650691,0.025616151316727287,0.011546138368920437,0.030896489985148136,0.011481022516024546,0.8664170962176723,4,none
C001953,0.04066994049808062,0.04252885267495543,0.04460554522689435,0.043707666958073474,0.05138360820658981,0.04452169862148274,0.0429093086948095,0.6896733791191141,0,none
C001955,0.053393432800085364,0.011323344728748755,0.0046017209481383665,0.013228762614451686,0.28975922978517243,0.5151439104160911,0.018326906842238644,0.09422269186507358,1,software
C001956,0.014705972140709778,0.060475994644550814,0.03325276302140835,0.01195406406656719,0.010388375187592516,0.028386833421179102,0.011423804661010836,0.8294121928569815,1,none
C001958,0.40195191674444997,0.02085283669311525,0.008375133227772238,0.013020303046369511,0.2683014577778725,0.11832328104695984,0.027392108354922107,0.1417829631085385,0,cloud
C001960,0.04026517914101843,0.0566926158671211,0.07418898401380428,0.43352905040660494,0.05123897939782553,0.0505023879775532,0.051957325278500464,0.241625477917572,2,mobile
C001962,0.008429281045222699,0.014474333622860217,0.03183831173310259,0.013563352872109,0.014755611485422246,0.011960844965244612,0.013308986218587981,0.8916692780574507,1,none
C001964,0.03207239648392998,0.029809356067051786,0.0322735458008143,0.03026933196359382,0.13137175261877512,0.05643215327344296,0.5548191078887019,0.13295235590369014,0,streaming
C001965,0.4721014564107311,0.03258674023871408,0.015614554396645036,0.10125342622540695,0.018424025940561292,0.02893654259539888,0.019558337284246958,0.31152491690829576,4,cloud
C001966,0.04414289951941125,0.09422953298708531,0.04852189368650025,0.047448985164107324,0.13863608964949625,0.04944237257481267,0.13975899281853715,0.4378192336000498,3,none
C001968,0.01800658402901554,0.0365592484746084,0.025179865055050085,0.01909105012993117,0.032247330494476784,0.010094165862578332,0.04121576749007885,0.8176059884642608,3,none
C001970,0.01471870266803852,0.009362132340708913,0.01716816358360242,0.321640639358036,0.061012960354912646,0.16519382836683888,0.2439746278597853,0.16692894546807735,4,mobile
C001973,0.017782178709220386,0.017431918733318112,0.01763922090933094,0.6658025441618922,0.017539794470754894,0.06065085669205567,0.15192440859918788,0.05122907772423993,0,mobile
C001974,0.059766163173404205,0.04049287312132493,0.028818059294414493,0.17833426171313257,0.04154613763650765,0.5013150388048703,0.0464422543596463,0.1032852118966995,1,software
C001975,0.010643567249113021,0.2337388624821072,0.010129357120597456,0.013112047390003172,0.02124857019743126,0.02670545699243628,0.0498963459810422,0.6345257925872694,3,none
C001978,0.022482642121592317,0.023932615657823723,0.5776852695742833,0.023126488314213343,0.024175482328173493,0.22454950261884454,0.02965587637807593,0.07439212300699337,2,insurance
C001983,0.012946195521185238,0.012935293910123293,0.012913037479806218,0.012096996599009858,0.5855411242403135,0.27188860628004624,0.02665339271103756,0.06502535325847808,0,music
C001984,0.026210699816438643,0.7164145691522061,0.02689431401016886,0.026105416894487372,0.0265281093285651,0.026495997550447466,0.027457501717971282,0.12389339152971511,0,gym
C001987,0.034530324090004116,0.021587641033391988,0.02098807522984935,0.16171395726036442,0.004599129037999889,0.019597052388717617,0.006207692228167113,0.7307761287315055,1,none
C001993,0.005804365959168101,0.011473237735718383,0.010127012992619281,0.012073703401122772,0.004068954480980512,0.009896391299057769,0.0040246077843088925,0.9425317263470243,4,none
C001994,0.02171370596750312,0.024203846468958148,0.02411902285064767,0.4367001123215295,0.023353186861179685,0.02464076101535992,0.024501848594726552,0.4207675159200954,3,mobile
C001995,0.022551489344803593,0.11165024526261833,0.029171785049472276,0.02462660928218682,0.09063912421713698,0.01414864369409084,0.04767211734211213,0.659539985807579,1,none
C001996,0.07115365874296191,0.006735224750339452,0.279109524046404,0.006553545851498399,0.04116925292403047,0.005901568029499017,0.5233381128973317,0.06603911275793509,3,streaming
C001997,0.16293501666749693,0.010679609972760653,0.010129250983274867,0.00950996562115362,0.3482569273783668,0.021532435040637725,0.08134485718857506,0.35561193714773437,4,none
C002000,0.34250966378508446,0.056347828757588994,0.05861063919567368,0.06064300052814907,0.0609935971150008,0.06250099342963902,0.06506751924993774,0.29332675793892626,0,cloud
C002002,0.022061209754064136,0.015170128980374089,0.022242737627193705,0.01989533828072496,0.15303124335185406,0.08034847209879847,0.0895853231179139,0.5976655467890768,3,none
C002003,0.06287907425555347,0.0863659503990842,0.06950143517790758,0.07830308709399432,0.14896574383923689,0.07999631896203477,0.15033504854787003,0.3236533417243187,3,none
C002004,0.018008977621540887,0.021906060358909272,0.08628512412886069,0.07126918215653494,0.5781864191333583,0.04091353917138736,0.10674188914881556,0.07668880828059281,4,music
C002005,0.012516744501680617,0.012415891296266312,0.12166599003158243,0.010892578163578075,0.09607300122893864,0.5137832885415468,0.04010143605219749,0.19255107018420964,1,software
C002008,0.026517076841731515,0.14291866634951075,0.30022298113274765,0.02548475125621473,0.2837673311686923,0.058318498068006534,0.05399145217125447,0.108779243011842,0,insurance
C002010,0.010355538736129854,0.009315624124975769,0.43216137013312983,0.009395466062795153,0.23229925257111617,0.1819798630445195,0.07157156424761126,0.05292132107972253,4,insurance
C002012,0.05885030047609756,0.0600427763077228,0.12023841768257082,0.060732794918322966,0.06326486076104525,0.06380035453361682,0.0521877882321173,0.5208827070885065,2,none
C002013,0.40116651957505334,0.027755869611634128,0.1502247645838149,0.028457766385916412,0.08177203691787488,0.1764677495692188,0.03139975283391153,0.102755540522576,3,cloud
C002014,0.0199173705553398,0.24647871418768286,0.2652618435601478,0.03585133784061921,0.01992251307859183,0.05648214885938513,0.019753442860956975,0.33633262905727634,2,none
C002015,0.011727353833703885,0.012397229346666646,0.48832271995378496,0.012376669351586812,0.06571219590964172,0.011600348604128174,0.34198889946848643,0.05587458353200132,0,insurance
C002020,0.03561583218978044,0.322086711912289,0.03242749095251092,0.10830056157375778,0.2704966041100215,0.07309875956557897,0.06930573627546105,0.08866830342060031,0,gym
C002021,0.15801211560829523,0.015923414878506487,0.012912703277313515,0.018605980604782215,0.01397370472205363,0.06467771280239183,0.06786841641954872,0.6480259516871084,4,none
C002022,0.2694027295907472,0.019960600826174547,0.020221783852458756,0.019054595118193546,0.2881208967509827,0.04018569803073389,0.21713721619824433,0.12591647963246494,1,music
C002024,0.011985212198688436,0.08774784153024333,0.01199403228149663,0.5181485506250345,0.1951045350223281,0.08940329349135762,0.02831375958556151,0.05730277526528992,2,mobile
C002025,0.01942277490842422,0.12148178824830944,0.014921574637635531,0.037035665393400176,0.06853556285241305,0.3671309288282335,0.032633829622353186,0.33883787550923095,3,software
C002026,0.00853306202885235,0.011564264123475353,0.024632540383420453,0.006536910526963502,0.008441410833715022,0.008560481494277888,0.011238727302422324,0.9204926033068732,1,none
C002028,0.022572770272921292,0.022700671556589117,0.10869713852634519,0.022812971073753165,0.13883916857494444,0.05825709634360442,0.02561764149891331,0.6005025421529291,0,none
C002031,0.0037964033992612736,0.01329918215882755,0.012118861369838928,0.04496216447216314,0.013957257987547798,0.011499382799455976,0.10453753052056261,0.7958292172923427,3,none
C002033,0.02040772752139864,0.40781067555086814,0.42817651139357193,0.01151597873797162,0.02275432480956393,0.01227783496353602,0.022921675072203836,0.07413527195088591,2,insurance
C002037,0.020186200200868597,0.4014486830604105,0.018416765867527222,0.0103357398016596,0.24242757497574255,0.019853306796157426,0.1783567299324807,0.1089749993651534,2,gym
C002039,0.0218827130414828,0.01633507592761884,0.014876046611443813,0.0190800279391721,0.7859934781756479,0.017193949033608057,0.023355840226086572,0.10128286904493987,4,music
C002040,0.03625211833880017,0.18208346845184115,0.013678580303084668,0.037437553447521636,0.3567415304562993,0.013741925172684848,0.049384324948434005,0.3106804988813342,1,music
C002041,0.014991434507291072,0.014436932037398851,0.01533096737480584,0.7240144166635469,0.014772276308572306,0.048606787004645324,0.00812393834379945,0.15972324775994018,0,mobile
C002042,0.028710742411167268,0.1667210692626857,0.15666522700142324,0.02824650390824357,0.029034892817432698,0.4387577553909441,0.029065888032970576,0.1227979211751329,2,software
C002044,0.019954699315347633,0.019357105818595968,0.019115819660786286,0.6564322328619702,0.02036230323195003,0.07346233095680477,0.02018560886158998,0.17112989929295533,1,mobile
C002045,0.18311497817896397,0.03979048851217097,0.04575158185923278,0.31026410991833064,0.032492418343021225,0.12331805779685504,0.0428532346843863,0.2224151307070391,3,mobile
C002046,0.046855243692082486,0.15531709397757648,0.05576080579535518,0.04307816321275592,0.05389211165464923,0.05351027324340818,0.10485428821138229,0.48673202021279016,4,none
C002049,0.014733898099934164,0.7483932822347379,0.012062408813232655,0.012600960476004168,0.032049162785941276,0.012523777756155475,0.12338692540171675,0.04424958443227754,4,gym
C002050,0.38138217334583946,0.056535926611705575,0.05617189949884985,0.06349654472121243,0.047424199175450016,0.05643625729641318,0.07163809025759221,0.2669149090929373,4,cloud
C002051,0.02027145794017686,0.16129373583264714,0.08084200806999262,0.017163944119881522,0.019558404736778966,0.01349751634388524,0.0201457336194205,0.6672271993372172,4,none
C002053,0.01057797934065951,0.012096924769937697,0.011252932925645184,0.01681853569500249,0.018936703601924624,0.012523697378314665,0.01907899859724611,0.8987142276912696,2,none
C002056,0.027812798067370414,0.029528083861947836,0.030620299733167967,0.02739436769154424,0.5332236643321197,0.03346254052642399,0.24062435520168768,0.07733389058573813,2,music
C002057,0.011933533743440057,0.012491129440588564,0.02729409890002564,0.05072876792055734,0.7382733156332062,0.01185937589630736,0.0220199673408341,0.12539981112504067,3,music
C002061,0.011373887675647384,0.012742835117342288,0.12449838956144285,0.011945129811434354,0.37323611458521067,0.35985243000974204,0.04942639396356444,0.05692481927561603,1,music
C002064,0.6875232374683024,0.01450523651008825,0.014028502324174118,0.015057018717143995,0.024056381841289453,0.014598904253763126,0.14624123605659756,0.08398948282864122,2,cloud
C002067,0.5840850209013475,0.012164507392420509,0.15518950360679842,0.06439831108063472,0.011339085253815096,0.031859729860983045,0.01150336619519772,0.129460475708803,2,cloud
C002068,0.018048176964765905,0.012537777136106048,0.01738606825232814,0.016985907759039857,0.0733891450508267,0.12417305741656556,0.11680369169989299,0.6206761757204747,3,none
C002069,0.7970108001854243,0.009111079202458345,0.09333938559762106,0.007458466602088841,0.008233988658343468,0.02152554412746551,0.009053803091112575,0.05426693253548586,4,cloud
C002072,0.37752093114841434,0.20088163605655196,0.019745082037291917,0.022015006525019275,0.020721908541185982,0.019783835085740425,0.021810601230697127,0.3175209993750989,3,cloud
C002074,0.025396857145880136,0.025885626839489494,0.337228080531779,0.21112539003599068,0.21175373741227124,0.02812762056678273,0.024022498938251157,0.13646018852955547,3,insurance
C002075,0.03696339722274943,0.036417785924615614,0.03803999272096079,0.0414979201468274,0.06880236388021173,0.06513732170080763,0.4838556047982125,0.229285613605615,1,streaming
C002076,0.029106050415675565,0.08977144619649416,0.020951590676076333,0.011683605084410584,0.155516073859376,0.012743282387110502,0.6048533171681046,0.07537463421275234,4,streaming
C002078,0.21766065994601397,0.01969218765365005,0.43168291178848217,0.014580530459028376,0.037262590252340175,0.009687829501203366,0.04494288477149644,0.22449040562778552,0,insurance
C002079,0.01072497130745833,0.010999632266238245,0.0800871888657464,0.010846167483073875,0.11125472658165912,0.033960356759204995,0.6708939229792892,0.07123303375732983,3,streaming
C002081,0.008785677403132677,0.00918793179295716,0.5706029490956623,0.00735357955656587,0.32769305903857127,0.00766484967958435,0.018217017655287427,0.050494935778238936,3,insurance
C002082,0.036183749912618704,0.03656122573511792,0.041134523419865156,0.03624583611584491,0.04208942376539622,0.041442708055542433,0.02983020143705639,0.7365123315585584,4,none
C002084,0.048350804905856845,0.02110051424001822,0.04004004934625884,0.42077309319228673,0.12098720852693953,0.16672043951408955,0.028620495271383356,0.1534073950031669,1,mobile
C002085,0.02208294305551308,0.10762618757422415,0.023169877714687634,0.025713378566044776,0.021920980266755784,0.02227518227088377,0.05867395840200824,0.7185374921498826,1,none
C002086,0.1864885109432981,0.46654067773286845,0.1963708678448225,0.011668222462255271,0.014505692826736558,0.011841461933411016,0.016940149793145502,0.0956444164634626,3,gym
C002088,0.1579363544134818,0.022382512822630134,0.02616279569340303,0.037969009211829316,0.10438061757360023,0.07242723614826384,0.15213165626075686,0.42660981787603475,0,none
C002089,0.04340313125537423,0.04037694817082557,0.04863774811662884,0.044932482916202846,0.04695320498975371,0.046384149955911,0.046021086822413654,0.6832912477728902,0,none
C002091,0.006612849674747951,0.7556353824906377,0.006572703991607431,0.08340041492854354,0.07799125813029432,0.009711854738596162,0.02185828370929205,0.038217252336280726,2,gym
C002094,0.01931162823932811,0.019773847868499277,0.019424530339445478,0.14135592368057248,0.19579797738433571,0.043470941115934865,0.1835316295373484,0.3773335218345357,0,none
C002095,0.0649015752643491,0.06486911736012652,0.06998163761079411,0.07152347811241937,0.06754911711219008,0.0305653111831271,0.06609574839662377,0.56451401496037,1,none
C002097,0.06347860013087939,0.03887911018800854,0.03321586993321312,0.037673651376366676,0.23090067273802928,0.07217333912989371,0.40070185587591717,0.12297690062769218,3,streaming
C002098,0.0503774710660185,0.02686832899433094,0.02243683591393171,0.0214341459726378,0.013170204377723732,0.568753851110217,0.010635954620126798,0.2863232079450135,3,software
C002100,0.03213958874840926,0.030685811619660087,0.033511114217194146,0.45344543913754987,0.03397896924122939,0.19031982641898298,0.033906357712806805,0.1920128929041674,2,mobile
C002101,0.021400504253525236,0.02138304177556286,0.09030915567036768,0.3808703614135158,0.21813024088437433,0.0223987377453914,0.025343297830738097,0.22016466042652455,1,mobile
C002103,0.015232927979622769,0.013232780214703099,0.11059843758992574,0.013191189319819944,0.11627207847323406,0.012141468068792256,0.6526616815608699,0.06666943679303218,0,streaming
C002104,0.03843233668349151,0.0345850559432161,0.03464367436066208,0.037253507959444696,0.2444539673487242,0.22158371870717264,0.08807495710590055,0.30097278189138815,0,none
C002108,0.01867748831373399,0.14257116435034595,0.5556268170612153,0.018552763313024235,0.01918752703812243,0.019304577544331392,0.019035685981757484,0.20704397639746902,2,insurance
C002111,0.12846974362056812,0.024454303588434693,0.02408953268117595,0.03625609682511084,0.015069474117677123,0.023953730034053856,0.014927191521574158,0.7327799276114052,3,none
C002113,0.034629301700973066,0.03107799454154695,0.21587710251270475,0.021979697593315355,0.1891179146344335,0.02288809390691584,0.21153682472119917,0.2728930703889114,1,none
C002115,0.04994636273801113,0.04995828516852323,0.05239945511196248,0.05131413027693606,0.05803188927987611,0.054854678044197566,0.05478059816453908,0.6287146012159543,1,none
C002116,0.2348054846926901,0.023896047179975746,0.3658995983913797,0.09505992309642254,0.016375704608441476,0.13041671784716857,0.015113550450904846,0.1184329737330171,3,insurance
C002117,0.6557241129778417,0.019804844651542836,0.014318577967338798,0.014487048415631868,0.009342399859546794,0.2121764370913517,0.010183870996021666,0.06396270804072472,1,cloud
C002118,0.0335633087505538,0.03391674537409042,0.033969113186760484,0.034268460303074316,0.67279736899562,0.035995583260375,0.0371208960250297,0.11836852410449618,2,music
C002119,0.10193530965426904,0.010243370530272092,0.7104000354703489,0.08443256155629164,0.010024988966921425,0.012533568604649426,0.009836643943627326,0.060593521273620124,2,insurance
C002121,0.541121799291574,0.01825688591519774,0.018114085553427032,0.1616554330101821,0.01841540477609705,0.10231238171536536,0.01796733323436507,0.12215667650379167,1,cloud
C002122,0.41097213082001627,0.05181185085330685,0.03651481164651654,0.10976663190010148,0.05121521713454239,0.04967973708230909,0.050126365600936425,0.2399132549622709,0,cloud
C002124,0.04033414705489458,0.04232549958672512,0.04408452090551307,0.047767378126823176,0.0470320836954634,0.34745158790960506,0.04825608045716302,0.3827487022638125,0,none
C002126,0.3160835498616292,0.01799501755053825,0.01828521102405435,0.39373793236008225,0.12375934208136444,0.02660825093149044,0.018447316921475602,0.08508337926936546,0,mobile
C002127,0.030906449269587813,0.013972776198991987,0.014050257471126287,0.8109878780177013,0.012676726086243173,0.01872683675826569,0.013506921262924642,0.085172154935159,1,mobile
C002128,0.04556657205476156,0.04246067164447494,0.04591561969488307,0.04626744404843626,0.04959665651672692,0.04831424793448463,0.04656294057612638,0.6753158475301063,0,none
C002129,0.015343930159198625,0.017016323561184654,0.018518634365498356,0.009485023853735605,0.041786075222007626,0.02882394651072675,0.015175665197366748,0.8538504011302817,1,none
C002134,0.019870003400976305,0.01501100262863846,0.015374111402954919,0.016699804733222943,0.03251571897287882,0.7180481629493354,0.03298508254634608,0.14949611336564714,0,software
C002136,0.028525703562285024,0.028625617301560033,0.028015464283649143,0.027734869227418517,0.18046131625680445,0.24814501362470376,0.3054811779386053,0.15301083780497382,2,streaming
C002138,0.5055804938197073,0.0135615728265088,0.012872401607327392,0.020367251716184656,0.15160406385352204,0.2094332468364853,0.03069874472835795,0.05588222461190647,2,cloud
C002139,0.02057303091321176,0.021331487006997288,0.020223599281060232,0.02851276958079149,0.07367671795220032,0.1319014153938118,0.03914469062426058,0.6646362892476666,3,none
C002142,0.02185249085758858,0.10873086640442939,0.02070340537609391,0.704392459740698,0.020930209937575113,0.020937177185083037,0.020868323324354923,0.08158506717417709,3,mobile
C002144,0.05447773486752371,0.053943123593206105,0.055391413073255985,0.3270773618949058,0.059735877410679414,0.05831950296306925,0.06910646820538974,0.32194851799196994,4,mobile
C002146,0.0686394912898551,0.06795157927037129,0.05233572535910193,0.06686064046109966,0.10772302033965614,0.0678533683594365,0.11969684126379387,0.44893933365668554,4,none
C002147,0.015493307902065552,0.017682707080549163,0.4415392197677751,0.01920422990353795,0.31019603684530694,0.0175191597866432,0.07325080736865372,0.10511453134546833,0,insurance
C002148,0.017331065465678808,0.016405825545087023,0.01695872346682102,0.016929973853675527,0.17962178791353253,0.5476813885019933,0.017718013811598172,0.18735322144161354,0,software
C002149,0.022656101674553106,0.11274084464875966,0.020393927306279612,0.6403436662447269,0.021731134583093135,0.01975588652774386,0.024052489882095004,0.1383259491327487,3,mobile
C002150,0.028075718472101274,0.06693810179485327,0.049786705023839625,0.04711592806308125,0.052603319066307094,0.052417175581929626,0.05977942028209528,0.6432836317157926,4,none
C002151,0.02264813080877409,0.022589158870459695,0.02285920995293287,0.021006478575956118,0.7164693766839186,0.014481266219249025,0.036453435595704735,0.14349294329300477,1,music
C002153,0.027220468773060103,0.029419559123228543,0.031899530648565336,0.027487686593810946,0.029890651209102972,0.029722057207711993,0.02785372401974961,0.7965063224247705,3,none
C002154,0.035819000359357686,0.521591886403631,0.033937815746232475,0.03211388517102083,0.048878367919149075,0.12854490661736434,0.045153665088081156,0.15396047269516341,3,gym
C002157,0.03153887220280467,0.0322312761369712,0.09408361483287304,0.03179187738345446,0.03026501365515595,0.03256304920412504,0.6368467293048772,0.11067956727973852,2,streaming
C002158,0.0453946755677162,0.04719038169604457,0.049071560839658634,0.046998228158315454,0.05192445186089829,0.048177699639845875,0.04556781843474446,0.6656751838027765,3,none
C002160,0.029110166435652028,0.022765051372012558,0.6698723385505603,0.0251842255722394,0.02562628167708281,0.02517615884883926,0.025316332765705753,0.17694944477790794,0,insurance
C002162,0.19990699832919334,0.03801775175368377,0.39456381445167255,0.030723915784128992,0.14272994995568122,0.029679765442254334,0.029971625512020483,0.1344061787713653,0,insurance
C002163,0.012420193728345135,0.02182035093658307,0.015029091740941415,0.013526627675572044,0.014262753266379245,0.01679065526390656,0.043783318361621394,0.8623670090266512,0,none
C002165,0.107559151027007,0.008459024469976801,0.01668476460762349,0.01544743132931704,0.00967863582604261,0.41882254588554346,0.009459219919815609,0.413889226934674,2,software
C002166,0.04105439771348804,0.04241304562075354,0.04413050450042137,0.04739494171259845,0.05094521575947418,0.05272445729064193,0.06029954099899272,0.6610378964036299,4,none
C002167,0.04020856555814809,0.019870464987176616,0.06476579859026779,0.018728917340743077,0.010577189789914024,0.031422666573004146,0.011014029998937367,0.8034123671618087,2,none
C002168,0.02118472081900668,0.023358919973643876,0.01928922259821613,0.19316090301477168,0.2013171777511737,0.05359204787776347,0.3284527620072807,0.15964424595814392,0,streaming
C002172,0.08903851609855305,0.04724571282737184,0.04687345978332306,0.12605267607979703,0.1808744870194222,0.047419482933188435,0.04947848200179334,0.4130171832565511,0,none
C002173,0.2754985977883015,0.01909221196295061,0.02385381495092901,0.024347894535301066,0.3729627492000034,0.017947991722085214,0.1720604901995708,0.09423624964085839,3,music
C002174,0.017753199850926313,0.017270378051221277,0.015758674955789316,0.0163604436338655,0.8070174735569404,0.01696685846508326,0.018834464785802016,0.09003850670037188,4,music
C002175,0.01807611764720941,0.09070869563335077,0.01550326651002792,0.017260567263688797,0.05397114396195676,0.07832659828249777,0.1468130758852011,0.5793405348160674,4,none
C002176,0.015165141742919372,0.01570925169136188,0.014860546194674012,0.07998326221006603,0.40792371393482074,0.014624897838231649,0.3691031481248259,0.08263003826310046,4,music
C002177,0.0702995047668335,0.07301738495991644,0.07687499099876297,0.07606731063952211,0.32073170177418575,0.07849308409190726,0.07884505336297526,0.22567096940589665,1,music
C002183,0.014579069533626598,0.014759233310704854,0.014678203690553903,0.19500269161366235,0.4042204974583507,0.06333963401838354,0.06709999356906965,0.22632067680564846,0,music
C002184,0.33208609718959925,0.4824791729339144,0.016287041670522008,0.05714864684769039,0.015545957560605155,0.016680778443325113,0.015948787195980363,0.06382351815836329,0,gym
C002187,0.015159427256508734,0.016161801133338982,0.01644539150506412,0.2748884676449137,0.5524996141759989,0.015514509659454886,0.06205309912365506,0.047277689501065666,0,music
C002188,0.010137204223320203,0.011456679118038287,0.08270387660548022,0.02051307486506677,0.009263634253235278,0.013899799306954529,0.008018948958740377,0.8440067826691644,0,none
C002189,0.02379150644560845,0.1450435128115997,0.6927554999696217,0.017533148088886376,0.01766365664584587,0.017844811884875342,0.01765064033004556,0.06771722382351694,0,insurance
C002191,0.025900941777430422,0.19213770579003286,0.08531379384515657,0.024323724704190242,0.026956011539820537,0.06161853301116721,0.03576798789135867,0.5479813014408434,3,none
C002194,0.018111865042211944,0.017679468634354985,0.10072153141237108,0.01917271669624281,0.25463430927724684,0.023758321575048143,0.09925885892658423,0.46666292843594,1,none
C002195,0.04325376734771501,0.4339740132622282,0.04726893125401319,0.05397222923903085,0.04958993752399883,0.050569271117071976,0.04874842230167841,0.2726234279542636,3,gym
C002196,0.033434355760482024,0.3749103695655196,0.03433999254448235,0.03715981086337995,0.129810594620894,0.09966389173226836,0.1313653878855457,0.159315597027428,0,gym
C002197,0.017052502334728752,0.016404620783495995,0.015233985041589362,0.06306928341378594,0.021246469906208168,0.02244774053547743,0.01773390920823576,0.8268114887764786,4,none
C002198,0.01549327784470428,0.010180972121686751,0.010620803357874666,0.024119795715358546,0.01139461735097093,0.008615634251624791,0.008787720587106779,0.9107871787706732,1,none
C002199,0.06946066811672803,0.016864847766925727,0.012452426450822361,0.04160885602543802,0.03787209949311426,0.01819336189087188,0.07268117476404376,0.730866565492056,4,none
C002200,0.019656607712909092,0.5283460979580863,0.2098260747562044,0.01649517574146181,0.014298563155876218,0.1417515533923227,0.01902071710623835,0.050605210176901075,3,gym
C002206,0.09934381124858407,0.013711214502760024,0.019058738107998324,0.08076552328383606,0.15724960391045825,0.013652261525578874,0.5176655243220654,0.09855332309871906,4,streaming
C002212,0.01545337887953667,0.016537237911064047,0.019032152371080628,0.05696955157983198,0.6432825509513229,0.04579801008181961,0.12700191153151633,0.07592520669382793,0,music
C002215,0.20160920139331712,0.02798596417623106,0.022604747853980783,0.026450786634830928,0.16566444272950195,0.02275510725580093,0.3753077576779964,0.15762199227834095,3,streaming
C002216,0.02626872474594141,0.18902350052731037,0.029369624800954217,0.21432299585358477,0.10363594728442088,0.03042273133474538,0.2934224181013948,0.11353405735164818,4,streaming
C002218,0.011965845338905337,0.08905575090611853,0.01053466449618844,0.010984050818162313,0.31491432858229007,0.454473860555469,0.026974582101513343,0.081096917201353,3,software
C002222,0.02303128145876785,0.01515788208825373,0.020939317256134352,0.011637215675042889,0.015370312839368789,0.022326920037592256,0.015578890470636698,0.8759581801742033,3,none
C002227,0.013022238647503475,0.008293486116104823,0.01483323973593888,0.033414069746057345,0.22517982715521606,0.10516657026505855,0.4956299040078958,0.10446066432622506,4,streaming
C002232,0.172335060713462,0.26845441663015185,0.020614785960276633,0.022308653751507687,0.29158470015867977,0.020526862418473877,0.09253887451964168,0.11163664584780651,4,music
C002234,0.021274002322121073,0.024810448535819055,0.02349209666896031,0.02558031394511954,0.013440159898496071,0.02153615881680412,0.020602876528437813,0.8492639432842422,1,none
C002235,0.021549703985239525,0.6879500985453612,0.021599454980834622,0.02217654392424507,0.022890235791009298,0.022658104828117465,0.021991399029188244,0.17918445891600454,3,gym
C002236,0.012981414392557573,0.013282701695924994,0.36073794181854707,0.015495436869046574,0.07052980777704444,0.01291479913843375,0.09522004534605294,0.41883785296239273,1,none
C002238,0.16399904595362685,0.017378318680101278,0.016491353669032236,0.01431914760027043,0.013698243732639122,0.010237077907713605,0.05519576756657348,0.708681044890043,3,none
C002241,0.011066974168208841,0.014051669535614585,0.012798056959078782,0.00968339508619412,0.09863054921377035,0.010867111215734705,0.5245814470035206,0.31832079681787795,1,streaming
C002242,0.013448403867156917,0.014615380524068806,0.01403116179827301,0.027397467547046625,0.6370029552607464,0.14289898626203762,0.02250851219202664,0.12809713254864416,2,music
C002243,0.07373871567561888,0.013461575101039892,0.012845387604345787,0.07172824455529095,0.1556913905235957,0.1897105455230217,0.4283622312530384,0.054461909764048716,2,streaming
C002245,0.01982497714190126,0.011160540859795419,0.011236953597561508,0.009805495661400517,0.018715147475168042,0.012512687899189195,0.032462888186670466,0.8842813091783136,1,none
C002247,0.01811435740119334,0.12221890079050626,0.09654592542433912,0.018491633768491333,0.0266428342246509,0.015918378362118773,0.21165250030377697,0.49041546972492334,1,none
C002250,0.015370259425057816,0.14133668316589304,0.49977411028946395,0.06698332226119322,0.07264056104329014,0.057507674569836936,0.10404303427988755,0.042344354965377314,4,insurance
C002251,0.1548863097816514,0.01991102346404524,0.01949890331046335,0.027541688159009828,0.020381937500668714,0.6753426902445485,0.020991439110708693,0.06144600842890421,0,software
C002256,0.10124671303221942,0.036009750474186066,0.03713328164468886,0.03552545468122861,0.03253961678014399,0.263778648384894,0.03503801172003969,0.4587285232825994,2,none
C002261,0.011953530047720168,0.7925932217853533,0.012673107419000677,0.014594176391380657,0.01317919147279607,0.012316827249770684,0.013685350384950052,0.12900459524902852,4,gym
C002265,0.06350859820035686,0.04448705851863041,0.06549866045798956,0.05860010905477109,0.05241218505924089,0.0604115190765981,0.05614538776058049,0.5989364818718326,2,none
C002266,0.016017475523919446,0.01789455097553916,0.01680752503438735,0.1148407387543133,0.6560580191332456,0.015409445662537047,0.07457421343181382,0.08839803148424416,4,music
C002274,0.04301972768748931,0.03885171110524862,0.038153542328710696,0.09576404683648179,0.041267359282853744,0.05543696156293322,0.04167123011676051,0.6458354210795221,2,none
C002275,0.028778773373681406,0.8161207243627289,0.01500085938249291,0.012884245325373975,0.013313877222408139,0.013069008053394757,0.012937282087693146,0.0878952301922267,1,gym
C002276,0.05237572042263544,0.015792602248650884,0.0149668287528543,0.007097666981476387,0.013301464794743824,0.01366808705990439,0.013633791893953993,0.8691638378457809,3,none
C002277,0.028041122673799733,0.025838816563193097,0.025959735244112943,0.02828740082451192,0.18646506323788975,0.34645468666802415,0.05099200387268302,0.3079611709157854,0,software
C002278,0.027620051605726954,0.05228340235305359,0.03087978140136408,0.026803002992697507,0.027845830381384093,0.23292646723676613,0.028917288497103844,0.5727241755319038,1,none
C002280,0.05958902315863114,0.056242757209059614,0.056925920190938506,0.05509030748824222,0.06201298206820276,0.05946122938389703,0.07325225617538139,0.5774255243256473,4,none
C002281,0.020408351804055855,0.015519780407026378,0.04977229850314087,0.012647002677195398,0.019589197198469507,0.012417288556765004,0.017659622954147948,0.851986457899199,3,none
C002282,0.4190010386692459,0.029009820157686522,0.027759375775246793,0.29241034253095394,0.027691599782165184,0.02821126317236249,0.031210278762136265,0.144706281150203,3,cloud
C002285,0.04360179617519079,0.1169440122392065,0.3290417814471488,0.04755644512265344,0.06310904657252728,0.04299203039057052,0.10787577364025842,0.2488791144124443,3,insurance
C002286,0.02765886907681782,0.02731780593569094,0.010991133201368498,0.025955485976433053,0.036633719417684604,0.22708817327457909,0.027372281663955715,0.6169825314534703,0,none
C002288,0.10658448761363146,0.2809425746132247,0.01938014241518668,0.4476206564443157,0.03102277083954181,0.01868803337114247,0.030941208763360515,0.06482012593959668,0,mobile
C002291,0.30677485799685544,0.1467146913526846,0.2849529318647157,0.028773358346602607,0.029513141654256295,0.02907758247764042,0.031208100212338087,0.14298533609490668,1,cloud
C002292,0.01706523914790172,0.16388299407436424,0.04118502882630661,0.661723380217544,0.016504599191836604,0.01643674208392858,0.019524926377778244,0.06367709008034009,3,mobile
C002293,0.04995330259952223,0.05018992865767011,0.17339258714265335,0.038494815206444245,0.05430609163325344,0.24382446300575256,0.05871976811050397,0.3311190436442001,1,none
C002294,0.021207265295987647,0.2612274004731401,0.015128597788469244,0.016759270199589466,0.11986971328235471,0.49154842722561165,0.010563453076890855,0.06369587265795638,4,software
C002296,0.03304938349765463,0.143917807031519,0.015580457541352335,0.020017793715543197,0.02345578727975927,0.040436836839037815,0.01554882930957626,0.7079931047855574,3,none
C002297,0.011888888922018002,0.03976810914437662,0.011451328614476482,0.013553567014615738,0.1044322513582468,0.011590652069077154,0.7613197962738578,0.045995406603331436,3,streaming
C002299,0.025716196523561125,0.23674827490109146,0.028066126276166906,0.025830867414551706,0.10924864527688599,0.09913393184512673,0.25313151385041216,0.22212444391220393,2,streaming
C002300,0.16915548396449517,0.021450591324496185,0.020894631481119738,0.19652262808401036,0.02984367784337267,0.44370632152495115,0.019823337126997836,0.09860332865055683,4,software
C002301,0.017471147632867775,0.14224517544035115,0.017142096813098053,0.6498895735381082,0.008983463220515103,0.014659991980614134,0.00875539251480679,0.14085315885963876,1,mobile
C002303,0.0231514493136215,0.026392609250231583,0.14775321175934575,0.02610395199871122,0.02575713725183975,0.527297771891649,0.027900844202302454,0.1956430243322988,4,software
C002304,0.5660247833587038,0.03400687807802277,0.04105810159557985,0.03419426081589977,0.03328749332997943,0.034043360847873017,0.033857754164829126,0.22352736780911223,2,cloud
C002307,0.032228380019818995,0.030420824051028778,0.03729531707635584,0.029026966378604285,0.02720738303105583,0.03404675942460347,0.03516266666173888,0.7746117033567939,4,none
C002310,0.07209218205080614,0.03156730442596575,0.033344227167459974,0.037373313857102027,0.0333424984400248,0.05228100720604842,0.11918207669713989,0.620817390155453,2,none
C002311,0.02371975875522986,0.024121381828440095,0.46649067727610005,0.02271180594063972,0.023275877439055674,0.022896864718964766,0.023942200970768025,0.39284143307080177,0,insurance
C002312,0.05192113191981683,0.21694478796922664,0.03066317196959488,0.08257315629384569,0.032631649484894124,0.032023809693205334,0.03421061049668987,0.5190316821727267,3,none
C002313,0.023572398419568732,0.08236570090733468,0.07220201735099543,0.08455495807344884,0.037146714889746184,0.24503740107410754,0.030572864233041362,0.42454794505175725,4,none
C002316,0.013068225275882379,0.7443523765811004,0.006787814511576208,0.012949148709268443,0.09609704836458517,0.01791359352919631,0.05301065632085877,0.05582113670753232,3,gym
C002318,0.47406675518178265,0.043201977290314095,0.0420615900740155,0.0587627247339264,0.04107740533965229,0.09350460176835743,0.042546039465819765,0.20477890614613187,0,cloud
C002320,0.02042651519275511,0.19235874039397838,0.11913162923960519,0.018447985441990913,0.2978506166700433,0.0206622429636529,0.23575877609666596,0.09536349400130822,4,music
C002321,0.02013921749012541,0.020894750866079424,0.023235306081020847,0.019115078283841975,0.015670959628503536,0.02008282647066063,0.020317220087014948,0.8605446410927533,3,none
C002323,0.4340139259186424,0.02360314143524101,0.02367069523063961,0.22248991801446932,0.034173398962226674,0.12580761158076623,0.024049011643033726,0.11219229721498108,0,cloud
C002331,0.022642249655531164,0.02095292116826203,0.020887763795678284,0.022741947345415396,0.02104117216232569,0.7445199128451538,0.021083624129227232,0.12613040889840646,2,software
C002333,0.013918144154395268,0.01844075850721285,0.017038891459633172,0.017022657370445934,0.22150221232141584,0.021667310906263552,0.5105005811553522,0.1799094441252812,3,streaming
C002335,0.024756393997806218,0.00788831982863393,0.008022987348260544,0.00876916482044202,0.12734453618428282,0.01275738871616601,0.18348947462097415,0.6269717344834344,3,none
C002338,0.1174829815177168,0.015551214342646415,0.7485354842584984,0.014910797870411894,0.015785002816156,0.015253800536038505,0.010215231636641266,0.06226548702189078,2,insurance
C002346,0.0350112436074312,0.03516123767086849,0.11387027717263762,0.08534487471526746,0.036461036318301325,0.03542484763813623,0.04071302277116673,0.6180134601061911,4,none
C002349,0.03360045765411322,0.03433688625078393,0.03780843874565787,0.03427702362899138,0.03596465977409406,0.037239178513443105,0.03447236927713156,0.7523009861557848,2,none
C002351,0.018638852491963172,0.018491392639029314,0.016703982388731654,0.019701221987793487,0.09175846197802119,0.03757799160217636,0.020005971508624848,0.77712212540366,4,none
C002353,0.01129865089898673,0.011694321622597521,0.7287319714469502,0.01715973713690628,0.13080599231578638,0.010536782289213887,0.010420945388030806,0.07935159890152818,1,insurance
C002354,0.024151711858104084,0.01913467497515462,0.017921632943754408,0.019017022262042563,0.00635145693544642,0.7917237311087153,0.006231975034804162,0.11546779488197836,1,software
C002355,0.012583789476516779,0.012529074607871064,0.012275872682371087,0.3012835346668128,0.09107926642072561,0.09251049557449896,0.36351983411567856,0.11421813245552515,2,streaming
C002358,0.0203360936508029,0.01913154598419573,0.10694591489875963,0.4214319164445806,0.22769197426529109,0.013293755196993823,0.07346614488871915,0.11770265467065709,1,mobile
C002360,0.09489384509520754,0.020521594274259636,0.018786482602965265,0.015335939275698941,0.47127313538463234,0.018214811211258626,0.14179903847044611,0.21917515368553148,3,music
C002361,0.005937372228091765,0.013900843449355422,0.01226489909484282,0.028130257471110268,0.05627451745421333,0.013295042928484662,0.00924247637353686,0.8609545910003649,3,none
C002362,0.03409742781088186,0.186665183654961,0.04279634212401477,0.13823546543321402,0.1169135336146929,0.025552028456520326,0.33466971721587774,0.12107030168983746,0,streaming
C002363,0.007580524214829458,0.007183126091606407,0.13336956692631768,0.09785462260000848,0.03801368723344044,0.033913563830542746,0.009446741850241877,0.672638167253013,2,none
C002365,0.02366835276147789,0.02163121376543473,0.021857348618591906,0.022350259395280066,0.7169532979882354,0.03144703597834645,0.052843417986330306,0.10924907350630318,0,music
C002366,0.1144189442489936,0.02313062897106799,0.35304900848899495,0.02179692384684733,0.11903570405137853,0.018030850137363986,0.06919689712609231,0.2813410431292612,3,insurance
C002367,0.02751687421478042,0.09989031746438741,0.027477461757718046,0.030986451170653746,0.1787755527315349,0.03154127669227897,0.47319043508519143,0.13062163088345508,1,streaming
C002368,0.44939546988410023,0.01355643884218728,0.012537382230408258,0.011629520213888767,0.3571227796196613,0.025965021225237507,0.056090423928773725,0.07370296405574289,2,cloud
C002370,0.01890856899154629,0.026512726297395598,0.028273492123026697,0.026192070545803442,0.030576790948860816,0.02976358402955962,0.0648169472205683,0.7749558198432391,1,none
C002371,0.10526268872382664,0.0188855990818694,0.013902026495728815,0.0126617569008008,0.040030182400170276,0.01749290281531212,0.04361770787508911,0.7481471357072027,1,none
C002372,0.026032047368026036,0.016410453364804057,0.016602740498933864,0.01614321718418443,0.2961226629710466,0.395840317263252,0.12276355310267104,0.11008500824708199,2,software
C002373,0.03745796069941883,0.015125454937537046,0.367675835111995,0.014118919958920919,0.34831199484158304,0.07373573711132429,0.04702875298576237,0.09654534435345859,2,insurance
C002375,0.10295429909373033,0.011003900058324686,0.009650651705492706,0.1257445273979342,0.009480243599093613,0.011266083367783349,0.009901622455176647,0.7199986723224645,3,none
C002376,0.015631214911542526,0.14841845447257893,0.02273063087543376,0.013588396894691933,0.09687408022797461,0.133798761551179,0.41280943900750217,0.15614902205909711,3,streaming
C002378,0.016906372305518412,0.011659727209069581,0.01986390909371399,0.01952493844238542,0.017959858047860305,0.01395049297391976,0.08186224401372352,0.818272457913809,3,none
C002379,0.05040716178083757,0.1837934561745882,0.055695520376866745,0.06232096639118808,0.06451056015056969,0.060134148201585885,0.08003026819100237,0.4431079187333614,4,none
C002380,0.02867125235269216,0.03291294483957655,0.028068964752395353,0.6278683139013052,0.03224014889365943,0.027867805183317378,0.027186149188729053,0.19518442088832488,2,mobile
C002382,0.029936748044290754,0.03517452113958701,0.03243358169240447,0.05725547499474644,0.031200538544119923,0.49855048727817297,0.03430900065073666,0.2811396476559417,1,software
C002386,0.016441783319615332,0.015198298993732541,0.20410593494022508,0.014926215175264159,0.011990021972075977,0.014950562039157643,0.014444899678980886,0.7079422838809484,4,none
C002388,0.00995757776653974,0.037540264276336714,0.010187266240256563,0.01010970538278171,0.010060389792018409,0.8510350463199188,0.009808834735030837,0.061300915487117386,0,software
C002389,0.01654638413593426,0.015752657301688826,0.0313729243434876,0.016200110105724367,0.01551578241840874,0.02464029629258747,0.015673519353729858,0.8642983260484388,4,none
C002394,0.01108523212520262,0.013467362116061579,0.013466773273339208,0.2552678877256198,0.023631038120049287,0.02367678349513086,0.04517815511956807,0.6142267680250285,4,none
C002395,0.30560243870248066,0.14710106176737894,0.013091356367955328,0.04693374225221411,0.2397829480190806,0.04832577959201155,0.10120189712132863,0.09796077617755013,1,cloud
C002397,0.051167177024527215,0.054240664699986785,0.48853373381843623,0.05352230647244566,0.05436735757586745,0.0537325060656981,0.05558388953578801,0.18885236480725057,1,insurance
C002398,0.162328829644933,0.018357629350167035,0.01844445322953399,0.038202219720928465,0.019076199575401815,0.6319693768248206,0.018680681276791372,0.09294061037742386,2,software
C002399,0.020827953699138244,0.0182979704000987,0.0189392936826625,0.7660003810527638,0.025461014321676554,0.025196484410531083,0.024952363812489126,0.10032453862063999,1,mobile
C002401,0.1762371579249913,0.028293851460194665,0.029021065651142642,0.028267321973016,0.09725187520375736,0.029538128804841406,0.49802711183215365,0.11336348714990305,1,streaming
C002402,0.051600353632865636,0.3715580243058094,0.07152615356935461,0.050413450233515886,0.05266484534756315,0.05275911283309151,0.05229173420101638,0.2971863258767834,2,gym
C002404,0.01631129115587758,0.05546091317767638,0.017137550359891413,0.015368406085367594,0.020237879584927572,0.20721982456681928,0.021202629171661547,0.6470615058977787,4,none
C002405,0.012116131084598799,0.011799091954578166,0.7344082195485677,0.011481039031493622,0.04324395582745639,0.01480657068561168,0.09875182637361878,0.07339316549407486,2,insurance
C002406,0.020835667928378085,0.04242048464643623,0.022078986836918182,0.09975131005213647,0.04065784216310947,0.5992335808097039,0.03926324666820463,0.13575888089511298,0,software
C002413,0.020676255941100924,0.028547440084938737,0.04249469700595704,0.01983979911218993,0.00894406604008563,0.020617674003600792,0.02075432510361899,0.8381257427085078,3,none
C002414,0.058340590869193534,0.05799916925062447,0.06070678375652521,0.05818657272666786,0.06216967429916187,0.06351993206874984,0.06037352248329808,0.5787037545457792,2,none
C002419,0.013487991553424769,0.013424108009923877,0.012726930139809472,0.7015521586123568,0.03555826397822994,0.02403720481039527,0.05874222540408261,0.14047111749177718,2,mobile
C002421,0.03557657435445506,0.014797491789373831,0.01830293406919476,0.01307889720788787,0.06753054541613934,0.07411055334252384,0.7226852437770239,0.05391776004340135,0,streaming
C002424,0.019230024352460434,0.02130668108418709,0.020315616619063694,0.020269260416956973,0.6918840559457172,0.021367947410202988,0.0847981981673753,0.12082821600403626,3,music
C002426,0.04046809601098916,0.04172642353081103,0.044128489593421236,0.018961260224086663,0.21427302662412673,0.04566789804608509,0.3069897883707343,0.2877850175997458,2,streaming
C002428,0.023385753034455135,0.023700924652482455,0.02134566149170449,0.021797501170422173,0.10673145821769478,0.02558084057989302,0.6734755553679678,0.10398230548538015,3,streaming
C002429,0.017758720115386966,0.02073965075347539,0.4991619325707298,0.0296054610583101,0.19842862602478872,0.012705886710943748,0.16688577388261788,0.05471394888374731,2,insurance
C002430,0.027448554348490854,0.6443661204367341,0.02696112743178529,0.06505267916138827,0.02510639288529912,0.034763691460880805,0.02603543866380948,0.15026599561161222,1,gym
C002431,0.7345522728479468,0.026798668253736654,0.024071024973757106,0.023916138071460067,0.024613035799885503,0.024163701653070184,0.023391626888938095,0.11849353151120556,2,cloud
C002438,0.018934456231043586,0.019326983182633057,0.007028322303438642,0.41128064135752523,0.015228857647453863,0.03394480247170571,0.03235536295489487,0.461900573851305,3,none
C002439,0.010681520885024633,0.0211271042693991,0.02320713233135334,0.018613860509011343,0.06093608299896859,0.03791909430462954,0.2514283401325557,0.5760868645690578,3,none
C002441,0.01289837027532743,0.06630229963634571,0.6594736685233709,0.013992103187940353,0.01768556893590974,0.07665266544446024,0.01818349794755286,0.1348118260490927,1,insurance
C002442,0.015390705291901972,0.3708991255841061,0.020661526163833016,0.06688953700103717,0.022698615314290987,0.26394103396502333,0.14888733020664752,0.09063212647315988,4,gym
C002448,0.014193434567560703,0.009914127590125702,0.013534436425010708,0.08326880244811895,0.024839010357045284,0.025624491700507238,0.03080225970790163,0.7978234372037298,4,none
C002449,0.020613303544537595,0.017548459662886498,0.017602181407979898,0.01640100565177004,0.029939252488033877,0.8169570486172893,0.02645993207155512,0.05447881655594754,2,software
C002450,0.05813588538102344,0.04008426172763362,0.17365956559302476,0.04151241195638364,0.04750498199489196,0.030117685100553834,0.05143745768171924,0.5575477505647695,4,none
C002451,0.013024469428607112,0.013451798250188367,0.05792913942423649,0.022458953418798958,0.023064166090088517,0.7626349509032448,0.023389656012839415,0.08404686647199626,3,software
C002452,0.011297095312825871,0.07756125866499947,0.4296704355663,0.25490748700940424,0.007554466777412936,0.030047189822188243,0.007978829243080557,0.18098323760378865,4,insurance
C002456,0.02109518215348482,0.021314152652830598,0.02280280920296668,0.2719523928044885,0.024988779763547367,0.44963379020438937,0.02509281964545481,0.16312007357283784,2,software
C002457,0.7003516722854196,0.02869264007912241,0.027685544028558863,0.031047251638536614,0.027841226206505885,0.027385674552228893,0.028674848260130663,0.12832114294949692,0,cloud
C002458,0.033919576870905965,0.033638476950890915,0.6099313048590596,0.03087217305390355,0.032563908833822805,0.031444152554298,0.03426200618818569,0.19336840068893363,1,insurance
C002460,0.04731606455031537,0.044050862046567885,0.3426156118815279,0.04349693710090627,0.04493845869410524,0.04364682851743046,0.045011960834471856,0.38892327637467505,1,none
C002461,0.013402438097678621,0.013718264992753455,0.1405895241167839,0.013415856573323937,0.025805319841099066,0.02282976388562124,0.04544486399874399,0.7247939684939957,2,none
C002462,0.023643160938148014,0.025212566779200488,0.025395673080093398,0.37719732596818956,0.02355720180965714,0.3548938081301837,0.024877544773321436,0.14522271852120636,0,mobile
C002463,0.19550479944009802,0.018668359431753098,0.05204392258613586,0.07144857832504911,0.04401108209941906,0.0362492641878015,0.04439116591552559,0.5376828280142179,3,none
C002474,0.011466602904264487,0.011522808238384016,0.011626262906669797,0.19847472177526398,0.16335352150135024,0.06995795679527572,0.4653447387975202,0.06825338708127157,0,streaming
C002476,0.02451528979565676,0.25643360976789226,0.024835650259988958,0.024160439172700172,0.02743273660076797,0.02948465184248125,0.24161675446326328,0.3715208680972494,1,none
C002479,0.06835279684022913,0.03327584000809467,0.03197032185581397,0.30838141346349807,0.035653810714669804,0.14895326289307553,0.035129957284883793,0.338282596939735,0,none
C002485,0.013747811715612544,0.3656407580543198,0.02519930242621659,0.02555114085369144,0.1294595049988498,0.02387040868493833,0.3081590441875963,0.10837202907877519,4,gym
C002488,0.014396371720365692,0.01422482423634604,0.045404987172526404,0.034062675422791365,0.06083650928499098,0.010309415842939795,0.048438085237296105,0.7723271310827438,3,none
C002490,0.04125920945144826,0.1791282314187264,0.2829753161672832,0.014997191034184901,0.06300729400797851,0.24488333580565208,0.11278619244063968,0.060963229674086905,1,insurance
C002491,0.5107430470620467,0.019350804643454955,0.018289957851738786,0.02655191121017142,0.028344292202521534,0.03696146860773127,0.02781406152257982,0.3319444568997555,2,cloud
C002492,0.037368758257053325,0.03669840356227837,0.0364556751392657,0.5350373457703881,0.03611680762467932,0.10829129592970162,0.04427712070073919,0.16575459301589443,0,mobile
C002493,0.026347592673123633,0.02666077027364211,0.07260511773987408,0.024676697541111948,0.09351593271797828,0.028170054451719495,0.09161370677919958,0.6364101278233508,3,none
C002495,0.5301429015441143,0.01242242223977676,0.01858256492416322,0.1513504659620619,0.06504512906384591,0.04185841130877358,0.06782002496563445,0.11277807999162989,2,cloud
C002498,0.03700305321749127,0.03853632097920991,0.03923106887250098,0.2259969057606796,0.04238972136693736,0.04151277241671435,0.04133578730666482,0.5339943700798018,3,none
C002499,0.14239254382681554,0.021517065869982935,0.0878980780545039,0.5108690432252027,0.023593065819063272,0.11013627078492189,0.02110044555915995,0.0824934868603499,3,mobile
C002500,0.03185863400704409,0.028677433197681394,0.030784573011879493,0.0279488886578953,0.03281815840379428,0.24385917207952834,0.03801224660343934,0.5660408940387378,4,none
C002501,0.07283209849450628,0.01054055692518906,0.009770659318167804,0.010620643196132987,0.21021965754060168,0.011100544696500967,0.04104036382757803,0.6338754760013232,4,none
C002503,0.011893348611309574,0.010821942391257318,0.00960141005712508,0.010478181452890067,0.03689048266296162,0.15305517358894785,0.030529691755118257,0.7367297694803902,4,none
C002512,0.19576417315451655,0.07379330913781215,0.03156117710844278,0.02251736894694427,0.15956310387842892,0.020229522486042692,0.4094670364822986,0.08710430880551408,1,streaming
C002514,0.029319715688003133,0.0291039359126621,0.6593516132851199,0.042026115647090814,0.029334351493621375,0.02848408149246128,0.035509302457007744,0.14687088402403362,4,insurance
C002516,0.010906885201004543,0.009790562365911106,0.009442045990864385,0.01090764905961026,0.012639029113200084,0.8610027391590762,0.012448582499465092,0.07286250661086832,2,software
C002519,0.04138327962722552,0.042203163887546025,0.04479051410110514,0.04927915280535588,0.04651063849693436,0.04315950300181026,0.03967953466367668,0.6929942134163461,3,none
C002522,0.012196108932751554,0.01231194787185903,0.011562648123679294,0.011320740469486609,0.08984378220560477,0.6099625473081248,0.16824223242531833,0.08455999266317567,3,software
C002523,0.013194850267351822,0.1841499875158064,0.17833591171702065,0.01921789955177735,0.3035304104786527,0.15998412969864081,0.0449683005361428,0.09661851023460749,1,music
C002526,0.012550042383792894,0.01690004834845815,0.012000775044845653,0.48056775004689145,0.17207040445079916,0.18802790704574956,0.04834935912032205,0.06953371355914101,3,mobile
C002527,0.03747639457704117,0.015825630741991958,0.01013084014976163,0.012181244334119169,0.059891123618027585,0.011103352429693408,0.04792036981524116,0.805471044334124,1,none
C002528,0.06988032805388554,0.10781704756806793,0.018091651434411833,0.05215359007206953,0.11879353732137622,0.026872586732481725,0.058743397124191056,0.5476478616935161,4,none
C002530,0.5265091524492892,0.012181144332881824,0.3327496980483486,0.01281493646946406,0.011639357364187936,0.037302545842243594,0.011804668515390236,0.054998496978194644,2,cloud
C002531,0.049123816860590475,0.0491805246051595,0.27967546562551016,0.2898888966862926,0.053487815552437964,0.05592931741809698,0.05591444198844528,0.16679972126346698,2,mobile
C002533,0.03012716709694217,0.027142039977906287,0.027539527424472805,0.02568072252453435,0.032164218987912795,0.02607128835728722,0.031395644003177625,0.7998793916277667,4,none
C002534,0.1522756702427494,0.27327323035533607,0.15951969017158585,0.01157524701053854,0.04195860103488261,0.013994489540016312,0.2436660352046783,0.1037370364402129,3,gym
C002539,0.08362398952657486,0.0625061489781321,0.06546815934284023,0.06244376471922827,0.06882422604996466,0.06790768964599785,0.06691884687705373,0.5223071748602084,1,none
C002541,0.022621818156853747,0.005949993452891879,0.3637161878590562,0.017858440460128903,0.02292447757391054,0.15905842327125358,0.022067023329758337,0.38580363589614686,1,none
C002542,0.029864153479408802,0.02844290762177091,0.028879366054703846,0.02740004421243077,0.04341671012677969,0.027992667392809374,0.6729977246378798,0.14100642647421693,1,streaming
C002544,0.022110586377330183,0.02282867016322677,0.02196323544825886,0.27953117553106516,0.021031623573543042,0.2620295853059181,0.13680503614370138,0.23370008745695658,3,mobile
C002548,0.016278229628204924,0.17386319024347963,0.20940618881774747,0.015067205387281096,0.015158349040345943,0.47826077349840257,0.01562246780878554,0.07634359557575279,0,software
C002550,0.016048590940353036,0.010909038413468474,0.06897590182916945,0.016775441929709284,0.0260348201447079,0.7543887910985976,0.025532104565382633,0.08133531107861162,1,software
C002553,0.013764869085501268,0.012901635905064615,0.6363221681697422,0.013595323656606182,0.07220218559497109,0.03471403607302115,0.0316359430945708,0.18486383842052273,4,insurance
C002555,0.013038676934392148,0.22249162115248766,0.6367297752759877,0.012844522132842939,0.013717529208725309,0.012542658048358215,0.014088057204673134,0.07454716004253291,0,insurance
C002559,0.04760089905502716,0.03901625510189036,0.4959913670186455,0.03992076239121986,0.03964915702146715,0.038584087259493784,0.04880039771986521,0.250437074432391,4,insurance
C002563,0.010418604387974525,0.0063252502654576,0.6366110601557582,0.012371816087897712,0.04413485500551123,0.010895797651255708,0.043627692601218765,0.23561492384492633,3,insurance
C002564,0.16983630841285358,0.011492457778136326,0.013279895135283874,0.035582381905980315,0.007697691753420179,0.009414549919783433,0.009942782401153073,0.7427539326933893,3,none
C002566,0.016659235865632,0.016306718105117725,0.016303839401231607,0.8123431963695413,0.015988390051536294,0.025040268847800834,0.021760299260742286,0.075598052098398,4,mobile
C002567,0.30271172739656804,0.05280011188174884,0.05025269643876766,0.048185402109796785,0.10171465798321282,0.0393333697051321,0.07963473175380384,0.3253673027309699,4,none
C002569,0.015066117518894882,0.1444683712351475,0.11230022324144555,0.1917078341973058,0.10090321540007163,0.06859434748879167,0.1754764302954465,0.1914834606228965,4,mobile
C002571,0.6528339879041767,0.02786747619252722,0.026057527997812385,0.02931468171741038,0.028555903760295494,0.028340836769927095,0.03164539224203086,0.17538419341581993,3,cloud
C002573,0.03293293537520309,0.11578442008905379,0.4122671746858161,0.05671412751176153,0.033275179683236004,0.03361312294811131,0.04137583062835507,0.27403720907846313,4,insurance
C002581,0.0836074006031787,0.01220544458242572,0.21467500528832717,0.011926747163700405,0.015445896628924115,0.06462735198577484,0.5241518815669297,0.07336027218073929,0,streaming
C002585,0.02707105979387275,0.03280788214129578,0.07297418225111899,0.028936562159370897,0.044038261473379976,0.02553449325557051,0.035734517555653614,0.7329030413697375,1,none
C002587,0.021222760137919232,0.019402379783327237,0.01854798056557643,0.39675826529836705,0.2947696009201781,0.01851855081336532,0.10381113404027145,0.1269693284409952,2,mobile
C002590,0.011990621778305403,0.018186098348698134,0.08577695238248001,0.22140063089933854,0.003269312606928142,0.020159512696580312,0.0057501912034297374,0.6334666800842397,4,none
C002594,0.015241976455532349,0.015542196459053503,0.015379926055232182,0.2513062820662745,0.3909201584212092,0.05886610242879673,0.01787088701194551,0.23487247110195603,3,music
C002595,0.06814151553427204,0.028791082226641715,0.029370436180431468,0.49713948111259976,0.15866547625643002,0.028284045116803477,0.028336960536323556,0.16127100303649797,0,mobile
C002599,0.020420052237572893,0.01645618156653925,0.014649531304341783,0.023539001083096044,0.015612652321393576,0.008160514958374734,0.014581678893691455,0.8865803876349903,3,none
C002606,0.11423037154310811,0.02450389865064998,0.05584764643266201,0.023051848890236176,0.5282109280459323,0.0222916039427149,0.02436724052051041,0.20749646197418609,1,music
C002608,0.013973609287783573,0.441361846515533,0.022271390749081438,0.02736490499376431,0.022687508329329205,0.011898943267665767,0.025581963713677276,0.4348598331431654,3,gym
C002610,0.008581731752182135,0.32881613441950364,0.13763100186662952,0.338724170310799,0.024959329817854026,0.03215644699900821,0.016801330508593323,0.11232985432543019,0,mobile
C002611,0.013102461442448669,0.10855330659052478,0.011750287185131653,0.0890409823812304,0.04543626330423075,0.017830045528132693,0.07162473907952345,0.6426619144887776,4,none
C002612,0.019352771565765217,0.01936936376894878,0.01841219981934955,0.5490052153201542,0.05977044440376807,0.05188970397684817,0.025757668867309458,0.2564426322778565,3,mobile
C002615,0.01856242163463598,0.018991853756095474,0.018798095668615723,0.018047587754474934,0.7818220284380691,0.018341314146069834,0.015701331061505445,0.10973536754053345,1,music
C002617,0.023643245444589296,0.0303338331683544,0.022850916055189383,0.025896455708115017,0.044916500513352095,0.021312873142581103,0.05107211040133349,0.7799740655664851,2,none
C002620,0.011908390424896359,0.009553882373862245,0.009631581893597925,0.03247154790278206,0.10281307931779676,0.6184261811590168,0.03633810372623235,0.17885723320181549,2,software
C002621,0.028962356730005412,0.05565384456600313,0.10957936591864247,0.16042505930895457,0.09886994438027605,0.02851343371070806,0.41929533421314136,0.09870066117226901,4,streaming
C002622,0.39125341752751785,0.061726085742225975,0.020185010085008354,0.01838714963615092,0.06706888824067168,0.02006629713068834,0.0916656953625484,0.32964745627518843,4,cloud
C002623,0.013390997527259658,0.02437373444806836,0.36323963716129437,0.1975575159666435,0.08922913124658921,0.0199616107147538,0.22522625010252337,0.06702112283286774,1,insurance
C002625,0.012444750553618917,0.6669874463886558,0.1998941154032391,0.012927347375945194,0.012241376262164951,0.012072084917833877,0.013391939907793395,0.07004093919074883,3,gym
C002626,0.01733549938961044,0.030657314439071347,0.6106998753841801,0.02186795954393829,0.02381040117272284,0.14866958301261413,0.025149802029424975,0.12180956502843782,1,insurance
C002627,0.006354319611286524,0.007053912217108154,0.013848563206674954,0.013222235887216664,0.21470936068987817,0.0074907709665689645,0.12959079789174685,0.6077300395295198,3,none
C002628,0.052745486207913445,0.05262054292830052,0.05339889337491464,0.05417765878958068,0.05937791296562974,0.23379212254648857,0.0635936297478038,0.4302937534393686,1,none
C002629,0.1711669846419401,0.021086351574820205,0.02135853885660543,0.021375830165918597,0.019790376978628437,0.017718023032706226,0.019943241889047454,0.7075606528603335,4,none
C002634,0.014706123357928445,0.04074152707861627,0.04048162517698144,0.04141522798107451,0.1569629063415392,0.08695815849941396,0.1519432993095199,0.46679113225492624,1,none
C002635,0.07184219801208068,0.07415867184890085,0.08009147341892865,0.0855961439765644,0.08196980469251092,0.07636957195946233,0.09818409474321711,0.43178804134833515,4,none
C002636,0.012406645316704759,0.011877812992623693,0.020183214414247114,0.023407783973910083,0.014632459895257216,0.07059544992232941,0.03934810436612177,0.8075485291188059,1,none
C002637,0.01438301866865212,0.6225066616231306,0.01404036423170378,0.16512559695868356,0.02536664870494485,0.02614948405663579,0.024212193170988515,0.10821603258526084,0,gym
C002638,0.5246339233434126,0.022718190077806122,0.08351408765471685,0.022463949644784292,0.05464500087174196,0.05299625860220815,0.15512662396103644,0.08390196584429352,2,cloud
C002642,0.02927872663300137,0.17407789212079305,0.01607961913483435,0.37884205835281026,0.029420495523420784,0.22715892772497379,0.01800521096110678,0.12713706954905962,2,mobile
C002643,0.018402412968780785,0.01033687420416889,0.048639269368130185,0.025217576567238848,0.019542995512517862,0.013842433344487268,0.017096588314797573,0.8469218497198785,0,none
C002644,0.015548898282830041,0.03665667658861171,0.015119977839470796,0.013904352234397687,0.015294496151653594,0.026303859622953948,0.01362821005409772,0.8635435292259845,0,none
C002647,0.022215535860686718,0.02349610397831201,0.024549111304580686,0.6485442596123313,0.09426521021680252,0.0527191663618064,0.02583199390909713,0.10837861875638326,2,mobile
C002649,0.03294619058419403,0.025933888517341595,0.031020017510678434,0.03064909403169702,0.055318145010181535,0.5638054728759356,0.056156985985116245,0.20417020548485543,1,software
C002650,0.023572462125394957,0.028056890248453273,0.024358685099714495,0.02453242914823295,0.025678758065387924,0.35880213831212066,0.10129860077337668,0.4137000362273191,2,none
C002653,0.16256528421112917,0.022859834422469374,0.022968291337021992,0.027239145301927344,0.24320180458819984,0.22472512719483867,0.19852990037319113,0.09791061257122244,1,music
C002655,0.02759534369998058,0.02855393257071282,0.027174029712080827,0.02618046494993736,0.6510215303659053,0.029817785952010394,0.04976066379690169,0.159896248952471,3,music
C002656,0.018070447536748066,0.018143431950324224,0.018037002480945977,0.0690058405384064,0.01260525721075006,0.4892201343612026,0.012114078606216853,0.36280380731540585,0,software
C002657,0.035956179191960064,0.03137003806418924,0.030875582728005863,0.4863006318040855,0.08879294334557042,0.030514013691025292,0.05813614912151101,0.2380544620536526,1,mobile
C002660,0.010177328495776116,0.8486851333431102,0.0064784422312396854,0.05864671371092552,0.006491545761466989,0.006995918342029746,0.006408161158291049,0.056116756957160764,2,gym
C002663,0.023262375759514682,0.020559882095422317,0.020813193238237368,0.02140423232393586,0.04563164313854375,0.018263419341889905,0.5823853572200082,0.267679896882448,1,streaming
C002665,0.024331477219926435,0.01616654203425306,0.011524364426016169,0.015730920379144555,0.16386364606924964,0.014626995945519944,0.028855674331725818,0.7249003795941644,1,none
C002666,0.022661426366039725,0.01982326044290473,0.023515001414839462,0.020255186302299617,0.011019262014316864,0.058277449311621876,0.011245200905031002,0.8332032132429467,1,none
C002667,0.04404840335500645,0.5620953196456058,0.043529901398497634,0.04279309610204417,0.042154433795542706,0.05934250169056775,0.04515927235660086,0.16087707165613474,4,gym
C002668,0.1890724972700878,0.027541182243550122,0.02676941265205634,0.1039214478809567,0.057702982087316806,0.4481615113630302,0.01883206010095402,0.12799890640204803,2,software
C002671,0.024151472244872976,0.05609663219458923,0.01674118696159524,0.01658747879496228,0.02596662331150662,0.01869771200055337,0.020428193664953888,0.8213307008269664,0,none
C002677,0.6311643857243723,0.03228052133805649,0.031095835278006828,0.03783353294605485,0.026402409985117406,0.024310432736667376,0.031902420870789656,0.18501046112093517,4,cloud
C002678,0.01692686720813887,0.01763693952061348,0.01749165220179236,0.7413837546501469,0.00931801487003368,0.008722933831508874,0.00988567670486211,0.17863416101290372,2,mobile
C002680,0.13580431979036411,0.5867809148643538,0.11999888446684907,0.01667799983514428,0.017611624216734276,0.01767520110419993,0.01732195962629965,0.08812909609605485,1,gym
C002683,0.021995002015046554,0.021639858094157208,0.03436397171259283,0.02529404020127178,0.026152656793974036,0.021639756222046325,0.03064729048095558,0.8182674244799557,0,none
C002686,0.02135617002218707,0.31412065388034704,0.00982661173833781,0.1450384346697692,0.018950155884941887,0.40154148580626264,0.009787704160237585,0.07937878383791673,2,software
C002687,0.43223623160785496,0.02667840037593493,0.026131490359293873,0.02519807174949148,0.030596909909909032,0.3307053471691963,0.030547799171981596,0.09790574965633793,2,cloud
C002688,0.020699913344299836,0.021288436343172346,0.020694632164113734,0.2349873084339429,0.1602900809088007,0.039602232981447515,0.39891235004988956,0.10352504577433343,0,streaming
C002689,0.008392046094678102,0.15014529933448328,0.013130051859397123,0.01402855507168713,0.17934945810595537,0.015546188528934066,0.14117406972200713,0.4782343312828578,4,none
C002692,0.08186010637241438,0.01379495965442599,0.013886456019826248,0.01417327015680999,0.014155214195138885,0.009028597398853573,0.013859725210031098,0.8392416709924999,2,none
C002694,0.033690746925266975,0.013301371141037249,0.01363692210635842,0.01313801290682793,0.06424127807787619,0.5722493275105174,0.0698539917183293,0.21988834961378662,0,software
C002696,0.023239616853979062,0.6608117133097707,0.020107495461892604,0.03398589680414215,0.022136280315058144,0.05860076388153084,0.022294914624491607,0.15882331874913483,1,gym
C002697,0.08304951148698334,0.016755633218304207,0.11203472358867914,0.6324951659092921,0.015920659118982095,0.02281916445162647,0.01657650283259661,0.10034863939353614,0,mobile
C002698,0.03544322729097621,0.035824721651356,0.3991642743210197,0.036930482870845785,0.038625769789703175,0.03895010675143634,0.03813179047778185,0.3769296268468809,0,insurance
C002699,0.3742122942914139,0.01464720467110346,0.008033773266742077,0.2963163066282881,0.11858410760666308,0.01625777833629826,0.08974459097936974,0.08220394422012124,1,cloud
C002700,0.08426834699499006,0.03864641197559268,0.037107096441604995,0.09033691987558021,0.04240438678914618,0.28319729880188643,0.06856248243880775,0.35547705668239177,4,none
C002703,0.03524174187220194,0.03552900642054198,0.1007235515463876,0.042095803221952555,0.03706394776247439,0.03694541746514751,0.039139090899676994,0.673261440811617,3,none
C002705,0.5856598378968494,0.022013179532401672,0.019539739976087607,0.01941032066190547,0.020730975299887384,0.02083990042429387,0.021061962469068433,0.29074408373950605,3,cloud
C002707,0.4442672921742292,0.040671368118972144,0.04101414905699241,0.15520976791250757,0.04015313749658846,0.056004396766315176,0.044677720753360496,0.1780021677210345,1,cloud
C002714,0.19522932300087092,0.4193920792905782,0.011771506224826936,0.023692608160322648,0.01817527521447001,0.02135511432806408,0.08259960890003387,0.2277844848808334,1,gym
C002715,0.20064131427324688,0.37477810170959175,0.0610110046763954,0.015320049141331466,0.01046328329579041,0.03137683596865201,0.10275798655852617,0.20365142437646594,1,gym
C002719,0.23783752768401833,0.013705229795060515,0.013282897154093863,0.06340081320175821,0.36764132250637643,0.0716600157703442,0.08892038907425712,0.1435518048140913,4,music
C002720,0.020833052840209837,0.3625857751444174,0.22397403252176987,0.020007608539613503,0.019783012891310268,0.01791667569404413,0.02000549496923094,0.314894347399404,1,gym
C002721,0.040290329816018336,0.046585547991612936,0.037439588233300444,0.04281426826441761,0.351880421678918,0.04590455987365807,0.16311485568519002,0.2719704284568847,3,music
C002725,0.011876103056387147,0.299512689286239,0.011780572018780536,0.26859494628032643,0.09809030610284894,0.011444911212962271,0.05696160352525863,0.24173886851719711,0,gym
C002729,0.25465521690241544,0.02389157080491827,0.02140620874301557,0.01980400138811236,0.015626658104466486,0.03728907166558859,0.03386254663007292,0.5934647257614104,3,none
C002731,0.028783121775973104,0.04090600878519947,0.029841636935889582,0.014167762191185061,0.01831255719714453,0.02867309705147642,0.017156386652631233,0.8221594294105007,0,none
C002733,0.026844914687800224,0.016402452168644315,0.01570990262974165,0.2528314917794219,0.12911847668161305,0.4779714605756891,0.01596600176066901,0.06515529971642083,2,software
C002734,0.06271918730555856,0.019426425819138775,0.01908135979827632,0.021460914454822365,0.36581830520449354,0.2175960922615365,0.1403736604575277,0.15352405469864627,1,music
C002736,0.030043357678109617,0.03094446109764365,0.22603974620444225,0.02937613169499742,0.03387579839566246,0.17194958559126916,0.041205589555932655,0.43656532978194285,4,none
C002737,0.03851094836441732,0.015307692606961229,0.38122337335391454,0.010409264725695047,0.2495754226195237,0.005489328399462645,0.0336119961971489,0.2658719737328766,0,insurance
C002738,0.08190244578695258,0.6346003912982962,0.009203306253994195,0.07412076953095892,0.08345189728904231,0.011841259101987465,0.0070242694192063,0.09785566131956211,2,gym
C002739,0.01702890711257679,0.01673190660478929,0.015194104616398516,0.016115066122076485,0.676502165707664,0.014871316083369272,0.015138896671254828,0.2284176370818709,1,music
C002740,0.013788049495991217,0.6314499619591853,0.026657638380427527,0.02996421071751796,0.025199840135431716,0.029067383768852456,0.024984541299836373,0.21888837424275748,3,gym
C002742,0.21870650755651364,0.02550655230585918,0.02458763660936763,0.24364779030752287,0.05232679416095065,0.1676347273323177,0.15629239909984644,0.11129759262762186,4,mobile
C002746,0.02682673256778964,0.02738527202169789,0.025253223546553797,0.01910486516453943,0.08745522219113128,0.025362664203133038,0.4650748803664034,0.3235371399387516,3,streaming
C002747,0.5865284585769311,0.028640133306164123,0.028841623138538608,0.10216313055694809,0.029504460576470798,0.0302843288183491,0.028970657229818314,0.16506720779677994,1,cloud
C002749,0.02724731827527466,0.02885600133512714,0.02967475833415744,0.45259292647312305,0.032410140501163205,0.06921001911256419,0.03328662781753014,0.3267222081510602,0,mobile
C002751,0.01823267867019984,0.016916207582942426,0.016430621248142326,0.16778102767639422,0.018749130446162166,0.042492738430348176,0.019447701372007156,0.6999498945738037,1,none
C002753,0.020923402066215978,0.02173281162832899,0.01078442114331978,0.3249202194977464,0.024533015552296002,0.4293091015877435,0.022775508314520788,0.1450215202098286,2,software
C002755,0.043385461907823136,0.40870731610737576,0.0424623565757426,0.04736499892646958,0.07851432610815892,0.043694526060623226,0.10151654710342994,0.23435446721037684,3,gym
C002757,0.008993148175155128,0.15312829442103093,0.015156944821388352,0.5088620285053461,0.18160164094098924,0.014791287908511419,0.026006405309180927,0.09146024991839796,2,mobile
C002758,0.046552747566139877,0.042542172532145886,0.046282778056522506,0.047069000935645144,0.05057370331364314,0.049077758301237034,0.046535954309921135,0.6713658849847453,0,none
C002760,0.0227335023666707,0.023275437530280083,0.022917896370244384,0.02527569075691225,0.13814402306159668,0.4723035338442828,0.18604507487170352,0.1093048411983095,0,software
C002762,0.30411590590462545,0.020654298921654927,0.13104100373456185,0.020649068778319894,0.045436783428686116,0.01951372884765726,0.3289459843844461,0.12964322600004843,0,streaming
C002764,0.022468750662494055,0.020136890556153347,0.08088549389930173,0.019954695141071607,0.21757588410081002,0.4608036756463695,0.10122880606949497,0.07694580392430471,1,software
C002767,0.06660686736731061,0.011253869211136556,0.5820946929391958,0.010457702330696969,0.024373786455904975,0.011562863234484213,0.248248384309179,0.04540183415209194,1,insurance
C002768,0.028429046961673164,0.0296395396810024,0.0325215756222319,0.029022305221131174,0.03147510509599121,0.03299011341669066,0.030850168459837117,0.7850721455414423,1,none
C002769,0.02147207647034169,0.03270985622437368,0.6547689094706948,0.02404522910468238,0.028142667128222044,0.027510731896886895,0.029302538118576762,0.1820479915862218,4,insurance
C002771,0.4226330006193395,0.011363585085131831,0.42205070035341297,0.010377701656199733,0.011620923458398316,0.05605990197202616,0.013033856429435508,0.052860330426055875,3,cloud
C002772,0.04414664060731714,0.5701436412176235,0.0299461395069089,0.03111036860450675,0.06833107940626934,0.02949364111763836,0.07475346629273047,0.15207502324700556,4,gym
C002773,0.014187199472537711,0.01447077964007167,0.0141602354771489,0.664203391339326,0.16819534035096328,0.009916326388058184,0.0457716663505238,0.06909506098137036,0,mobile
C002775,0.023918920122423838,0.22437186783714064,0.19020741369330563,0.022330605899336702,0.022994231251914625,0.033085879244839626,0.02362339518237845,0.45946768676866045,4,none
C002779,0.49802934309797664,0.017590378240897243,0.02026430358437992,0.028528235894471336,0.0336504102290457,0.12807477255639538,0.2180250869544209,0.05583746944241291,0,cloud
C002780,0.01585626062517654,0.8201596495735923,0.013763348427961833,0.013044590483181304,0.014133367197059205,0.013520227205465018,0.014864735807571285,0.09465782067999237,4,gym
C002786,0.018753115476241887,0.6739505317001722,0.019035635160388097,0.017555651684812247,0.06397395545713032,0.018456193853910077,0.06506138737343646,0.12321352929390875,0,gym
C002788,0.09617075155555802,0.0277065892902009,0.02972643879590876,0.02640313807191056,0.3971573941765457,0.16106798339213327,0.06511076537076288,0.19665693934697992,4,music
C002793,0.04731648849953097,0.05410224431922027,0.053509786222767364,0.05836962960494538,0.20047035603394803,0.2952302942654583,0.0798500874828846,0.21115111357124502,4,software
C002794,0.025520432402164617,0.03072369347422796,0.2785281422759327,0.030123033726440745,0.031832723786978226,0.47016360077389996,0.03394830377295663,0.09916006978739914,0,software
C002795,0.1810649505877568,0.03159524768116446,0.032922767486500824,0.030377511608041446,0.03174870427437151,0.10930853961779859,0.030911939419867196,0.5520703393244991,3,none
C002796,0.016746856213371315,0.015931925820596195,0.015745762916034245,0.015236401719970195,0.7030213726104604,0.015447673490266082,0.06161769811800323,0.1562523091112984,2,music
C002798,0.03040003820500324,0.030607419335169653,0.4531556270821917,0.05644019890632854,0.10791590927936012,0.030959530333618666,0.11505923094442033,0.1754620459139078,2,insurance
C002800,0.037231983277613616,0.011092624141706045,0.047188709942598266,0.020572890229589854,0.013948418310653427,0.008039108036663042,0.023535849922519315,0.8383904161386566,3,none
C002801,0.005153782093474255,0.08050007096834658,0.0058601308288606675,0.04018851455756136,0.0847235112772421,0.06327104776849331,0.04910042179868221,0.6712025207073395,2,none
C002802,0.01763167156067932,0.01872198243727436,0.04422149755839806,0.3711956099065118,0.019390607122999587,0.016347959625810666,0.4514116868196676,0.061078984968658684,2,streaming
C002804,0.08457983096393709,0.037305622897117446,0.34048017833720023,0.04066936268507493,0.03868087954688437,0.04583338050083407,0.06003233220697429,0.3524184128619776,0,none
C002805,0.028600834708798283,0.009610429287333966,0.009564500154408887,0.01081693114656394,0.01973864675270939,0.02993074692776588,0.020789356152329685,0.8709485548700899,1,none
C002808,0.02005489469087061,0.08645557465684148,0.042375646072043416,0.010454116498075455,0.042527557706890234,0.011260260433397841,0.030433425576129033,0.7564385243657519,1,none
C002809,0.2422455302650043,0.0353298790871026,0.03153308958324196,0.33355115079046244,0.04203032246125969,0.15033016235782515,0.04197630677431825,0.12300355868078565,3,mobile
C002810,0.023863417237254214,0.04093068744412288,0.025867669543745694,0.026109640262692503,0.1260857247448236,0.05782062247763457,0.5501242186278106,0.1491980196619159,1,streaming
C002812,0.015379708824520276,0.015747608426711364,0.13213840137058924,0.019098798927913496,0.15519219548139881,0.5574956668352753,0.039218952859161105,0.06572866727443033,4,software
C002813,0.012378117092260114,0.024803283115554905,0.011873395726395208,0.7943026254772857,0.012491831944386505,0.02363771402025834,0.011952640046336532,0.10856039257752269,3,mobile
C002814,0.0319830391553841,0.07709439741177795,0.030218203318363057,0.02868080535667597,0.5593486263125607,0.03431875707133461,0.10251088885347259,0.135845282520431,2,music
C002816,0.05615265857009022,0.05836077044936182,0.2003407983760174,0.05700515311093156,0.20858693728523608,0.1885301170407916,0.12242935259618606,0.10859421257138517,0,music
C002817,0.025931429401899735,0.4164948484378832,0.024219135027235203,0.023762642818916692,0.30322069909238664,0.023913728632880826,0.055378486176108965,0.1270790304126888,0,gym
C002820,0.23644669723521922,0.02260831716737187,0.02285380371735879,0.02394818398621726,0.02336980462087685,0.5654413014383608,0.02532038744803363,0.08001150438656161,4,software
C002821,0.27885725773432213,0.027588163807979033,0.022894160830065145,0.23349007249263753,0.06146500229043943,0.1755948084961315,0.07517928298167406,0.12493125136675115,3,cloud
C002822,0.5511785635396164,0.017605095493961095,0.032813021013436486,0.02643063084774317,0.027639038662111145,0.027200843276678124,0.026540921269108706,0.29059188589734497,3,cloud
C002826,0.01498622229921662,0.014483551492476286,0.01394784799163581,0.39029062028535966,0.11423981078900043,0.21213967952743737,0.14198813278538852,0.09792413482948531,2,mobile
C002829,0.027096313068089614,0.014784723554284472,0.014409672987266803,0.5228796291334148,0.01410083567120242,0.3063905480319035,0.01431881368537525,0.08601946386846314,0,mobile
C002834,0.013560799140455312,0.014734873533777913,0.013427080069458017,0.013339834391762753,0.4162787670917726,0.012921132048655262,0.4018984677214553,0.11383904600266292,4,music
C002836,0.020601500407267638,0.01959934141131696,0.6740499905824651,0.02240038289945541,0.032985062482389305,0.023497901494432448,0.07955678915369843,0.1273090315689748,4,insurance
C002838,0.008897596209590023,0.015269209294767182,0.014285468460931674,0.01564717000852821,0.10733108428060559,0.5514029854276808,0.031738924191558424,0.2554275621263381,2,software
C002839,0.024185344188002715,0.02408128452074314,0.315114012453846,0.022555172604455852,0.044697160173280945,0.04092723514252697,0.15683826196201267,0.37160152895513177,4,none
C002840,0.027733316842472492,0.13696775734306157,0.026315497495455007,0.025156106349280005,0.03767169888431004,0.1482358187945966,0.035996682039646705,0.5619231222511776,2,none
C002842,0.05124502180604465,0.050731246493008364,0.051774105353019545,0.051017452565804804,0.03101181072218636,0.3620904005196345,0.050512497011228445,0.35161746552907336,2,software
C002843,0.37228695666887046,0.08204573789777557,0.02510082434428583,0.02944322252910001,0.045357821440196136,0.25754354601078033,0.06877174275340865,0.11945014835558296,3,cloud
C002844,0.10341152564254183,0.029231003371851985,0.029081237361190414,0.029156334568249558,0.35660220479972116,0.25372346418541425,0.0441709227566542,0.15462330731437657,2,music
C002846,0.06317256583085497,0.06391390166552716,0.06627048516547376,0.06449901720014226,0.06849062084344515,0.07052107570052427,0.06791567576003743,0.535216657833995,2,none
C002847,0.06813516559265083,0.03991677547790122,0.04030563415300265,0.038165785743738884,0.020847230165704316,0.14372348938070517,0.020679250191408753,0.6282266692948881,2,none
C002849,0.045941525116889814,0.01963122179505547,0.6079229596572091,0.0454014567284519,0.017706180566291814,0.06026977326172091,0.01906484670190709,0.1840620361724739,2,insurance
C002851,0.0789005497520388,0.07954071293557421,0.07969157759466623,0.08024452601581636,0.08748513874659039,0.08683991789684728,0.11057607845986236,0.39672149859860445,4,none
C002852,0.03614449695815046,0.016942797969824747,0.16568466927557768,0.5033600787705399,0.016532207413865917,0.13463038082143225,0.010093459282171133,0.11661190950843803,0,mobile
C002853,0.022473175797581946,0.13201199970610988,0.17689644687098396,0.408050587462483,0.008038963563201888,0.009540922954726132,0.00962242868558775,0.23336547495932528,4,mobile
C002855,0.05212479037250049,0.7820555873193966,0.011434600631271297,0.06884971215827072,0.010647576985185802,0.01652583963739928,0.011523242030151912,0.04683865086582395,0,gym
C002856,0.02078445973041167,0.018862286177670905,0.0145161150126485,0.020001456345681345,0.23519071284534784,0.21532871781059443,0.38228791506735826,0.09302833701028704,1,streaming
C002859,0.255922163432943,0.2574471420717873,0.01434336456351959,0.01351268926978132,0.02602997329112228,0.01623069332920767,0.028325385440520302,0.3881885886011185,1,none
C002861,0.01640905154815863,0.01914414090660428,0.018615389749027194,0.015640011663175187,0.01623742271302315,0.011128938816513147,0.015395569931879556,0.8874294746716189,3,none
C002862,0.03651108110081725,0.10698549931930817,0.05231487864542557,0.036353122199161134,0.45385701459835803,0.015607471499960906,0.07971770053028358,0.21865323210668536,4,music
C002863,0.039906121157740226,0.06316072903217176,0.047753953664119025,0.04446845417019142,0.04551821750268608,0.04792642438228975,0.04700599105372298,0.6642601090370788,3,none
C002866,0.02306835560541904,0.2654139686674041,0.34928502564656444,0.01685465586883908,0.1280625703871742,0.012114519403761025,0.13194967272973643,0.07325123169110165,3,insurance
C002869,0.006944907171158262,0.16456807780115207,0.005846420852084005,0.09588495945212915,0.027199207165810257,0.01995487446296393,0.022317966283953956,0.6572835868107484,2,none
C002870,0.6492464841620216,0.02614045573029458,0.02749154787971579,0.026656626238795895,0.027999172068751757,0.02697866742077267,0.15203878784141417,0.06344825865823361,1,cloud
C002871,0.0072231321193798595,0.009333491380466042,0.6858883753592109,0.09713646491016531,0.009311976101955189,0.11742806203570105,0.009759024284101522,0.06391947380902024,1,insurance
C002876,0.026941810001625398,0.021936134907239342,0.07991426089926104,0.01945521038462077,0.02355070751643346,0.021121681690138023,0.021144510408637306,0.7859356841920447,2,none
C002877,0.012393375594398431,0.22120907215435515,0.012604465379518658,0.48570766708165236,0.11557080261118402,0.050961776146217844,0.04634646085880183,0.05520638017387159,0,mobile
C002879,0.014056752531750339,0.014088080310874626,0.1078023025049199,0.015220367206264879,0.2802140280881306,0.06029490177405727,0.2917685203314952,0.2165550472525071,0,streaming
C002880,0.05413067485277118,0.032030369531878586,0.03187705210586922,0.035237963777901386,0.03406509810070374,0.03147661120486889,0.03283803074179352,0.7483441996842134,2,none
C002883,0.028079107203439174,0.08035386581970744,0.21905679215424007,0.2705284127114802,0.08707094323515421,0.010302597685267135,0.08701179527647164,0.21759648591424013,2,mobile
C002884,0.01645758860393233,0.0551091744251396,0.06821145855326279,0.01606909636001163,0.13234532690180037,0.48330363005381816,0.11382135361037284,0.11468237149166234,4,software
C002885,0.28220760019990054,0.03206308407810671,0.43449789116252324,0.03489904937158424,0.039020623115763035,0.03162183551859672,0.03797805951059444,0.10771185704293117,3,insurance
C002889,0.014533669082203111,0.008818332985311747,0.013960310749550637,0.06362357374971257,0.5719121277465757,0.22671413745879715,0.025764008611595092,0.0746738396162539,3,music
C002890,0.09151652034715951,0.012365146003696268,0.0124148669248333,0.15538019822595733,0.004304439716809369,0.5314934831306554,0.007608821264549561,0.18491652438633935,0,software
C002891,0.19126695341604028,0.14328178717480344,0.4267861829292384,0.013870319204252381,0.10046341305582819,0.013879242280046503,0.01401029798957281,0.09644180395021801,0,insurance
C002892,0.01131194504348161,0.06778151821621849,0.013806192693649624,0.011724479213401045,0.028197491062376914,0.009654465065770959,0.02385683571635066,0.8336670729887508,3,none
C002894,0.06320372063269533,0.0575004182348397,0.06104265236856411,0.061914713939259056,0.065206832222953,0.06393696116348152,0.05998274528815915,0.5672119561500482,0,none
C002895,0.5481352446619593,0.020982767012654918,0.021820593589927793,0.02069571266264432,0.02356208792564148,0.02287456816573468,0.02686179196911545,0.3150672340123221,4,cloud
C002896,0.027757300162135158,0.3857651908032232,0.027339458981423446,0.029964483075774463,0.21376952124865478,0.0292181235570163,0.1228661695472916,0.16331975262448106,4,gym
C002898,0.018530131206170586,0.3495188824887882,0.01611607472628922,0.28304613519195043,0.013817102651347059,0.02901938582143772,0.04113923526137527,0.24881305265264153,4,gym
C002899,0.027624900402955226,0.028855791374033185,0.07554467016556372,0.03578410290792751,0.06910766606080562,0.030090253064936564,0.12605548856127938,0.6069371274624987,3,none
C002900,0.025141874590382862,0.0241205045030951,0.024257378660222303,0.028125107002897533,0.2709883299856039,0.22193057927919585,0.25894597973699796,0.14649024624160456,2,music
C002902,0.029983513277102244,0.028687303667153267,0.7075632314844504,0.030976869293641796,0.028757545405613566,0.028237921883263552,0.02989578366813498,0.11589783132064008,0,insurance
C002903,0.06946628242861884,0.022706574315987157,0.21582298678830822,0.026632401302854842,0.023349274202515875,0.16092191490023533,0.0239227153628497,0.45717785069863,4,none
C002907,0.027339921387265584,0.027230158016963307,0.026702600928813696,0.03395529438180904,0.05240886795502503,0.021065107376028666,0.06074783353329345,0.7505502164208012,2,none
C002908,0.00792939818653479,0.3102499185578309,0.12522766383169656,0.010667441358473192,0.34528458600390055,0.01917675048986814,0.11996101609531096,0.06150322547638492,0,music
C002909,0.04628076617994022,0.04216433237782588,0.034587741423734525,0.041300780999981135,0.044385014237165205,0.04382107165911678,0.057636878026406706,0.6898234150958296,4,none
C002910,0.013945355559369656,0.011604169608627448,0.012247104329918249,0.01321006857113822,0.004236826379620265,0.010824529724197774,0.2318290023866225,0.7021029434405059,0,none
C002912,0.012267407752649364,0.012249738535821559,0.658277210669974,0.013376022192275346,0.011436416007773214,0.18199703052648247,0.011326615546150965,0.09906955876887308,1,insurance
C002913,0.04819600006993144,0.127899449089906,0.027924532080118414,0.0462696602152102,0.02630556596898606,0.051267788835623794,0.02583908207509141,0.6462979216651326,3,none
C002916,0.053082528721427574,0.04761488279226047,0.3460563889830133,0.04745713461976,0.04407801029147616,0.28363475968799023,0.033251377537163486,0.14482491736690878,2,insurance
C002918,0.04796865527758534,0.04958623615314621,0.04966317666307196,0.05180708907277058,0.149344362388013,0.051239893529613986,0.4486176045824305,0.15177298233336847,2,streaming
C002919,0.007743628895762897,0.015110904204250375,0.012643006649073377,0.014483461158849104,0.004534287372659669,0.015878717161462087,0.08151779710462842,0.8480881974533141,0,none
C002920,0.021844713634426575,0.1614026825533989,0.01573309481506031,0.0164011843894591,0.6235492029007074,0.016578754586024848,0.01658212015907947,0.12790824696184339,1,music
C002924,0.015361814326035977,0.015343435113150256,0.5288630012101603,0.013182471852857272,0.008918945636493831,0.2852890720734053,0.016603229138454682,0.11643803064944225,4,insurance
C002926,0.025028510776280058,0.020771126443954614,0.013926497807773185,0.01091484371639835,0.008915823564101505,0.01236013893680796,0.005163395119226876,0.9029196636354575,0,none
C002927,0.00970784865337475,0.6161452762407906,0.019457739570799843,0.009285826557307862,0.17019953213387057,0.009137108284358071,0.10933849632723666,0.056728172232261564,0,gym
C002928,0.03689867730411995,0.0383724499805955,0.0258960279946465,0.0333256478467082,0.049975028174408964,0.4174722902187174,0.05925343402285769,0.33880644445794583,3,software
C002931,0.08304094078367819,0.15520722221300082,0.5745113099451317,0.016028418252734496,0.01665484868258444,0.014220276363743935,0.016309172727040144,0.12402781103208642,0,insurance
C002932,0.03198759730909035,0.03220809399773972,0.03286193681104516,0.5236972737946398,0.032941012307682184,0.1005369585388659,0.03411583699467564,0.21165129024626123,0,mobile
C002934,0.012686191778761301,0.035546630446693706,0.028682314787909148,0.02951047780859292,0.007427878137118736,0.010058907312362909,0.011918871604164586,0.8641687281243967,4,none
C002935,0.00844218963480486,0.008197773272987291,0.5665957692036354,0.007785987178617504,0.2836606339517818,0.00835419935833522,0.0717272871233259,0.045236160276511894,4,insurance
C002940,0.0110702217112644,0.01049627033692419,0.00991015018072796,0.48959669810305634,0.2454324972242487,0.07774207647813537,0.08899857040262343,0.06675351556301967,0,mobile
C002941,0.023634019431758344,0.1568177832676355,0.023218674429455577,0.02436265483876629,0.05348360582071521,0.49212305825526564,0.15382443495564235,0.07253576900076111,3,software
C002942,0.0845757117973231,0.014567298168538606,0.01424282767997161,0.4261081614851856,0.03379526546725978,0.31161497196093524,0.036225340168267686,0.07887042327251827,1,mobile
C002943,0.06497176064951438,0.06899627892392074,0.07124646378868113,0.07024738783673026,0.07133089884025405,0.0759957873683675,0.14028861497808914,0.4369228076144428,3,none
C002948,0.09182390601122009,0.024608290853416665,0.027295817277612995,0.2701114834899175,0.09189280994071428,0.04772606004970878,0.3614869209329708,0.08505471144443892,3,streaming
C002953,0.03436486550544341,0.7157304530306603,0.017234254303171288,0.03282968673985774,0.006378503692927424,0.015475151532803225,0.0077263918618905225,0.170260693333246,0,gym
C002955,0.04364774636557646,0.04492337995514088,0.03525200465187862,0.05348337378230255,0.1429294120765721,0.047847423256070304,0.3482880561086682,0.28362860380379096,2,streaming
C002957,0.01780773004058319,0.01673340829535085,0.30632524598322974,0.016557984082870382,0.034450230095155895,0.017168193128808344,0.38763845274181874,0.20331875563218293,1,streaming
C002958,0.23828503183049174,0.013852327870429304,0.013161946469646057,0.012842485618999677,0.015422977932544601,0.5976582271223827,0.015985582158006013,0.09279142099749985,2,software
C002964,0.020820902297768513,0.7241419343879492,0.0240087525503574,0.02141435656075165,0.022785303861386406,0.022734336846383554,0.024267248895746694,0.13982716459965658,4,gym
C002966,0.10475697007326627,0.025892669644219213,0.18561471779630798,0.026337362896424927,0.049953820617974,0.11268076700927501,0.1936148188973696,0.30114887306516297,4,none
C002967,0.04594258376575498,0.01672577545864961,0.01660068836425492,0.014805697545182243,0.44481257531449525,0.019869693422764206,0.3583779999786362,0.08286498615026272,4,music
C002970,0.02498989178258377,0.02406185394982671,0.03478178541567678,0.753698035237097,0.025715466539225542,0.02311819129915509,0.02862476704788207,0.08501000872855304,1,mobile
C002971,0.01005924536667191,0.011471703821809303,0.010090907862726883,0.0847988961192473,0.023813971729152904,0.08969012095592088,0.04597406070822665,0.7241010934362442,1,none
C002973,0.026123518483544918,0.18011055063546721,0.005021415129604558,0.03637014757896078,0.015254380039107883,0.007326060019867855,0.014532365260943633,0.7152615628525032,2,none
C002975,0.013916706093089017,0.45977055642161724,0.01320318897023054,0.013007363183048824,0.2425581258445434,0.01735799762734415,0.15062933162533731,0.08955673023478947,0,gym
C002977,0.02552074725595563,0.02534543661430188,0.024437981158165117,0.14681347678168746,0.44079769028341287,0.06753186863392116,0.06655747373039402,0.20299532554216193,0,music
C002987,0.4057087786548096,0.018015309878488567,0.23516680159739495,0.1823764940836462,0.017668181423363783,0.017411711719038207,0.01883821703407065,0.104814505609188,4,cloud
C002988,0.045034958471248596,0.041250964541695224,0.22601094992342713,0.04366522793812961,0.0484434758513458,0.28583068531505346,0.04667271268257814,0.26309102527652195,0,software
C002989,0.01163846274746475,0.03687987186728175,0.016516269299269904,0.07495034553914247,0.01731999312178695,0.02281050303107411,0.016492674689539032,0.803391879704441,2,none
C002990,0.036527089198642504,0.031246590727961612,0.13268930694737455,0.2722034175869257,0.028935230065516043,0.044529924319010074,0.03183804796204834,0.42203039319252134,0,none
C002994,0.024785765553500778,0.027166798766123386,0.027988756882010538,0.12012807054827684,0.14679521870324164,0.20572969398067917,0.10999992901323805,0.33740576655292964,4,none
C002996,0.022752145970842262,0.02413969990252996,0.025622251503174168,0.02381271870653516,0.21545723429164976,0.02774367124319451,0.3682591516320839,0.2922131267499903,1,streaming
C002998,0.38664396819886604,0.02795771564986293,0.02765090045536437,0.09556217422557461,0.035376337754296446,0.13298384156330484,0.03247503243507377,0.2613500297176571,4,cloud
C002999,0.06445973147209665,0.05985693760398211,0.0625474105653918,0.05910815640184862,0.12346603605596215,0.059868654221155865,0.047762637288739834,0.5229304363908229,4,none
C003001,0.041677982022716026,0.16118647153212695,0.38399745574013266,0.22887953026177205,0.012271867173564646,0.012095053132753423,0.011953685503452185,0.14793795463348203,4,insurance
C003004,0.013164771953509522,0.014888183283127788,0.15289038368552013,0.018881243905589935,0.012717277582553812,0.012567129224718861,0.015156862846225022,0.7597341475187549,3,none
C003006,0.051480713566919384,0.056644655632952304,0.04709325275022379,0.06334212900956404,0.04868556491991806,0.04691369734784896,0.2087372922738962,0.47710269449867715,3,none
C003007,0.022424808755188153,0.05204852189968546,0.039913914497337645,0.020930199281632998,0.02095446728905056,0.02047296432188929,0.02094248510470543,0.8023126388505104,4,none
C003008,0.5062993455631344,0.017407217614751454,0.017480295842234032,0.016328959469705726,0.17428087358987793,0.04517459562922984,0.1574840784501224,0.06554463384094421,4,cloud
C003009,0.6549389007346755,0.018370968381483832,0.017905396861249354,0.022711646116176813,0.018591915266116362,0.01290521510585451,0.022307079817545834,0.23226887771689778,4,cloud
C003010,0.04402070502366377,0.045110947301257365,0.047886158617121956,0.045096800595638684,0.050707128598672435,0.04728112360339001,0.04339734361237116,0.6764997926478846,3,none
C003011,0.015226718137819922,0.01562285818004869,0.6854674296821185,0.07421566519350857,0.08244586891857883,0.03972775841727973,0.01611110629782309,0.07118259517282263,3,insurance
C003015,0.019588164743674665,0.02317939476253672,0.020950383037880237,0.02356095291115239,0.11898796124925401,0.022587275151570836,0.6125018599436697,0.15864400820026148,4,streaming
C003017,0.0581019189802891,0.051362938662445,0.05347271122104536,0.27140393419948977,0.051263285272604056,0.051173598636373135,0.04965173152740307,0.41356988150035046,2,none
C003020,0.16374807891515863,0.02306344482528349,0.022833596321189437,0.43164102203663546,0.02098380036858832,0.252033665290165,0.023608140778565705,0.062088251464413914,4,mobile
C003023,0.10818548166184605,0.01849034788233883,0.01942665937783325,0.4024080718196017,0.021324192162573065,0.10774990349742028,0.029471864502869025,0.2929434790955178,2,mobile
C003024,0.01860664728698164,0.02164041058289508,0.021529325554394275,0.25132490506151695,0.42744061676306566,0.07600521384836006,0.1045402066180905,0.07891267428469578,4,music
C003025,0.15352205166814883,0.01667915226461567,0.7074326464214988,0.01597697263235813,0.017456686921029516,0.017405810017946863,0.017292426287252204,0.05423425378715001,1,insurance
C003026,0.01988307990918853,0.08538103342181852,0.4829410517277676,0.03673804386650599,0.02492100790475276,0.15059321018665883,0.026808716420905467,0.17273385656240242,4,insurance
C003031,0.026961139627261984,0.018636955159548635,0.018362327098073693,0.019347890426159114,0.06288087398836074,0.019070352299936148,0.020289447570814318,0.8144510138298453,4,none
C003034,0.06306458494000915,0.012182109608939378,0.5597629921907161,0.01194717430708077,0.17142158504223182,0.010640083477982927,0.1029336642202517,0.06804780621278816,4,insurance
C003035,0.020243040190999047,0.021387408162469458,0.03009266145856795,0.022040562402645916,0.0375348636586534,0.6779610426491539,0.03732430364225226,0.15341611783525805,0,software
C003037,0.10828190940765574,0.014903941185884326,0.014047660286992125,0.40847268697161565,0.01441465163079235,0.3313266982591791,0.015049734009331343,0.09350271824854942,4,mobile
C003038,0.15748868820811163,0.024968967548058038,0.01819309787498651,0.0453632065605235,0.04172580423585422,0.06513980388681626,0.12357007309578959,0.5235503585898602,2,none
C003041,0.014559871842836646,0.014604789139689855,0.025921794983972925,0.013654624277029672,0.021644987120285272,0.10169590016897716,0.019975387052474022,0.7879426454147345,0,none
C003044,0.032355891745404555,0.01521587689526592,0.014455449798860124,0.024059292682646234,0.056526624203893636,0.025264326052837675,0.040766396200535,0.7913561424205569,2,none
C003046,0.15516709346355667,0.06387081244489014,0.06698464939889752,0.07334225466031585,0.07578200095912818,0.06899230855121995,0.0771705866977184,0.41869029382427336,2,none
C003049,0.02194643238798384,0.11179199220145772,0.02980941968813674,0.20095691118081002,0.12597097389806508,0.05332622684444781,0.3357872971463799,0.12041074665271889,2,streaming
C003051,0.015183645175174416,0.01402885704720723,0.014011528379897557,0.1273390158773023,0.4605947895062277,0.014250738185189531,0.02286322942833048,0.3317281964006708,0,music
C003054,0.15177888978800336,0.07408304448395836,0.0771729354182156,0.07821285933360946,0.08164139147242164,0.08085606634898893,0.07848979128667316,0.3777650218681295,0,none
C003058,0.019585472970363754,0.3308790744087164,0.013998868800030444,0.014941366548137661,0.04200058811749731,0.014525005225312982,0.23169736223895207,0.3323722616909893,2,none
C003060,0.4020907705512069,0.15743491547519553,0.024293534702387255,0.0543885761993077,0.03666231396201787,0.1291984229347708,0.03570878793908492,0.160222678236029,1,cloud
C003062,0.01168232085468938,0.010329635027523798,0.007976804290568806,0.7332649371033043,0.015856114399048202,0.010656463226464076,0.11160011113585719,0.09863361396254422,4,mobile
C003065,0.010829346692814594,0.011391801613291532,0.010757576610677805,0.011577092291506367,0.686691614233117,0.08377748852962569,0.11349294915285889,0.07148213087610822,3,music
C003066,0.020283322348806136,0.02051054653646786,0.019798725598257627,0.1797439789833767,0.3530898970983127,0.19169444993811122,0.08978122588290338,0.12509785361376438,4,music
C003067,0.04247074094185156,0.028177455501250878,0.02864864621077387,0.03197314178175787,0.05294136482242861,0.5556570461577033,0.04779007588544153,0.21234152869879241,1,software
C003071,0.1189706022607272,0.5292624543435148,0.01656705760180264,0.01801647913410612,0.13065220652256165,0.016949176886822036,0.0819315801933589,0.0876504430571067,3,gym
C003072,0.009797041273133798,0.008700826687177147,0.05180493770574393,0.007930634877735517,0.022950428502109894,0.015365093954764306,0.02318566881027071,0.8602653681890648,1,none
C003073,0.0693567014950868,0.06847929052692081,0.07426125652763678,0.07180494535810925,0.07699386071430495,0.07541102430799271,0.07358708482547303,0.4901058362444757,1,none
C003075,0.015748135538183078,0.01602320759851498,0.20399107628945204,0.015238723514323664,0.4189022296347602,0.14111962711530038,0.10184025656626063,0.08713674374320504,3,music
C003076,0.010487821539452845,0.0071147661082930115,0.010903518661006632,0.7216010241187991,0.04622232255010954,0.011541499774618578,0.04733577483548479,0.1447932724122356,2,mobile
C003079,0.014673514755735438,0.40064239310309346,0.3287094391458105,0.014425184376043189,0.022216097681725243,0.1341604842635601,0.02206757977305677,0.06310530690097538,3,gym
C003083,0.03445811301721029,0.02894260107926767,0.0505404475107471,0.2060360278930215,0.0320097052486478,0.4727289512537264,0.036950462626110306,0.13833369137126894,4,software
C003084,0.08363047295306841,0.021316630818542858,0.020803865940181743,0.1747229104025797,0.07105418966921942,0.31910009170273995,0.05736256854732197,0.25200926996634593,1,software
C003085,0.16391598211599304,0.018875329822347853,0.018838812077744495,0.14230368863587284,0.32835149142174375,0.09434300267834471,0.1279360897237557,0.10543560352419759,0,music
C003086,0.08146135536392649,0.02180352221556057,0.21346233930675712,0.02135196245657728,0.44473648473933874,0.07197878662230935,0.06182863139135945,0.08337691790417105,0,music
C003095,0.23758088450903778,0.03351407145632672,0.032892900848083065,0.03310909159645349,0.01508213410726288,0.026948122238375942,0.014915945032400586,0.6059568502120596,4,none
C003096,0.009833988603682748,0.009884897815031048,0.009014685614672906,0.12013390269867938,0.026128836536636606,0.027667166599859353,0.7228419192794469,0.07449460285199105,3,streaming
C003098,0.04821431962408025,0.04712795740909509,0.05129197314225632,0.04789750422570198,0.05456225085084966,0.05339117037157001,0.051413643430170054,0.6461011809462767,1,none
C003099,0.028502323532322866,0.011560970783109345,0.011819134147003555,0.041931877999883294,0.12099192209865424,0.12779672841051973,0.1393616650792602,0.5180353779492468,1,none
C003100,0.008034913959301235,0.014094666383495477,0.026026016205419097,0.051313629936092287,0.02433654103713845,0.042285061382827976,0.06094627535892854,0.7729628957367969,3,none
C003106,0.01474224670390684,0.015357621697511124,0.6984217169005713,0.014683506947986442,0.015142254173205801,0.014000989929855111,0.021885500942397478,0.20576616270456582,0,insurance
C003108,0.01183889443300917,0.012026901660015708,0.011572708517550618,0.30177635518433027,0.1710569949995029,0.19367811911073957,0.22635812045640785,0.07169190563844392,2,mobile
C003110,0.0567582525653376,0.03702417670586809,0.39891704692898267,0.037891012280711706,0.041028987835720225,0.041455435322815495,0.042846795639077694,0.3440782927214865,1,insurance
C003112,0.026172377890313226,0.7236771899846208,0.0252360988514337,0.024920981130968207,0.02718289131369349,0.08172121721235845,0.027773185484100005,0.06331605813251212,0,gym
C003113,0.031600017718737675,0.020196350627114616,0.014086991055798293,0.021497801428932515,0.014534550656546717,0.021050056469884334,0.013276510063503857,0.8637577219794821,2,none
C003114,0.03361423732826709,0.02035420714815725,0.02198296382074231,0.02602671173431701,0.03510120740465299,0.018986924550387384,0.056715848889575066,0.7872178991239009,0,none
C003116,0.06501926911840306,0.020355335873263113,0.020516719346061578,0.021422423199571668,0.0750435436814104,0.01910269242694735,0.06987488818038876,0.7086651281739542,1,none
C003118,0.01985772449676023,0.02024741386010317,0.01975116763457853,0.019318797150406297,0.09640400510882682,0.5646281223075951,0.0957638575937883,0.16402891184794147,0,software
C003119,0.0909892020927167,0.035303520292034235,0.03539638495080706,0.034347591489582996,0.03556775464708842,0.5068218329447034,0.037126539061254446,0.2244471745218128,1,software
C003122,0.026791408173741434,0.015384576441422299,0.016222016249442136,0.683149841125332,0.14469157059728896,0.01459237258893489,0.01514130093836198,0.08402691388547634,4,mobile
C003124,0.021778387683094293,0.022692496372416097,0.019852053478135012,0.04551883451414847,0.020841176449162262,0.03643546369175512,0.02066814890143451,0.8122134389098543,3,none
C003126,0.05686863867245529,0.023739132881889224,0.021337887147737853,0.6930091291477302,0.02211275282701026,0.02175098660036283,0.02149946471998802,0.1396820080028264,1,mobile
C003127,0.04664966497445347,0.02859630490743686,0.02874716382261264,0.5719691545925797,0.028653832546398673,0.04344041223804471,0.03162598367688478,0.2203174832415891,1,mobile
C003129,0.020150808537386412,0.020943964940119894,0.7144965545102269,0.01982303404828331,0.0463169871583449,0.01828542761891372,0.019307394729292708,0.1406758284574322,3,insurance
C003132,0.022049406602580257,0.021228055109754826,0.021510748117992466,0.02368560728872496,0.05391365435801952,0.02176422457486369,0.5228531958319844,0.31299510811607995,1,streaming
C003138,0.5502851827584554,0.02356589922132251,0.02205818494075446,0.02534247388708121,0.024129312052718926,0.19036049880176664,0.02439386825878874,0.13986458007911212,3,cloud
C003139,0.012253733384861177,0.10438154657493733,0.010693983686600692,0.011430095112117223,0.0858693306973997,0.12385497382384102,0.5959847304655106,0.05553160625473209,4,streaming
C003140,0.5128693297177661,0.02879972751698765,0.009533614895129064,0.010720949664086332,0.04923295762703364,0.12202128508790738,0.052577667199285354,0.21424446829180444,3,cloud
C003143,0.02998728766801178,0.030083699489697593,0.03036456919601138,0.42926209256315595,0.030180260433175808,0.1912621171707006,0.03050903346169106,0.2283509400175559,2,mobile
C003144,0.013180878747011345,0.04669355196817642,0.11075992945024349,0.020334531376575097,0.023724449346985005,0.03484141209436123,0.016156622229134127,0.7343086247875132,2,none
C003145,0.03574800609554467,0.013834032413527068,0.014211608116362082,0.035295930022718906,0.0113188646235568,0.030637650850659587,0.018031493491601967,0.840922414386029,2,none
C003146,0.0492618666726377,0.053040049657453237,0.04778748356471067,0.04114743879339938,0.21036699573753476,0.048446088147509565,0.2389502834721397,0.3109997939546151,2,none
C003147,0.0188870502966288,0.04021732949857148,0.40575364314345097,0.24876251559368331,0.04052428216593852,0.04042489656857477,0.039954843065560776,0.16547543966759143,2,insurance
C003148,0.025578094531170607,0.00933965615101678,0.00890449822213147,0.009456318358197468,0.0077738157376300125,0.00843781506933227,0.007888444596199144,0.9226213573343222,1,none
C003149,0.3215240813762367,0.01557609258865291,0.015957999125057,0.015072641551240697,0.01609065249734306,0.46532514856994334,0.0161255679508068,0.13432781634071952,2,software
C003150,0.3694967301234903,0.059710394090517746,0.024306971464675087,0.023065676248670015,0.10039177705989523,0.02386057544850782,0.17502264611181567,0.224145229452428,3,cloud
C003152,0.016805493685049824,0.009410726000139844,0.016104678581397698,0.014598810966284445,0.016427005205058624,0.01575974983887742,0.09240165967941667,0.8184918760437754,3,none
C003153,0.02428763525946314,0.09208553615827535,0.48463111641540146,0.026046503025170566,0.10524213339780081,0.02603387237778653,0.09791448012420062,0.14375872324190156,1,insurance
C003154,0.026608300170292705,0.2404772876227348,0.027850602649787986,0.027708967080602758,0.2621674322536892,0.04529671251382976,0.260024244023648,0.10986645368541481,0,music
C003155,0.03274103693892547,0.033751370487782074,0.03694583243948706,0.04008806006408205,0.03617979690219389,0.037402525490107634,0.03459116347624959,0.7483002142011721,2,none
C003157,0.016826028593139666,0.013100672190303817,0.01636194702075231,0.016787284103815532,0.016027063307994135,0.014847360935522153,0.048763498423019996,0.8572861454254523,0,none
C003160,0.013369456655097263,0.5654206247926992,0.009286186203187819,0.013177673136518181,0.10110817365012269,0.012574535549354084,0.19713566630755058,0.08792768370547009,2,gym
C003162,0.02885124999065853,0.027725457232791947,0.6321499085818224,0.1003152911858429,0.027905518898229405,0.027590792305674322,0.026790182074759104,0.12867159973022138,2,insurance
C003163,0.42774789179888983,0.01856607027962265,0.15498024898127744,0.024049106007575156,0.040210583092180396,0.020967883966494363,0.047719406436649126,0.2657588094373111,4,cloud
C003164,0.032923230371702104,0.0283353598268757,0.02673345850438779,0.026684172507484165,0.3835903633028007,0.050688720691855496,0.34768710939365716,0.10335758540123682,0,music
C003167,0.018209039651482656,0.016304228536202666,0.020520716476692437,0.6290472902055564,0.023674678256849876,0.046937986522921984,0.13922708233604353,0.1060789780142506,4,mobile
C003176,0.02050247407231899,0.021686398346852556,0.02096080094673545,0.7133641031638307,0.02545325338297938,0.04100909251369668,0.041354082687691106,0.11566979488589506,3,mobile
C003178,0.014504765744231287,0.008310227550861665,0.06782122598689537,0.007664886240352512,0.5418206630021845,0.09058892299844748,0.18806578953582925,0.08122351894119803,2,music
C003180,0.052450019642862375,0.013741560043331689,0.7887842632984914,0.014727127670470415,0.013558266883637864,0.01327294175808805,0.014338722470439049,0.08912709823267922,4,insurance
C003184,0.08460046130609453,0.020008077216698505,0.019733614266136332,0.01616130826063678,0.09106067086966119,0.0478222714318003,0.477531152263844,0.24308244438512833,4,streaming
C003185,0.07361131719907985,0.014506100193645233,0.018636418036939852,0.012986386832196434,0.0631996759260285,0.012154935172029594,0.036019378812369454,0.7688857878277111,1,none
C003186,0.031771452565005465,0.029509609546012932,0.032362936191209134,0.03035735277413064,0.033892376692959,0.03310865714668104,0.0317180723195219,0.77727954276448,0,none
C003188,0.019763400379778088,0.017269495719272835,0.010840173098038457,0.014932214265046977,0.5569337795591625,0.0795180809870451,0.08928831055690988,0.21145454543474626,1,music
C003189,0.03269774071351638,0.02852502502966383,0.029334455834866786,0.0302172326594017,0.12564915122590692,0.05254736830586178,0.1151838790469438,0.5858451471838388,2,none
C003191,0.013098996719621465,0.25448521775743654,0.013261594679373438,0.08937562805769775,0.02045578261273385,0.012290372339341517,0.5350520569798011,0.061980350853994365,3,streaming
C003194,0.015698133955473367,0.7001583365614975,0.03667319476605784,0.013734888488306434,0.0757871448856111,0.013516298498578244,0.0344697838448836,0.10996221899959192,2,gym
C003196,0.0559562511476067,0.1212826762622842,0.014024698283949543,0.01638616387125026,0.008932013657822358,0.023398055172466823,0.6512410226492213,0.1087791189553988,4,streaming
C003197,0.016620914812897472,0.015698494446199796,0.4183827419539514,0.015974969322427604,0.03611934934957026,0.015167995895616931,0.4035341261979416,0.07850140802139496,1,insurance
C003198,0.013458700828640143,0.03646062926051852,0.5474714543811818,0.27552883599471223,0.027547576018417265,0.012578706829239929,0.029623680777401296,0.0573304159098888,4,insurance
C003201,0.04249062172454023,0.04380319517951855,0.04203175858432241,0.04259242970685016,0.045516524328358926,0.044250572866551485,0.0416584925619662,0.6976564050478921,0,none
C003202,0.027671938555065445,0.027066710920971453,0.026417705589003936,0.026101187947805218,0.5529902622727887,0.03203595473646183,0.11679909928224455,0.19091714069565877,2,music
C003203,0.01633966162760977,0.026604169998178773,0.023710809606862525,0.01777005912908043,0.7605530834947807,0.014877511903677693,0.02851579212618189,0.11162891211362833,4,music
C003205,0.01546524742247432,0.47147767190885875,0.22319180087141105,0.01768618608177174,0.07931184262484332,0.016725419874086673,0.09030877439164468,0.08583305682490945,4,gym
C003206,0.4326041141947365,0.028723808771435967,0.027328799704666888,0.027864318783370652,0.02024712694750243,0.06590423635005048,0.02153809359824186,0.3757895016499952,1,cloud
C003210,0.01736854927074796,0.12150259657389947,0.4527719274817429,0.017912939418102493,0.12271221861511053,0.01830506940937673,0.11877370816447172,0.13065299106654818,0,insurance
C003211,0.05789962083982321,0.0376293840280572,0.03666200781967065,0.047789678469991534,0.5494105503561512,0.03633299326201607,0.0576060103858512,0.1766697548384389,3,music
C003214,0.02951826051399774,0.3173832836311867,0.02816997013301957,0.028005761943681394,0.38694155449112766,0.01976169523432253,0.10601943830602364,0.0842000357466409,2,music
C003216,0.014786261742324766,0.18997590510669143,0.013663871745344267,0.05796968143275639,0.05845176909933615,0.012434874734528072,0.5831501830811004,0.06956745305791842,1,streaming
C003217,0.45697537506223984,0.3319760630437027,0.02008028174677985,0.02163742411818116,0.02112579898357158,0.0210851814372779,0.0243109013642019,0.1028089742440451,4,cloud
C003218,0.013460211862765276,0.013018261646437213,0.734160902127027,0.012708742635468596,0.09062534063491864,0.013180694234618416,0.01399923199429038,0.10884661486447438,0,insurance
C003220,0.012337322933600032,0.01389243510495028,0.017786394023572526,0.09647877061495595,0.009273356866453577,0.07316434723853926,0.011116994950330769,0.7659503782675976,4,none
C003223,0.09373275122308163,0.03261292942980117,0.022859692102013725,0.03209097612182925,0.177428476570517,0.036777213305099185,0.16961951683201676,0.43487844441564133,1,none
C003228,0.018133071035597765,0.40708812080004886,0.41496123814697006,0.016926638629728926,0.017228438659101848,0.017242123434389127,0.017370522980750328,0.09104984631341305,2,insurance
C003229,0.04024573312884196,0.03990431151027289,0.042622821986539154,0.039791729194632586,0.04215374285849537,0.04339255330747978,0.039811773695087566,0.7120773343186506,2,none
C003231,0.012760620633602273,0.06897912508037761,0.06531535818022413,0.1593811496145645,0.016537304964440183,0.006150343634196942,0.018917867367208685,0.6519582305253857,0,none
C003232,0.24110566557436325,0.008876285016777872,0.4487289663253786,0.01851149350378742,0.02050004093510301,0.019472571947357038,0.02326503899218718,0.2195399377050457,4,insurance
C003233,0.030745521659667614,0.030478484901754397,0.5384834502325576,0.02812746731905101,0.02932503967559153,0.07842435753262786,0.029603373977549884,0.23481230470120015,0,insurance
C003234,0.020884483751278413,0.02205097442042274,0.02220491342155927,0.019964393314957557,0.4338014603374827,0.022464026068063952,0.07783035468830393,0.3807993939979315,1,music
C003238,0.017631844320168576,0.0186312593933166,0.0962160634980094,0.2637592469132198,0.11717347438171653,0.11793613382130276,0.180001186456523,0.18865079121574335,3,mobile
C003240,0.029375602097433312,0.0421071671102501,0.029547312671162167,0.035551135098548514,0.11624244068408995,0.029713081573611275,0.14341195089939102,0.5740513098655137,3,none
C003242,0.017714313893471802,0.010770396561901858,0.017768394568843958,0.06938517904589872,0.033912289150684574,0.02637194954987451,0.08439954039762196,0.7396779368317026,0,none
C003243,0.11347518196937911,0.12391481806989729,0.02113329398891687,0.1649831608010633,0.020385268580844697,0.08987317211954511,0.020243584657054225,0.44599151981329943,1,none
C003244,0.014580019194245371,0.013404857734951672,0.0290744049296726,0.013239484101765758,0.7303416967385771,0.017112439020738626,0.08084196701274246,0.10140513126730642,2,music
C003246,0.024046107969574945,0.023517442326328533,0.022246580626508833,0.021595075096999955,0.019700068603048744,0.5086105983509034,0.022165996534020037,0.35811813049261554,3,software
C003247,0.08231085608925681,0.05231929642681732,0.2375005900322695,0.05018492970807239,0.04820509054543129,0.051831198744858906,0.04923894562820527,0.4284090928250886,1,none
C003248,0.024036859856022098,0.06884054119913222,0.2703895449284731,0.021785191466485297,0.015287156468891446,0.39334981755503073,0.02571908817827298,0.18059180034769204,4,software
C003249,0.6376980820094781,0.012225969489847943,0.011442987505392122,0.01534426525749482,0.04705810327006746,0.0127946909359282,0.19052370320448708,0.07291219832730436,0,cloud
C003250,0.009722059495958398,0.021658638457141728,0.08776012178336716,0.15885229113174731,0.13837041522798446,0.04350647304973225,0.449675395014203,0.09045460583986571,1,streaming
C003252,0.036126404061591066,0.03236822104482631,0.6033675401116698,0.03243635107507715,0.03163713316364015,0.031110504841354362,0.03299589826825802,0.19995794743358294,0,insurance
C003254,0.028553992429193157,0.02676844361237462,0.025229102324545,0.6526573381239233,0.02591790063620947,0.06713776813704211,0.029298842848407978,0.14443661188830434,4,mobile
C003256,0.030626595986097453,0.24527523587620553,0.06406337524901974,0.015497332994748227,0.49155091964095277,0.015541030289475104,0.04802668694859279,0.08941882301490842,0,music
C003257,0.031542288187074885,0.01573845271757173,0.03272428934936469,0.02608985035492887,0.03142437666529758,0.03011826570225442,0.029373470272843368,0.8029890067506644,4,none
C003259,0.03029233102745294,0.03357109181646564,0.03439758958568439,0.03209520631532147,0.14247980113182956,0.03317216187044565,0.5426118355407112,0.15137998271208908,4,streaming
C003260,0.039333313815078756,0.040114672465152684,0.045002862228261185,0.047189432647102486,0.036221144650540424,0.04410022777335446,0.05515010752691574,0.6928882388935943,2,none
C003261,0.0703627604306778,0.012042397834026537,0.019787065499151955,0.07427378195642094,0.009164953728111673,0.020257870721498452,0.01498869796042222,0.7791224718696905,2,none
C003266,0.04443925469828057,0.010080490665005631,0.19765948756302348,0.010039348077857531,0.07286545213308436,0.011872106197561825,0.5911549007567265,0.061888959908460044,0,streaming
C003268,0.017238022416826235,0.013289819989099769,0.00789336747152807,0.015108464482359979,0.006908984118566024,0.1063141261902161,0.009421598534907797,0.8238256167964959,4,none
C003270,0.03755262849864233,0.036826348895823396,0.039524490755921474,0.42485911100061613,0.03994050383764168,0.04239782676655754,0.03897144106286829,0.33992764918192897,0,mobile
C003278,0.03432043147416272,0.02549580966696744,0.046123390519109235,0.023013324976483934,0.02524661468591055,0.022751969146364813,0.024937611785014573,0.7981108477459868,3,none
C003280,0.03660467096043357,0.0376599007264372,0.04203572469652972,0.03733169054277376,0.03907470914025205,0.05402883287420182,0.036704363506716325,0.7165601075526555,2,none
C003281,0.015836536766114094,0.023255450979789025,0.018762974330421844,0.014833422675423107,0.11374370450573236,0.15391669880328607,0.0408966488316874,0.6187545631075461,1,none
C003282,0.05553023727668936,0.02045461105608625,0.021207828067294265,0.024931853516381733,0.04659311025476008,0.024302405630048256,0.04235480178944739,0.7646251524092926,2,none
C003283,0.022391631068298178,0.37600566267356555,0.02166563333954782,0.024521897818286724,0.14870266626336645,0.08151755740696483,0.04934537195040645,0.275849579479564,2,gym
C003285,0.07441318503123376,0.31044129408177057,0.030957972976006325,0.022667795830894497,0.0788016623125686,0.2655683612776984,0.08234407676251476,0.13480565172731301,3,gym
C003290,0.014489249502967795,0.031030566553937246,0.007105419461651565,0.013332623863108071,0.017807571238376195,0.01981085857441609,0.01752317747586337,0.8789005333296797,1,none
C003294,0.009971969070909902,0.00930263702592087,0.008533191196931151,0.1789583298511801,0.6842140148524631,0.011089333437183279,0.03951470704841989,0.058415817516991646,3,music
C003295,0.21487349823253035,0.020893097207480397,0.5486927835915889,0.019190853819129716,0.01997211833929804,0.015035603868792305,0.02134809225648027,0.13999395268469988,1,insurance
C003299,0.01639861954131356,0.015840545714806645,0.02682838794292594,0.014213122351493291,0.33492251980211774,0.1624075768762655,0.06261542474440804,0.36677380302666923,4,none
C003301,0.023886743713407592,0.027423107049283663,0.026689332852887306,0.029551584654109432,0.026047347198105954,0.6765478533819342,0.029650267498505103,0.16020376365176658,4,software
C003302,0.012097352191260981,0.06942180750069785,0.571329032068297,0.012793608792455887,0.06400883193417803,0.011363801511986061,0.14955043355257241,0.10943513244855171,4,insurance
C003303,0.03719290981007644,0.03644123868804586,0.053903375890940436,0.03649799540984599,0.03900603741328765,0.03949774404095115,0.04484452526989168,0.7126161734769609,4,none
C003305,0.017130257699394687,0.016923202056599137,0.009104539226799878,0.2558991601399785,0.01699732162184471,0.06332865537593599,0.017682339505344306,0.6029345243741027,3,none
C003306,0.019927081692862676,0.18915232816636696,0.03706293511351067,0.029162137729839575,0.0586189814786163,0.36522343776860533,0.08153415466194563,0.21931894338825283,3,software
C003308,0.03399867089810289,0.03832513460292239,0.12076632663652281,0.03599228390432428,0.12566870509668798,0.03732256613800656,0.4746334621482717,0.13329285057516135,4,streaming
C003310,0.024967658661773827,0.013378188934474624,0.014591336068330697,0.013391612297374357,0.05150843934097224,0.04739809905504465,0.051910287483159734,0.7828543781588699,1,none
C003311,0.03757505344879478,0.034831428451463475,0.034828350415500975,0.03288354683330193,0.6495858550197682,0.026800845972198957,0.02998235992945774,0.15351255992951393,4,music
C003312,0.01804031747582603,0.017281695170172737,0.009941909044756612,0.017527220893466033,0.22886884535068225,0.023086619345301932,0.2475697824222161,0.4376836102975783,4,none
C003313,0.04229313990556764,0.040014332534653224,0.041140079306964984,0.045367503907329826,0.11022025285667811,0.04918685293993557,0.06958773785413042,0.6021901006947403,1,none
C003315,0.042420212048614306,0.09274120375923338,0.038309736312424236,0.1300765089962438,0.07472138572722478,0.038131128978548666,0.0742093467613677,0.5093904774163431,3,none
C003319,0.3053681450824385,0.08399300812205396,0.01027369360046734,0.0770885518586164,0.06559756199267626,0.053027809932597175,0.34455238375187713,0.060098845659273405,4,streaming
C003322,0.7300905672079303,0.017157813658994568,0.016259151395211828,0.01025906874829815,0.01702593268991315,0.016202811296204066,0.05224568507974601,0.14075896992370188,0,cloud
C003325,0.031887457999489346,0.03187785866385584,0.030691398989322854,0.06323947127696862,0.03216121653072485,0.05616858568346105,0.03888088281104586,0.7150931280451316,3,none
C003326,0.02093249563593712,0.06782739630153317,0.025653769337875866,0.02842460017413984,0.11877875882122754,0.030946900971990158,0.3253003506076086,0.38213572814968777,3,none
C003327,0.3232530323221396,0.023518052126691433,0.009716469344778135,0.39772501287671824,0.018920051263389567,0.10610301251144937,0.022085848834196942,0.09867852072063654,4,mobile
C003330,0.12248027820820327,0.0415455607248196,0.11687464910423347,0.04198839652939391,0.0419854371386527,0.04090041172817439,0.04221381989023833,0.5520114466762843,0,none
C003332,0.008750899453972913,0.008985522969008815,0.00866039664013582,0.677939418702621,0.19592115186329712,0.008993135156662663,0.03366467416522034,0.05708480104908131,4,mobile
C003333,0.013515131765544539,0.32599942960708994,0.012757105834217458,0.014394415439938121,0.09251210055959501,0.01229805222022389,0.243696502650338,0.28482726192305313,1,gym
C003334,0.012762474217551239,0.015530480553885421,0.019371801737846694,0.19399859833848032,0.08381945505953069,0.09304480758996174,0.4168482998444041,0.16462408265833978,3,streaming
C003338,0.05542844209166394,0.03634399734948582,0.09232230234620685,0.03670050502043887,0.03509281732379699,0.03532496018601314,0.0516435794507505,0.657143396231644,1,none
C003339,0.2051731007816378,0.4177823871602965,0.059806487639514946,0.018081680969475787,0.01840211482122249,0.16017409690576773,0.019229081725181157,0.10135104999690367,3,gym
C003340,0.013216173149317533,0.012922641626665477,0.012034988859764164,0.0156134013556611,0.6627312008550912,0.028094595569135364,0.11786930855836505,0.13751769002600012,3,music
C003342,0.014825675623692334,0.5286277786544737,0.012403112236737623,0.3160952074194904,0.012335630615463309,0.012490002564382836,0.013797101548165156,0.08942549133759461,4,gym
C003343,0.33320033215610934,0.03583176570527419,0.052419397674160366,0.050831367311997874,0.05180363757350446,0.052516409452565235,0.05178155202263933,0.37161553810374925,2,none
C003345,0.02639854020997508,0.016388867050336972,0.02265527606776865,0.028186742597530522,0.026183911762326033,0.003725620509213208,0.03097356491436937,0.8454874768884801,4,none
C003346,0.024786873985702215,0.6808306737997427,0.05699417333070593,0.024436196637939916,0.017970848562166644,0.025183840803735123,0.06152903827557635,0.10826835460443099,1,gym
C003347,0.015448986049521642,0.015255540746013596,0.01460714680445056,0.05844094686674035,0.04613882683614389,0.03493055749880539,0.21114494252545968,0.6040330526728649,0,none
C003348,0.1350981275519814,0.020515252580540443,0.010617974512354534,0.01054545856873924,0.07795694927974427,0.011674666289472491,0.6531472903156529,0.0804442809015148,1,streaming
C003349,0.01980417387942232,0.6799310389543325,0.02110562516004104,0.022783940360181706,0.07826682595371603,0.02093470002030108,0.04192011289767897,0.1152535827743263,2,gym
C003352,0.018170421559098652,0.013402033615990317,0.016007212695595067,0.015390714194840708,0.016741528464810494,0.01747487760295518,0.01698961451519054,0.8858235973515189,4,none
C003354,0.18556343948588017,0.03860327645548971,0.022521569138170265,0.03874419770878831,0.03882997433081259,0.03888219164490002,0.03850208608237134,0.5983532651535877,2,none
C003355,0.18924225945178233,0.3539260781030682,0.01859718298957314,0.018488528173242695,0.05805320735138082,0.018986570599312375,0.05793808444450478,0.2847680888871357,0,gym
C003356,0.015555563465955772,0.021838916803331963,0.019065854695638706,0.13564853550405065,0.014808983983049306,0.6446420881406167,0.013740455226624211,0.13469960218073262,0,software
C003357,0.008069524526806615,0.025676325224288938,0.05158451459715214,0.011905118744537467,0.012370145082266765,0.011833433319974825,0.013009371400641859,0.8655515671043313,1,none
C003359,0.028155469528979925,0.01408464111451738,0.011965762813669742,0.012477128850599106,0.046179981119835574,0.0595677989492315,0.06139850414685477,0.766170713476312,2,none
C003361,0.03394860659851722,0.5848362878763509,0.032074099744898256,0.09669534629913659,0.033157553599711814,0.032644214993944154,0.03859531351640429,0.14804857737103677,4,gym
C003362,0.0253779764430327,0.21791798115437644,0.04133310053099957,0.07082091310867791,0.04804306875509575,0.05777855898063368,0.013481318767586847,0.5252470822595972,0,none
C003364,0.017975023005098047,0.4752063260523548,0.021286697226958525,0.08026394410267114,0.1261078069186542,0.020155193145437844,0.181125310797006,0.07787969875181944,4,gym
C003365,0.26323538157898274,0.2714174058193936,0.017505149149449076,0.017429016106744945,0.11859011470119014,0.16843968792215822,0.06258720306960959,0.0807960416524717,0,gym
C003371,0.029307170586246246,0.07610655114674522,0.02945699795755597,0.4390164782054894,0.06291823201945226,0.10273383930043252,0.10419948941652689,0.1562612413675515,0,mobile
C003372,0.018096840208361744,0.01792218840176526,0.13692396211833427,0.018160009643984527,0.008471837947215689,0.01074977983604361,0.015202019822016346,0.7744733620222786,0,none
C003373,0.06932055991916192,0.032072391499119356,0.18137351702247917,0.030644914112527104,0.19484660233112763,0.15134190286691934,0.03408274467820457,0.3063173675704609,3,none
C003374,0.05212720442333847,0.05122621075814519,0.05318908474111138,0.051991714084761,0.057718707440334416,0.056505563588340996,0.060335082376454185,0.6169064325875143,1,none
C003375,0.014300371116853509,0.113887279841142,0.15686448917276702,0.03317002070792515,0.012186364263393538,0.5841674117915172,0.01152632961003033,0.07389773349637128,3,software
C003376,0.01890014794202641,0.03323916069791955,0.018396760165779888,0.08772406277488581,0.05759519151600065,0.11785081929668287,0.3335610215040093,0.3327328361026956,2,streaming
C003378,0.13338945996666707,0.13175850699651623,0.5474417735049278,0.01426957250885772,0.0294217565697839,0.022894712146110757,0.01328503345867692,0.10753918484845958,0,insurance
C003381,0.017176491120178276,0.016969737490008914,0.16545595751529082,0.49317753042830426,0.014991886288763622,0.018482577892420006,0.016835937448799795,0.25690988181623425,3,mobile
C003382,0.03350928596515097,0.017325003453016914,0.02942724495352706,0.033787846849558434,0.03691649255351527,0.03446883071165559,0.032921356767104386,0.7816439387464713,3,none
C003383,0.01658600164477675,0.014116172570718382,0.012478066945901907,0.012776506755198504,0.8139722440670681,0.012108868196758193,0.014322028617713135,0.10364011120186505,0,music
C003385,0.01396861962620274,0.7576656250643841,0.01357160062295707,0.017361264532895715,0.014502339417473187,0.014813018185866215,0.014680659837529954,0.15343687271269113,3,gym
C003386,0.0248619929674694,0.02467008261010652,0.025784070487643154,0.6121226186250747,0.025116954048718904,0.025662593906826146,0.026519731781639147,0.235261955572522,1,mobile
C003387,0.04975363445755043,0.048305244958945365,0.04379439834157103,0.04329879976636396,0.048543234005805375,0.07404291239356359,0.07213380221857973,0.6201279738576206,2,none
C003388,0.21653460887109488,0.09164716423003853,0.02223942270081825,0.04150722811384322,0.45081432352103734,0.02563267512402851,0.06839414538223487,0.08323043205690435,1,music
C003392,0.0228396599349166,0.03426798254159617,0.022093343993899166,0.02132535524024238,0.21766759976164768,0.04682901608857987,0.07095351496320311,0.564023527475915,4,none
C003393,0.025029544493506577,0.024165783150896927,0.02361017682234278,0.02750878801803014,0.02436754325889172,0.715910402880523,0.03162970650252335,0.12777805487328556,0,software
C003396,0.028641962883151226,0.02938024006389981,0.030376300146555416,0.0335982027532392,0.05196484491402577,0.404787405322301,0.15680113011525645,0.26444991380157123,0,software
C003398,0.026739626120983396,0.025547610992464973,0.021972406851349092,0.025597880512872647,0.046595717585835125,0.6782287581447688,0.04805674241134071,0.12726125738038535,2,software
C003399,0.05110847633671309,0.00819853609383338,0.027109972275298932,0.007226627906212415,0.4284871248320232,0.3892955006389016,0.012869400620499263,0.07570436129651817,0,music
C003400,0.4561287520506463,0.01863178116418989,0.01822419717742562,0.01816766032855499,0.18092263742552916,0.0186353942510754,0.05763974920026962,0.23164982840230908,2,cloud
C003401,0.054527618454082286,0.45166399158962933,0.0541813848114461,0.05348960441981418,0.04431968012925621,0.05324091636714662,0.04488156591418331,0.2436952383144419,0,gym
C003403,0.01994171075015909,0.02201000926610968,0.02047248587348816,0.7138927624187146,0.019261475469824846,0.024907983671013774,0.021312827894462802,0.158200744656227,4,mobile
C003404,0.026389608053073305,0.026648132483062158,0.5183287060853321,0.023749619097789457,0.08342960776262895,0.02588931735274368,0.20420892729465462,0.09135608187071578,4,insurance
C003405,0.02722596417652738,0.027342869911538302,0.17519349277844615,0.026474260032238232,0.4510224447490067,0.027555560996080492,0.1215725907717615,0.14361281658440114,1,music
C003406,0.07089986521097022,0.016539757859298822,0.01616395029770891,0.23042358386343303,0.1463699879577254,0.012627895541021856,0.3427234382218088,0.16425152104803303,0,streaming
C003408,0.03754112840524741,0.04173907304968938,0.24289658399012096,0.024675184114613828,0.04047347007028963,0.16992159102190416,0.042802879632050574,0.39995008971608403,0,none
C003409,0.026387237654340284,0.01456428856237833,0.01415789673415993,0.2629947076827553,0.40463165111520294,0.01305932652222374,0.20092219203292958,0.0632826996960099,1,music
C003412,0.027084597891023653,0.02902825949784517,0.07548050559570302,0.030634455531320083,0.0608978205934467,0.06278171634899522,0.4140586637622302,0.300033980779436,3,streaming
C003414,0.02048177323939819,0.20847461953644042,0.015609510061429643,0.014978691773882953,0.008626890447374132,0.260721691169966,0.41218309754892196,0.05892372622258674,1,streaming
C003419,0.030599457038088036,0.4964674697243894,0.019374658574836834,0.02267805624226383,0.12398946695004842,0.019503174671834517,0.10153313737981505,0.1858545794187239,3,gym
C003420,0.011809887267005822,0.1707821871747566,0.5096631665007393,0.012874191599403693,0.10322739888671026,0.011664762062253108,0.0714284401162477,0.10854996639288357,0,insurance
C003421,0.040278547405412764,0.04174074346115766,0.04180573402505594,0.04097955906292039,0.04534806302665889,0.040875412314528126,0.04002083554800271,0.7089511051562634,3,none
C003422,0.013377932246623639,0.013624052887184036,0.013394555046448223,0.015784479923360916,0.38940560244612943,0.02389925191497027,0.1700069909696758,0.3605071345656076,0,music
C003423,0.030709059123891713,0.03332512698801744,0.03543329117576277,0.03231632591986534,0.0324210222417283,0.03054502803441668,0.01761037775913888,0.787639768757179,1,none
C003428,0.040423901972633236,0.02857403513047175,0.028807071433917555,0.026616787250703842,0.046497107167194116,0.6122190263155876,0.05041973992535845,0.16644233080413345,1,software
C003430,0.00807953063137839,0.2256816521341714,0.06333026123081843,0.0070494424552809375,0.03494905950689157,0.5822161326029108,0.015311690398728858,0.06338223103981955,0,software
C003431,0.07222042540657986,0.2974091084858125,0.029943829474265125,0.4241161013103434,0.04413894877931966,0.013945420746284378,0.03327956665793995,0.08494659913945513,2,mobile
C003435,0.4376042778766771,0.024739322439472213,0.16222340552786274,0.1714295601327589,0.023724663811836563,0.05075553863687564,0.023573060727158878,0.10595017084735801,2,cloud
C003437,0.019654957263354575,0.019181102560999502,0.01876081522457992,0.4503626709356634,0.34903474055710204,0.018898241573029963,0.02658017112802058,0.09752730075724994,2,mobile
C003446,0.1428954465398119,0.47427747841154466,0.037177775491631614,0.03596234916637117,0.03224791685876693,0.026043348578368992,0.06330721161355471,0.18808847333995005,0,gym
C003447,0.05900581333960212,0.0610468111779281,0.06403489826728043,0.06244375162958163,0.24833449801363802,0.06565842608416521,0.06699559347270344,0.37248020801510107,1,none
C003448,0.013209788831403103,0.016059907156880847,0.09906767865339848,0.14006731066011482,0.01474105007261997,0.015507349462688478,0.013860341230276931,0.6874865739326174,0,none
C003449,0.03337471219844008,0.49582955078229285,0.18187381000936212,0.036561794125003697,0.036408100983593567,0.04624212524344528,0.03926645200073858,0.13044345465712373,4,gym
C003453,0.03298888489720875,0.03485398098890904,0.03586528780710471,0.23489284587006057,0.03763001665059402,0.2239649871065247,0.04036577573017785,0.35943822094942035,1,none
C003455,0.020444118637586862,0.019936574518958687,0.019814640612502453,0.7347216918588808,0.024074850143570067,0.020552689803891196,0.04400727531417625,0.11644815911043367,2,mobile
C003456,0.01546867547562673,0.42924783839521335,0.015949604952147638,0.01591119456102808,0.07328795032379751,0.01516378308111622,0.37967354702738054,0.05529740618368991,0,gym
C003457,0.01706137607997603,0.2662199290868983,0.056960539857760104,0.01611629844425227,0.03340269248436304,0.012880206822960611,0.016086439781001605,0.581272517442788,0,none
C003460,0.01582417785566389,0.017223809618095248,0.018094616448217415,0.017264533679170548,0.5589171095115946,0.021588302918663357,0.1682770945585089,0.182810355410086,1,music
C003462,0.010964185040078352,0.006697396477931682,0.07597396995648367,0.06010291181141468,0.009794819205327114,0.02135821347275174,0.011882399937594327,0.8032261040984184,2,none
C003466,0.0404635965956955,0.009834520937857904,0.009038314932387631,0.19394534627598112,0.008675791801410896,0.008480136033899844,0.013739240585666486,0.7158230528371006,1,none
C003468,0.18770100455733663,0.19947213589262006,0.013534726168755111,0.01368991211004392,0.08367733923736029,0.01596761933387903,0.41267502753484686,0.07328223516515824,4,streaming
C003469,0.010632541227035816,0.017155431055408794,0.015711104214706822,0.024425764361654487,0.019913075707402566,0.02855737804300091,0.011344892214193486,0.8722598131765971,4,none
C003470,0.43563766738708337,0.09285812642436836,0.03527092072852547,0.035411019802796415,0.06157473069428218,0.04760101435394193,0.03596333673590549,0.25568318387309674,2,cloud
C003472,0.017861348280159634,0.09221892852752542,0.015152105344775546,0.01740237681582646,0.5524201191938892,0.024261983967194048,0.2105475026279307,0.070135635242699,3,music
C003473,0.012603607801515664,0.013450929481334698,0.1408129870973298,0.01333266251518784,0.17032396556555146,0.019193127486841512,0.3602169465161742,0.27006577353606476,4,streaming
C003474,0.05370238487241589,0.014109387552208101,0.019230938981321073,0.019956072808837468,0.09127245141380858,0.017843753876491508,0.4304096768522949,0.3534753336426224,4,streaming
C003475,0.023781866061984375,0.013327570299042187,0.02655065088457234,0.6126315016163056,0.018409728601494837,0.010733804043987662,0.02389999895384823,0.2706648795387646,4,mobile
C003478,0.05077560820681032,0.01820624116845803,0.15962130154984294,0.01795347651471122,0.3824029402687317,0.04418010092638253,0.2377558414688844,0.08910448989617885,4,music
C003479,0.010176889828681493,0.146307310785378,0.6299597619452699,0.009603377299293175,0.0646680477106866,0.057159973904641066,0.023914142974963432,0.058210495551086414,4,insurance
C003481,0.4224041290287427,0.014247996223026388,0.26335312545628997,0.013764377442032974,0.07031008252188949,0.09538450307294358,0.030938700775385367,0.08959708547968966,1,cloud
C003482,0.06603867935971133,0.023281088460093073,0.02507928383120228,0.023430143475503082,0.5490913262362519,0.022031978454231875,0.12153310359785391,0.16951439658515247,3,music
C003484,0.43461024893910083,0.015339855264564864,0.32563735725611637,0.014886889461364131,0.016759331687645665,0.049658926873071725,0.01690717647058783,0.12620021404754864,1,cloud
C003487,0.014837436283573875,0.12399940729232421,0.014591137899074454,0.12925697759084426,0.45726443807345263,0.043318767799972895,0.14451858125199687,0.07221325380876088,3,music
C003488,0.02564211265424918,0.030247971547774137,0.28154982205783263,0.02982061297074019,0.03085263332472727,0.018078369076773466,0.030648399220092142,0.553160079147811,3,none
C003489,0.03427991409537543,0.02027370511754953,0.01852248860137648,0.022882220333653967,0.46433220353937893,0.02071646143764782,0.17843400509661494,0.24055900177840295,3,music
C003490,0.033117414303692555,0.03332332241641384,0.4764874774882333,0.03599368275107505,0.01418146504058002,0.03260897570154394,0.010348399084155163,0.3639392632143063,4,insurance
C003491,0.011232817495237506,0.011109024779793414,0.03184713157439574,0.2170343966600888,0.011169141734819043,0.023796489891599847,0.010973194291080474,0.6828378035729852,4,none
C003492,0.02410280893572542,0.02549943408737279,0.02494401380837527,0.02396938929718425,0.0652041620145544,0.4142453831460117,0.05245141338110651,0.3695833953296696,0,software
C003493,0.03865705520823037,0.08473291465281693,0.03993192835750234,0.03764378420534335,0.03979599609274401,0.041919254450824305,0.04800943185192817,0.6693096351806105,4,none
C003494,0.012854707550960687,0.012247617372539278,0.6022809058521189,0.011276631574452956,0.07633198202730751,0.014162337664314283,0.20963723754435268,0.06120858041395359,2,insurance
C003496,0.014796829761646289,0.025135926141557553,0.02364404057650761,0.04295476379614534,0.12520400358014672,0.024608895055786985,0.3349571846203431,0.40869835646786645,4,none
C003497,0.05677821373309151,0.0493789249695373,0.05046099354312726,0.05116654293128886,0.04936533543146926,0.3323753178764356,0.04854567897347339,0.3619289925415769,2,none
C003498,0.03152340969819311,0.03226860506168319,0.03168206828664527,0.031978912827003866,0.25502408976052454,0.03867931801950393,0.13254850856955316,0.446295087776893,3,none
C003504,0.03858416515811807,0.14818700536663615,0.037699807397449055,0.038234663471975024,0.039642790406597,0.0394522779421487,0.04016506877769109,0.618034221479385,2,none
C003506,0.03235262118102952,0.031097340583068404,0.0311222828229092,0.3417347867943414,0.11364853136463252,0.1760101580088994,0.1081763146940461,0.16585796455107354,2,mobile
C003507,0.019365043223812366,0.019912564565695567,0.01859353371764467,0.03224240027378606,0.009344426418217693,0.6198245520048935,0.010470711313515995,0.2702467684824342,4,software
C003508,0.04926839983931103,0.019914019724313094,0.019840365855496304,0.02171630922367915,0.034471699825668854,0.6253983901260232,0.04424216634668171,0.1851486490588267,1,software
C003510,0.5247777050169019,0.019064363944711428,0.018421405996583567,0.01917207018128498,0.16011467035194377,0.014422629848147923,0.12992549234242812,0.11410166231799831,4,cloud
C003514,0.006228809508822243,0.006418767504018668,0.24583921715374688,0.007024849934886825,0.12085011204255877,0.005978495630117684,0.22477864534058734,0.38288110288526156,2,none
C003515,0.2107917657291385,0.010402447465083165,0.02024689740891039,0.020378887848218438,0.1145133824629532,0.01782453393368904,0.19367991495716555,0.4121621701948417,2,none
C003516,0.024441808182321396,0.023807331515798884,0.023509312139412084,0.17461004952605969,0.07318198421963676,0.022484720393554973,0.34878998849123694,0.3091748055319793,0,streaming
C003517,0.0105564834909657,0.010766962791579668,0.01097621309013851,0.2638059204978571,0.3697703942767483,0.08277064373437445,0.0186809557795714,0.23267242633876495,0,music
C003518,0.019564953915842512,0.3243213069080635,0.019386359247291055,0.4325636500164063,0.0520817749767737,0.016104967518025384,0.04916473523333737,0.08681225218426014,0,mobile
C003520,0.018794165962500595,0.018962791211373592,0.023649199516002414,0.017665056502252037,0.06254558334997183,0.01498238622497499,0.00873836658766896,0.8346624506452556,3,none
C003521,0.07532425201112726,0.030180368836537616,0.030897473499013256,0.07472567289248533,0.16415679643681505,0.423982036914054,0.09329645181322546,0.10743694759674204,0,software
C003522,0.28814232409607243,0.02729296493147764,0.08842045153290454,0.17140899627994002,0.027270578645522528,0.15499199890123896,0.027053672389145668,0.21541901322369827,2,cloud
C003526,0.01138663762934974,0.03031585624250167,0.029599108437978635,0.05908620655026888,0.5003282837945878,0.028851319192013516,0.0798535005284161,0.2605790876248837,2,music
C003528,0.017127225216184407,0.7445591096167755,0.016543805708929774,0.01577892098283637,0.06349461388498132,0.016106753794195183,0.015573204223861567,0.110816366572236,1,gym
C003529,0.008009512697198589,0.01821121569721872,0.00794056746375572,0.16543934158403206,0.007832857732741835,0.009484046063360299,0.018975305920478587,0.7641071528412142,3,none
C003531,0.6471921311382571,0.02859729583195057,0.02731807078514526,0.07129978981737853,0.02057922667865824,0.02732839902155284,0.02026078750783258,0.15742429921922485,2,cloud
C003532,0.21480955632829246,0.523972413650317,0.013330134506774097,0.02023386514253855,0.02493673219428033,0.025028250757543627,0.028972895574666868,0.14871615184558704,4,gym
C003534,0.7098316016840326,0.018398481447454325,0.017948775674364398,0.02275908547420247,0.0501187368675039,0.01852178135659909,0.01859224094952053,0.14382929654632265,3,cloud
C003537,0.017606656426112196,0.7815445250675606,0.01719813767766057,0.017968369299936355,0.01797887536708537,0.018135727130370184,0.018019449407948467,0.11154825962332629,2,gym
C003540,0.04916841338544615,0.01243593455898239,0.011985009954501661,0.019064562576362916,0.020640123453037874,0.18680034927918038,0.019088454310440178,0.6808171524820485,2,none
C003542,0.02662956335308479,0.013869164464798859,0.017785807699994147,0.3943149389147391,0.21651169381852153,0.1879712302627434,0.057241395326693804,0.0856762061594243,2,mobile
C003543,0.02935408594260084,0.02813398841376829,0.027031108186842866,0.44450600528899187,0.027746801506223464,0.2415541124460426,0.0333868596881188,0.16828703852741123,4,mobile
C003544,0.26697031121632925,0.011125165570251335,0.011152118941127184,0.5491911118110198,0.011131194332457066,0.008128901157298233,0.01086363317464849,0.13143756379686863,1,mobile
C003546,0.366967008562164,0.018362816747912635,0.3206450056421035,0.028204470155364786,0.02899635817810357,0.015411821534284416,0.15183439988226174,0.06957811929780515,3,cloud
C003549,0.05475130919947094,0.0557121588876949,0.0533977196257171,0.055163673969678764,0.06257988927669107,0.06001829664167825,0.06873453864699923,0.5896424137520697,4,none
C003550,0.05883709936651503,0.058846852448501574,0.05700315951853552,0.03126024736720707,0.1480477849536234,0.24617718546072048,0.11619284502411203,0.2836348258607849,3,none
C003553,0.038509299384532576,0.03880215924187495,0.2559747052419534,0.038040792174013585,0.38476572911468965,0.09600891838114552,0.04011362281044026,0.10778477365135004,3,music
C003558,0.02773438332692826,0.7226703807123169,0.026544412891000457,0.022658721411207297,0.023133021509830678,0.02381397682117297,0.02338973518262599,0.1300553681449173,2,gym
C003559,0.11724749706929709,0.02460670889119044,0.6513327978291922,0.024815950983343747,0.024898783695472534,0.02473913506682963,0.02631195322558307,0.10604717323909128,0,insurance
C003562,0.038324138867796766,0.45367775587586867,0.03588840225079047,0.03856355312100719,0.027409242679435113,0.06297622570666477,0.02803697101959363,0.3151237104788434,3,gym
C003563,0.015283891713866266,0.4531033650682871,0.01377446618950377,0.18563621676043074,0.046627274389958645,0.07883387217652689,0.13053826342051,0.07620265028091658,0,gym
C003567,0.017234652317528264,0.6042271489452391,0.019022566820484945,0.21569271152464264,0.018560946474958886,0.01882989160220093,0.0217775260822822,0.08465455623266302,4,gym
C003569,0.02211112342944141,0.02949932362568225,0.02725788264030931,0.03095042336183043,0.20387595581667273,0.02799273420886006,0.477652567382276,0.18065998953492782,3,streaming
C003570,0.014546502812710142,0.01456475701571968,0.013989998614474024,0.022867860096504614,0.23759156575472584,0.03384390863806225,0.5572006315373228,0.10539477553048066,3,streaming
C003573,0.016221741106802235,0.02542243139558399,0.024454760863651122,0.023479981164137017,0.04497404268752805,0.7024111333760403,0.04717917964029369,0.11585672976596358,4,software
C003576,0.00680126017312296,0.006926769945007485,0.8953286581084396,0.006166895059743386,0.006676232211316458,0.007168767932665667,0.006272241490974122,0.06465917507873031,3,insurance
C003577,0.014878720523660842,0.0168056757246184,0.017383492339882956,0.021506954816882883,0.18854560006521467,0.019851322575417385,0.6427725258848895,0.07825570806943327,4,streaming
C003579,0.508359117637504,0.04824160593305761,0.07064377196437861,0.027087332203893068,0.024409297983260976,0.17546587457077067,0.025630395049991567,0.12016260465714346,3,cloud
C003580,0.012882538531514701,0.010037874917931929,0.08355861585796202,0.010705309212599944,0.00996507597393125,0.01475409574762701,0.011725095891376242,0.8463713938670567,0,none
C003585,0.010529512416775598,0.010707944083681434,0.03281012664284853,0.008051182274864975,0.04233178609426587,0.009171973417590271,0.033855406189479575,0.8525420688804937,3,none
C003586,0.02059761022435544,0.020805584049203466,0.045011663250451577,0.020226724381504607,0.1355227577501935,0.014825981299710685,0.06210549543002777,0.680904183614553,4,none
C003590,0.0677071413195707,0.039944507505987284,0.03792484194616807,0.4410145951341824,0.04020276100687474,0.1097845419650717,0.042459270326913615,0.22096234079523144,3,mobile
C003591,0.013658934892172188,0.024801812891272982,0.014261299337626935,0.02247196155949834,0.020225698012198073,0.046100596203955575,0.010637042511430151,0.8478426545918457,1,none
C003593,0.05413265293252636,0.058609609267936444,0.05588185740824221,0.06117434081587794,0.06045429861765916,0.05931216353543545,0.05792565625263477,0.5925094211696877,0,none
C003594,0.0157635832269458,0.008301423710740937,0.014883955308094936,0.01581513969027459,0.017854521083513902,0.013968020318469856,0.582293160277024,0.33112019638493584,0,streaming
C003595,0.032430292006138034,0.029152607425806203,0.030167287869972838,0.2845922562692851,0.03235880641701308,0.03360456410616731,0.0340415570664628,0.5236526288391546,1,none
C003596,0.011004627633133115,0.16465804628413525,0.01382128784750283,0.012923787209724437,0.1746228686798657,0.4922869155230845,0.07030183452783464,0.06038063229471956,0,software
C003597,0.021669878035696387,0.02165654830321912,0.020704985677221434,0.5321094273629534,0.16512657101284717,0.05598186370666569,0.07092187387364243,0.11182885202775429,3,mobile
C003598,0.14946514954835788,0.024008737163842504,0.022749455610113167,0.025587169825302243,0.3920271719212106,0.023826703287742064,0.05403576748433743,0.3082998451590941,1,music
C003599,0.025302672360519717,0.5108353966190786,0.02480230598217145,0.023840652239847108,0.03911511871286562,0.016149701556260113,0.04361821085254558,0.31633594167671175,3,gym
C003600,0.01499186712819479,0.015645531152224043,0.01593744054923712,0.7805821888203306,0.016949950431422237,0.0273229404444766,0.016854110133353865,0.11171597134076067,0,mobile
C003607,0.06947667269039556,0.06834056414568065,0.06781353926257341,0.06710464884836002,0.035962169669019016,0.34306070620060836,0.03541088081891368,0.31283081836444926,0,software
C003609,0.030240636640747002,0.07339236484044337,0.029542437349718134,0.02970095961316213,0.039116091474820126,0.02941570629114174,0.08952889228049354,0.679062911509474,4,none
C003612,0.013249127834863351,0.013937340953473699,0.013065624634449366,0.2912647353390045,0.015418926832038563,0.0399245246607885,0.5377165212039414,0.07542319854144056,1,streaming
C003613,0.03284099293202745,0.032145097583685375,0.29549935829191876,0.08333175535331602,0.03422356771297642,0.03453378552586302,0.03503299906904507,0.4523924435311679,0,none
C003614,0.045453825022368013,0.04813635400546566,0.11244725555553321,0.059062669942724993,0.05183192662624764,0.05058822092725151,0.05138698406937704,0.5810927638510319,3,none
C003617,0.2578990127163182,0.028453957601336448,0.03514176439524323,0.03360006936809547,0.422738168849325,0.023407151447913797,0.03257291979830397,0.1661869558234638,4,music
C003619,0.01191253819783742,0.010994863725431545,0.010213280712450408,0.756468318287383,0.08669902879803223,0.032787450049207426,0.02682326608170335,0.06410125414795456,3,mobile
C003621,0.02838829092228553,0.029116613351673815,0.0288384400491824,0.6376382924612035,0.02818053503465043,0.03193686780095561,0.027711660829220434,0.18818929955082822,2,mobile
C003623,0.01645851777679277,0.02351489217948427,0.02685263583758494,0.02207807584877175,0.04377569622877269,0.16740980585610862,0.0695456984100058,0.6303646778624792,0,none
C003624,0.0336661147234257,0.03027042259866805,0.033494015222285525,0.035435084693691735,0.07129511717677744,0.07148252295485177,0.06565074173140323,0.6587059808988966,3,none
C003626,0.022660829143124558,0.023340984410455158,0.4000391369505458,0.08758454508866256,0.0237168953504998,0.2931288335438813,0.0176133274437047,0.13191544806912617,1,insurance
C003629,0.03388294105910108,0.033297836176058596,0.01700585510753716,0.03135817031724441,0.03460511552418029,0.03460601588517844,0.039566126438958196,0.7756779394917419,4,none
C003631,0.01953885290557436,0.4462609704022963,0.018825833305867894,0.2340331617225082,0.03738679253186331,0.020972340020355057,0.1259564914468485,0.09702555766468643,4,gym
C003634,0.012508377570681678,0.012474839531132279,0.08537632613362581,0.3758870908031423,0.01831613626637758,0.398196511023336,0.020900284175354337,0.07634043449634999,0,software
C003635,0.11317551036186657,0.06262627958770994,0.04220856709286639,0.017926671448956353,0.014545596189213621,0.014300606774558357,0.01470233399966529,0.7205144345451635,1,none
C003636,0.022652522782292246,0.016745256055776557,0.026055794204727686,0.06347383730101783,0.023983924387651036,0.03244611408111359,0.024420996149049884,0.7902215550383712,4,none
C003638,0.4648612745543089,0.01364984542449917,0.013057769265092053,0.012741112546794029,0.024395344869898604,0.3784003871233712,0.027590195414956532,0.06530407080107954,1,cloud
C003639,0.05123755945266594,0.019988379069949363,0.018780027051991735,0.01900584102535627,0.02191559594756049,0.009767905586770423,0.022987463696862696,0.8363172281688431,1,none
C003640,0.014953982587686002,0.13098236146833514,0.01464516772282223,0.013934707496246344,0.3318510757302273,0.2004235494654433,0.24797221380264894,0.04523694172659068,0,music
C003642,0.03867487431712947,0.03321017432241431,0.034803326782411936,0.03141443161598102,0.03812789490736973,0.034306224885567824,0.03699167164050727,0.7524714015286185,4,none
C003647,0.007068485552475608,0.03272989747084905,0.24177280338596221,0.005541719821509297,0.017542965948287456,0.007834967303562316,0.013922189173517363,0.6735869713438367,0,none
C003648,0.16574020637591594,0.01870540346289666,0.017210035121701703,0.017855525125685206,0.198105286386967,0.029528927967508556,0.4205523376498572,0.1323022779094677,3,streaming
C003649,0.015453716480181593,0.01576918038701086,0.05075544329360074,0.015166530466826061,0.8029256776131669,0.015917278549688246,0.021553788627219718,0.062458384582305994,2,music
C003652,0.022935770264647683,0.023426107544386815,0.030184785014077863,0.023925218866393247,0.026205884725442673,0.5382426813334846,0.026263972430432443,0.30881557982113467,1,software
C003653,0.03785427323405994,0.05971803425286189,0.04137991239392694,0.050678585104696354,0.040553164357941235,0.09241433272422017,0.041389827562667195,0.6360118703696263,2,none
C003654,0.027841902973191963,0.029015206401323667,0.2823814896568161,0.14920648208200774,0.04153172439938897,0.2959511058800055,0.02289193782607134,0.1511801507811948,3,software
C003658,0.01035207348312602,0.01833265164150147,0.019612588514443422,0.010002530106507146,0.014115325989735918,0.006832110024950596,0.014883390338799516,0.9058693299009359,1,none
C003659,0.09178269789348656,0.010698607067778938,0.3441678737403147,0.010678790669395385,0.021789715290659865,0.3680973455413133,0.03169650123241043,0.1210884685646409,2,software
C003660,0.2517084446893904,0.04846282353046577,0.031991093727397786,0.05279943178774478,0.03478913616729829,0.07989061468331536,0.036490278640049785,0.4638681767743378,0,none
C003661,0.007617180969275882,0.012832824844646356,0.009645345372050258,0.08973374182689213,0.12619445693525774,0.009543693367469639,0.6779000432625184,0.0665327134218896,3,streaming
C003662,0.30826371747806813,0.01672040625701431,0.015912853697012487,0.08067279715281916,0.015893736264619575,0.020212287413500493,0.030475470508553877,0.511848731228412,2,none
C003663,0.11268525441189173,0.43413277079107926,0.03449329598119387,0.031850609792137524,0.03226835190419333,0.03228962256030353,0.15301360683431803,0.16926648772488276,1,gym
C003664,0.017908597668416546,0.016418301464392347,0.015554681370957509,0.014913521180300121,0.4419740249179461,0.3423627934819057,0.029883637278519254,0.12098444263756247,4,music
C003666,0.0482652631657228,0.39163531670206625,0.010780006682994382,0.062386289273964585,0.014863652137171304,0.00837057416885532,0.3643555998608044,0.09934329800842095,3,gym
C003667,0.02532520667925768,0.6570428977687924,0.024676897644824232,0.022279895765926046,0.02419622647681447,0.022652010503217752,0.022636600803075523,0.2011902643580919,2,gym
C003669,0.2565719967777404,0.016073935516314905,0.014410951122872776,0.024611025399663897,0.06713556362665381,0.273264066263356,0.1848347709383471,0.1630976903550511,3,software
C003672,0.03547056116091376,0.034378689834126876,0.04613038060664166,0.035885501293240626,0.06279356856949762,0.03496299685346654,0.0281732182304388,0.7222050834516741,0,none
C003676,0.009639079853661884,0.01755401117804575,0.01474506450239711,0.4379734700781932,0.025697741730748715,0.02617517650724581,0.024826435236220665,0.44338902091348686,4,none
C003677,0.015857022089836935,0.014513245967003163,0.07221474277923619,0.16255707619204277,0.08687062018096577,0.03619650489198361,0.5121272101388195,0.09966357776011205,4,streaming
C003684,0.021717761987305524,0.021809206253760326,0.3044872957183085,0.0430325910229813,0.08119127264450365,0.04337583077085683,0.3478283801537294,0.13655766144855438,2,streaming
C003687,0.019903810647521218,0.022254740855779453,0.018900153665753858,0.30980417997802623,0.02269891888003931,0.22625748352386663,0.03621080094156194,0.3439699115074514,0,none
C003689,0.016146610100891606,0.01668129283351515,0.07015048859593796,0.01692474453488323,0.07849465115542627,0.015783873623187283,0.016102433890915847,0.7697159052652427,4,none
C003690,0.015844799152254365,0.5624377312038413,0.014747071902717023,0.012488983150145915,0.06666581273707327,0.13587275206769056,0.06771794199099751,0.12422490779528002,4,gym
C003693,0.015449192638299082,0.014016562526871402,0.014528712597441543,0.014094012806269533,0.023340665039306128,0.008967862082805554,0.022500349244897386,0.8871026430641094,1,none
C003696,0.015702440555640622,0.5066730163242843,0.01861429163351306,0.2635538007425855,0.01656471410059427,0.017141849363425662,0.08223582762327501,0.07951405965668162,4,gym
C003697,0.03179224108687719,0.0318065894535249,0.027098413633444084,0.03307493173292006,0.18592934060192715,0.03272150864252121,0.33312257307226734,0.324454401776518,3,streaming
C003698,0.02141383467880856,0.022295090716103614,0.022485943667102434,0.024527071040006863,0.11464833962769419,0.26484562002800166,0.42058977505280815,0.10919432518947456,3,streaming
C003699,0.14891882196548262,0.11390588853749493,0.5837594364391997,0.010027217180322484,0.015009510015219447,0.023062190316546535,0.05867064711094694,0.04664628843478733,0,insurance
C003700,0.009192716109439917,0.01214766276809006,0.010423360148216057,0.009864449840443205,0.011657058268816432,0.8690064524455277,0.012823326800029743,0.06488497361943682,4,software
C003708,0.019114423586339736,0.016422283733404527,0.01884997286847347,0.023348525685112267,0.03901236655524542,0.02427512048641664,0.016203663403192816,0.8427736436818151,0,none
C003710,0.3461221582142787,0.03254057582041893,0.03381164499640424,0.022527476174122315,0.03348650118776853,0.021309675580022218,0.03324135893548891,0.4769606090914962,0,none
C003715,0.12583829940886507,0.013833938557265975,0.6591877799761818,0.013545368065682677,0.01367352265769943,0.01387674167672897,0.013629558896603337,0.1464147907609727,2,insurance
C003716,0.038046332840413435,0.015399298769465615,0.009461255827474976,0.011289933626008986,0.00902289681252383,0.010293302646959664,0.015411913817128442,0.891075065660025,4,none
C003717,0.12755587764654047,0.020153866761305365,0.18388303512206722,0.34632039751387655,0.06746199183783004,0.027601922304536293,0.060470322124246446,0.16655258668959758,1,mobile
C003718,0.03699361194037177,0.03774068243918363,0.03913053600858332,0.07556808958930009,0.22415830053186703,0.04197681167718921,0.2545426463029036,0.2898893215106014,0,none
C003719,0.04618350340076634,0.020671920719781304,0.3586286927663085,0.021609413654232017,0.021882202676460103,0.010365570586178912,0.018777257559365896,0.501881438636907,0,none
C003722,0.04345199488361408,0.04589883506652344,0.050757606061801144,0.04363998226360073,0.016588892391138532,0.015239094387976927,0.021199124369823616,0.7632244705755216,2,none
C003723,0.2902521381799006,0.02365948568970934,0.024285431407634193,0.02276233215219029,0.019976255234491,0.14662580028917988,0.010160278031675336,0.46227827901521934,0,none
C003727,0.1359397162981198,0.015502724105215481,0.07579407965666085,0.3104647277281002,0.013137329662396332,0.34364270918711803,0.015238907214144816,0.09027980614824449,1,software
C003728,0.1321177933503084,0.021270832395575107,0.020332566219389454,0.032734149056977344,0.4862382504306614,0.008245978616994233,0.10753346884731518,0.1915269610827789,3,music
C003733,0.015220808820611498,0.01457845225271374,0.01086800699555655,0.010262787958012616,0.04685904066882186,0.03158096903943454,0.04501705799100893,0.8256128762738403,4,none
C003734,0.4455791256893852,0.018350058924411702,0.15666752947321072,0.01969058934834305,0.22484195510715865,0.018985778697006836,0.022551684627679196,0.09333327813280473,2,cloud
C003736,0.37714234413814895,0.013054822708458248,0.012390240179257307,0.3487807424145432,0.06312192918591643,0.04312176736937968,0.047389349564863244,0.09499880443943289,2,cloud
C003738,0.013425666731517363,0.014364846455698486,0.013379316935091843,0.15219000568697266,0.23075583338764416,0.032040924523500186,0.3775869375202481,0.1662564687593272,2,streaming
C003739,0.07624360431092468,0.020007789278084963,0.20076451964536202,0.021310278335939074,0.02167929250722496,0.28084768229522106,0.022134037935641348,0.3570127956916018,3,none
C003740,0.5772353425730132,0.015612208055070482,0.0151070733449848,0.02235065201576598,0.04388068340417242,0.014829816016720097,0.06735636371692236,0.2436278608733506,3,cloud
C003741,0.011610176056267947,0.014510393208578195,0.2974127846078726,0.015300160332483931,0.011520538595418007,0.015861209273694683,0.04528522788438448,0.5884995100413001,0,none
C003743,0.018188061846289325,0.6845379285064932,0.02034439132369223,0.06672692505288236,0.028501054062697026,0.01698694087640965,0.032888026578631074,0.131826671752905,4,gym
C003745,0.018483800580945207,0.05953447163266323,0.013695736161487521,0.015203689731058834,0.008181820434767817,0.019813579805454867,0.007191476329546505,0.857895425324076,0,none
C003746,0.017281154806695963,0.044987008141271934,0.42550020857018217,0.02038883668219865,0.17009808699028034,0.0647730439623656,0.14298472855424732,0.11398693229275804,0,insurance
C003748,0.017027395098360945,0.01588642127786425,0.45970524952184905,0.3803211380003171,0.018828446533804194,0.017458571400241714,0.020767019708090126,0.0700057584594726,4,insurance
C003750,0.04707033029023033,0.031592074344494854,0.03237472633687661,0.03851609324853059,0.01719353178832203,0.02515379567959674,0.030989328993725997,0.7771101193182228,2,none
C003751,0.33737993761861845,0.13560902553183374,0.3009533324801664,0.014482568330317764,0.013684549109747994,0.10024125109403247,0.014390891560920764,0.08325844427436233,4,cloud
C003753,0.01816750398782119,0.01966325613721099,0.32757191233354166,0.016843433198745737,0.017472443640212693,0.01746086531091236,0.15907569074294226,0.4237448946486131,3,none
C003754,0.023088431622783845,0.023913155950169532,0.02363022333697748,0.02404236915948135,0.5873474840885743,0.0247299788436224,0.14460178610941962,0.14864657088897143,2,music
C003756,0.2828909336043054,0.014781526645772406,0.014055419936393384,0.012219900237050177,0.01064414836991721,0.012366982032350366,0.00911821852304795,0.6439228706511632,4,none
C003764,0.16253366692832646,0.04437121544608445,0.05192577823100669,0.05375156644185548,0.05216833462763562,0.05059271172159442,0.05500826303875035,0.5296484635647465,3,none
C003765,0.009634225367275383,0.002066953995887758,0.020678897395382624,0.19469176126426868,0.10855931825346478,0.01434386436973983,0.23566822085617145,0.41435675849780945,2,none
C003766,0.03563767379200336,0.03042899396450234,0.030209227614859432,0.05593509157249965,0.05684470664104782,0.05158251963043549,0.059338234226973915,0.680023552557678,3,none
C003770,0.2317192300561539,0.014461321981472031,0.5698319488945619,0.013623704347131046,0.014354239716995051,0.01454559151160393,0.015072670844530942,0.12639129264755114,3,insurance
C003773,0.044564000669203324,0.026252898053946656,0.18942749532214354,0.023876937652115918,0.026563249055438175,0.40032312001037296,0.03306703133422739,0.2559252679025519,3,software
C003774,0.034959537013127984,0.034130050202628846,0.032920432056290125,0.33374083483633554,0.09414989327612344,0.033146778261799015,0.2556290039137595,0.18132347043993557,4,mobile
C003775,0.03510160285449353,0.021407388741315623,0.023095964834794615,0.020282702013456624,0.02193846551113822,0.0636315851491148,0.022443534563168062,0.7920987563325186,1,none
C003776,0.008692132251255247,0.009200737316340087,0.5966754839307629,0.008323462298595315,0.008912997486446762,0.30278359331550164,0.008029798091586509,0.05738179530951143,1,insurance
C003778,0.24828503957456377,0.013682212967196968,0.0072692495816121085,0.014923486658386472,0.01426012641335877,0.016419817045568576,0.021113862567135697,0.6640462051921776,4,none
C003779,0.008467909751526666,0.07579007526968927,0.013439278923268173,0.013469300728615841,0.09565736947857045,0.010344384131434257,0.13199506617023665,0.6508366155466587,0,none
C003781,0.5391136112871054,0.034109942997744835,0.03294742029666201,0.06950180949429158,0.033751810781788835,0.034622331505986696,0.03709181858209136,0.2188612550543292,3,cloud
C003784,0.03696640942965354,0.3731906391579596,0.03457177069729412,0.12783220344872484,0.04978907490229374,0.18470700655487327,0.039379267708054694,0.15356362810114615,3,gym
C003785,0.01864805124221364,0.0931928950152518,0.49886346658384034,0.019241268912576853,0.020445783232606506,0.22014384050904898,0.021197981815648033,0.10826671268881383,0,insurance
C003786,0.009071852762539787,0.009226738551364445,0.4008385711034835,0.0221253476884068,0.35836274241229876,0.017394308890225946,0.00862334389954299,0.17435709469213778,3,insurance
C003788,0.01622667868977429,0.01574757980540572,0.11774370356095154,0.015171747067449889,0.2405976240245512,0.3551185251153803,0.1670388968865475,0.07235524484993956,0,software
C003789,0.022656118207868184,0.02415436150316311,0.023154631841689227,0.032651732705022384,0.05174992567200197,0.016199851098267208,0.057502689121341245,0.7719306898506467,4,none
C003790,0.019320901104581283,0.01787956676016245,0.018379410595291853,0.14646866950629878,0.018362789339332518,0.3932876881886831,0.009796095335534952,0.37650487917011505,4,software
C003791,0.03507454935042016,0.032012349732083875,0.03271569644866152,0.0315056945665843,0.078840924149952,0.034840774676683325,0.04193536823486095,0.7130746428407538,4,none
C003792,0.027374055502875423,0.026266749518627116,0.08216559295561554,0.02912459061135118,0.12596455458247738,0.0901986341891294,0.48402872797684515,0.13487709466307884,2,streaming
C003793,0.010885960215014003,0.008320258663650049,0.18929416026412016,0.017204087551991584,0.039486105959544354,0.010104995433219733,0.6520258443408986,0.07267858757156154,2,streaming
C003799,0.035028678776393665,0.5590135291003216,0.011270415557971928,0.00946209255070595,0.05788461734305613,0.012553770620565981,0.2362033150132375,0.07858358103774724,1,gym
C003801,0.01781087618703176,0.02025657133403537,0.019193352159360518,0.4191895429196225,0.1353840530783027,0.04106009236255823,0.13142127566830886,0.21568423629078007,2,mobile
C003802,0.011197262429172973,0.012155979926483049,0.09593614579357601,0.01329973078437513,0.06407944492391202,0.011153662709057975,0.678909037122223,0.11326873631120005,1,streaming
C003805,0.10778334007115961,0.031738079983657325,0.02957501244160933,0.02898146538710985,0.13103720111217707,0.3975662628552271,0.10815905249701621,0.16515958565204344,4,software
C003806,0.010210387914656949,0.09954755489927616,0.015691412810997677,0.024480982577363294,0.09147176165487841,0.08763063536215816,0.07953412736653485,0.5914331374141345,2,none
C003807,0.021042825088956243,0.019809680996195983,0.04164111177801563,0.10722953334113108,0.4723662425372769,0.008478716957761777,0.16479401363943363,0.16463787566122867,1,music
C003808,0.05403898606933101,0.05326168520893437,0.05755241828328453,0.05565134707175451,0.058396327005214785,0.0577320084627833,0.05884290350089841,0.6045243243977991,0,none
C003809,0.030699437446384578,0.032601038422676885,0.029586503397942894,0.029392748546895393,0.1276928239309916,0.057598498137976885,0.44937834484802863,0.24305060526910313,4,streaming
C003811,0.011834379391652307,0.6824911386116804,0.01126073755256662,0.011414780912283127,0.08545975712733417,0.04581213573532557,0.08524429573127176,0.06648277493788607,0,gym
C003812,0.03230673113277263,0.029963822248005388,0.029269343513458203,0.029046421871318243,0.3006687536438771,0.04055094001187976,0.31074654368301724,0.22744744389567143,2,streaming
C003813,0.01751507817697488,0.015973450256092207,0.01585284830036748,0.0157435856975916,0.016357522811085046,0.7636088209532954,0.017772515175037615,0.13717617862955578,4,software
C003814,0.027646275017225306,0.022078719851550802,0.16506118448482304,0.026842894529127054,0.28100729612215397,0.08085691559853977,0.22874940584568348,0.16775730855089654,3,music
C003816,0.025034347778767792,0.02638578316823749,0.16219621578409515,0.024739761600418304,0.030275294427367497,0.5988637478253191,0.03603576649980052,0.09646908291599406,4,software
C003817,0.730643390271469,0.022385250004063155,0.02227976870860373,0.021998627439017412,0.015261708750440924,0.056604821620420256,0.025727040111347098,0.10509939309463842,2,cloud
C003818,0.02133116667199158,0.09209286964332639,0.020882381354909895,0.024745584480695377,0.050938553480505994,0.023414986857512,0.5678981545837404,0.19869630292731838,4,streaming
C003821,0.01541211777936433,0.019974459429643453,0.36537674133676723,0.1687320009919842,0.03012797471995824,0.18822319831622603,0.027956134391299747,0.18419737303475675,1,insurance
C003822,0.01904332349183372,0.018496897558728846,0.018965303832762955,0.41797471884390036,0.02323086602995391,0.36978314948129626,0.023262706387939362,0.10924303437358467,2,mobile
C003823,0.02386549454728733,0.024052486113036276,0.04372309377857356,0.030817389082391324,0.023811144870968907,0.024588454304864032,0.02403867250107465,0.8051032648018039,2,none
C003824,0.032008118740402235,0.0164133009230648,0.01818025851825284,0.01692205071044345,0.7358449316069665,0.016971204652577662,0.057497710227843724,0.10616242462044885,0,music
C003826,0.04168211714093365,0.042915180595365136,0.042054300960674126,0.5306598024187084,0.04153795559009417,0.05757228115443011,0.0407415534674269,0.20283680867236767,2,mobile
C003831,0.01898990540858174,0.01714300034526349,0.01583105505078316,0.03425985774987322,0.028301028385333226,0.0290256712756848,0.02275143954219874,0.8336980422422817,4,none
C003838,0.019374286402818873,0.017953089932308083,0.018850880555455467,0.09746604773624469,0.7251730998704236,0.016406650391162465,0.03535930199509264,0.06941664311649423,3,music
C003843,0.6899825865833028,0.017002286445060025,0.016990828463977,0.018820025865053137,0.1148537239516176,0.010735576198288934,0.03692920040714505,0.09468577208555551,1,cloud
C003846,0.015100237916641697,0.016574431893630753,0.016596833948983626,0.15351865107382007,0.22868913168937338,0.013264963177379761,0.3768909491299161,0.17936480117025452,0,streaming
C003848,0.05694985135333487,0.16635080590860757,0.05555338792248721,0.41317393744269015,0.03133667425974425,0.03656920317198451,0.033682096878760656,0.2063840430623908,1,mobile
C003850,0.019513177084504327,0.23954879227218506,0.556627065598926,0.022539484624946836,0.019270748510742428,0.01941281495149384,0.021375717525549336,0.10171219943165205,4,insurance
C003852,0.026204808431199024,0.028344529328763007,0.028987471755649037,0.026348526331732076,0.02813701095237208,0.7106758338711923,0.031182364736316356,0.12011945459277622,4,software
C003854,0.030065325552258992,0.03028131088885526,0.02918958612684433,0.029462507695483017,0.1481659691321937,0.03686775919000676,0.5609951562833551,0.1349723851310029,0,streaming
C003856,0.018946017879158453,0.8135216147565003,0.01633339616289476,0.015474935607504087,0.014114362041429948,0.015465116755081276,0.014603764512273895,0.09154079228515725,3,gym
C003858,0.06668598766193004,0.013514673052519558,0.012812107326307033,0.2039283082544821,0.2643235379748998,0.186907305702907,0.09206879678421051,0.15975928324274397,2,music
C003860,0.014500333483868094,0.015492446400104895,0.015587068779678281,0.013584437643034495,0.013775668843714745,0.03565491147721772,0.009582743504157793,0.881822389868224,0,none
C003862,0.035127736156370756,0.05394031410331974,0.015070348408154997,0.029854827900573734,0.02254287054562771,0.073168146474611,0.5630314160539194,0.20726434035742258,4,streaming
C003869,0.053543505780978634,0.024302057170254875,0.023843014276367383,0.023289303025683113,0.030907069226393108,0.6066310156905148,0.03203525031985313,0.20544878450995496,2,software
C003870,0.012848879872037812,0.10444064368897069,0.014025523767485774,0.04076617333428743,0.014644315054130625,0.004304551113113299,0.0107312895670865,0.7982386236028879,0,none
C003872,0.018459582593876804,0.016066854016943594,0.01619318899347893,0.016303494412143585,0.010417752714930568,0.025454856737369205,0.01665489781253921,0.8804493727187181,1,none
C003873,0.012649055047982565,0.013038985254812695,0.018822031111500753,0.7541042123105701,0.05450616042729568,0.017696890066038168,0.052607409939202474,0.07657525584259751,3,mobile
C003877,0.019028805180961436,0.019406417283180495,0.019613784673930178,0.019404975499764585,0.14525654515304012,0.5411185741549862,0.14842558290006783,0.08774531515406908,1,software
C003880,0.09325306337897733,0.01937562959941539,0.08529062579112766,0.09174021296887121,0.07294150768976759,0.07949316944087703,0.023495181857554254,0.5344106092734096,1,none
C003881,0.019689345931619907,0.31714629514332343,0.01887682532703041,0.019820760069818526,0.07182270320918985,0.02333167262008265,0.4560680056611061,0.07324439203782915,0,streaming
C003886,0.05165661594058012,0.051667112725504505,0.04754499942270985,0.5653327519299162,0.028597771815672867,0.04770677692960935,0.0202647279809337,0.18722924325507345,4,mobile
C003887,0.022301441028012507,0.7025562092340436,0.021364341813064656,0.02228801369472299,0.022193431726400453,0.02217606708550638,0.05083135207896135,0.13628914333928804,3,gym
C003888,0.5300305040698713,0.026244489076325553,0.02538654702817334,0.025955060332237836,0.05429272002161756,0.02229172873676812,0.06338345192711015,0.2524154988078962,3,cloud
C003889,0.6658259010383671,0.02157028047826099,0.09794495745904043,0.09406885990810533,0.02485012211066131,0.02243093537997395,0.02196131618550779,0.0513476274400832,2,cloud
C003891,0.0409897220319506,0.04186258184093616,0.045883859058078805,0.040382327298844854,0.028777833705643647,0.04091542665885123,0.013746849319985365,0.7474414000857093,1,none
C003892,0.13744212766504038,0.26971344924950025,0.19921290989269055,0.049247392989491184,0.04376497162945944,0.042674750378225525,0.04614015587253226,0.2118042423230604,0,gym
C003894,0.03572835488795995,0.2626924835624179,0.022926908080212895,0.03027082365722241,0.07838464338052849,0.21857548623099554,0.0805320875872638,0.27088921261339893,2,none
C003898,0.12162763458210915,0.015545127455950259,0.359657440792138,0.06307327446647913,0.15340968692013757,0.05247795375402585,0.05551114119489731,0.1786977408342627,1,insurance
C003901,0.37257219675852504,0.018560898822216197,0.017432601233412653,0.29010737753479915,0.05293999684856337,0.017709815882994858,0.15039953267529158,0.08027758024419718,3,cloud
C003907,0.032768392623080275,0.01105347988047755,0.018668035590141154,0.6593858489835724,0.018107011784328813,0.03908831975058896,0.07419577485909112,0.14673313652871955,4,mobile
C003908,0.34999271363864676,0.032450200584324476,0.032509809181565916,0.03230420262114631,0.030823938214626635,0.06646258398589172,0.03338613099439165,0.4220704207794066,0,none
C003910,0.01498561843751444,0.014231912584366797,0.014112380739980444,0.1566121326381893,0.01701905333921405,0.32727553660230935,0.017712521125297948,0.43805084453312765,3,none
C003912,0.08439458368292754,0.02221535319771078,0.06993849630776308,0.0403568552510042,0.021631985482985183,0.20447474933086152,0.03107878439871407,0.5259091923480337,1,none
C003918,0.008942533390330614,0.012080513811667356,0.010648436049605574,0.01292852633463654,0.12969346875679694,0.010059009425074846,0.014707457984433561,0.8009400542474546,0,none
C003919,0.035316284627500936,0.03287366902739318,0.0344915803290394,0.032632796389071995,0.03377466284751279,0.42033379421649086,0.036452473406641046,0.37412473915634975,1,software
C003920,0.06261928283561084,0.06370464724586308,0.06413616926277613,0.0619955835570043,0.06861057630301173,0.06738977909483543,0.08206132754599635,0.5294826341549022,4,none
C003921,0.0222648304866249,0.28502365758999637,0.02803783127528811,0.04104432299706885,0.017112804175176927,0.010049511219044863,0.008057982557298197,0.5884090596995017,0,none
C003924,0.0405263475968097,0.01923745629046321,0.012099447860057417,0.047734296232946866,0.07198466914977777,0.022222058950263336,0.14730877430660555,0.6388869496130761,2,none
C003925,0.017310716890136822,0.01887494549476724,0.2523886782094281,0.017295569632702186,0.16222831011752664,0.3550058789346696,0.08790126886165606,0.08899463185911329,3,software
C003926,0.02364078858897172,0.024276236440849364,0.024519739418113137,0.026132161470778896,0.14749740042647735,0.016058552157933892,0.6254003987910777,0.112474722705798,1,streaming
C003928,0.14744009362908322,0.00938695055966101,0.5043936275798455,0.008942819687170669,0.09067500054534636,0.1637043821264844,0.04281210189978269,0.03264502397262612,3,insurance
C003929,0.01741075013908025,0.01734392187780636,0.015000485505490057,0.20845631297786985,0.016343548353784078,0.04928278474171827,0.6381815096700836,0.03798068673416757,2,streaming
C003930,0.017338627549613527,0.01597592128626086,0.015347974531618739,0.24956104486477604,0.010548362361324403,0.027116224677087748,0.05529351513328106,0.6088183295960374,4,none
C003931,0.011682977691890115,0.010631712681074466,0.010668611246548618,0.011156757317233763,0.5945997179596678,0.023729685027601696,0.28573464107983915,0.051795896996144335,0,music
C003933,0.048567939683570316,0.041465498329454904,0.04117230706711555,0.040412858523055935,0.014714801340400988,0.5891238345259583,0.0545653418743696,0.1699774186560745,2,software
C003935,0.2731350886787989,0.014362212658720393,0.030324577712075293,0.03256077447601413,0.3392286654862682,0.042578797967087745,0.14588272497629778,0.1219271580447377,4,music
C003936,0.02406636429040493,0.07807061660730202,0.31320172720403966,0.281075986444404,0.03358031815619587,0.04297689105329669,0.029424443459298157,0.1976036527850587,3,insurance
C003938,0.014344876398515512,0.013488233504349318,0.07644805833499921,0.01396474032221689,0.22226302212491156,0.2725361111942199,0.3218350303503622,0.06511992777042537,4,streaming
C003939,0.026917303693500705,0.0252348591853361,0.027149247580352913,0.026810927431533238,0.02997989558212387,0.03055674764292688,0.25378175262357267,0.5795692662606536,0,none
C003941,0.02061683431946528,0.6079259113864244,0.022120306685414197,0.019844516347926007,0.017573875843960845,0.025928854387571084,0.03778243676120251,0.24820726426803572,3,gym
C003942,0.018662899327632546,0.01891030210384497,0.017517087865606334,0.02179837542589082,0.14469223281130944,0.02084225916866929,0.27878137213290427,0.47879547116414234,1,none
C003944,0.11996395504850302,0.021116985930442467,0.09331579393034922,0.019313378809661868,0.04054220669430811,0.4712568543005132,0.06689283412680329,0.16759799115941892,4,software
C003946,0.554873413467834,0.009791361558159989,0.24607028540645798,0.0094760280827882,0.025297567018867748,0.016966504060246343,0.09210419008632445,0.045420650319321264,2,cloud
C003947,0.013000109050093984,0.12747595821726715,0.012790128619714094,0.5991697408343234,0.059786618885565246,0.08111172300384495,0.03201437178375138,0.07465134960543979,0,mobile
C003949,0.01786402752869752,0.016974849395778244,0.014699456607140005,0.07110138691460323,0.021913540108363532,0.20904531766634118,0.01866537941015318,0.6297360423689231,1,none
C003959,0.023130605232337988,0.44939456205004624,0.307900952651367,0.024464850025868234,0.02280137261822991,0.022389786079781815,0.022464947051561455,0.12745292429080723,3,gym
C003961,0.4290410358075336,0.047461756207586324,0.1692636753218441,0.0444392582941564,0.07348206109197811,0.04342187960872769,0.04510471646551119,0.1477856172026626,0,cloud
C003963,0.0313074011424891,0.03414855734273104,0.034817346494292696,0.03344266015016039,0.2668407083624176,0.03515428559837061,0.07999156639845721,0.4842974745110814,3,none
C003964,0.018552351682691853,0.031389615081503244,0.12673802887084662,0.03137475440932719,0.16841674633216208,0.3036302387939174,0.19350432553329852,0.12639393929625306,3,software
C003965,0.026264969377768444,0.24072027010806527,0.36303676842111643,0.022884657158217612,0.053709373372355734,0.020531318516564086,0.20006414065764994,0.07278850238826266,3,insurance
C003966,0.7699985802071767,0.015681545453243115,0.01765853158545641,0.01601244425770574,0.015104397417926203,0.05551427209356392,0.015255131860057435,0.09477509712487049,0,cloud
C003967,0.031483013499142024,0.13503952198016467,0.44067904952527015,0.012085398488332157,0.012235243470173008,0.213084027174378,0.02825261867829485,0.1271411271842452,0,insurance
C003970,0.015717210900703344,0.015131315787966127,0.012941165455577459,0.014695223895691525,0.26750097524247285,0.3620631101407463,0.16153561959308743,0.15041537898375493,2,software
C003976,0.05630709096525539,0.007608650080124122,0.010079850759838988,0.016429769117512913,0.06402720833583685,0.021533545226160158,0.013702496913965473,0.8103113886013061,1,none
C003978,0.032627231215248576,0.031158451571444985,0.02973778993976303,0.030298664082764087,0.5236471363380798,0.049871545272784354,0.17652861646708587,0.12613056511282933,3,music
C003980,0.02992675717648494,0.09019177702041836,0.01501698507702488,0.01709217629234034,0.2337733276619579,0.026942474475589756,0.30756473383815613,0.2794917684580276,2,streaming
C003981,0.3546965837851702,0.017856055421426223,0.019464982878766607,0.016971671254586016,0.01799215693586042,0.45309238665273244,0.01883944226019748,0.10108672081126056,3,software
C003982,0.03547062897654013,0.03640615871857828,0.03643222450252137,0.20800310583130005,0.2409526502143352,0.24497998400981347,0.07037691863021972,0.12737832911669186,2,software
C003985,0.016328034903733978,0.08087484283323139,0.015416940819816993,0.07037135030342923,0.16168194958609217,0.060975939235731955,0.36833509732678454,0.22601584499117966,3,streaming
C003986,0.021143887328785478,0.6957834077740468,0.021981987691003457,0.021267033082623357,0.02193301084497382,0.021846233714059762,0.09056299991548704,0.1054814396490204,0,gym
C003987,0.04939044962786813,0.03773570136523964,0.0901227798613935,0.01559469082053634,0.009250905227736162,0.01016258380887928,0.012769398901116504,0.7749734903872305,4,none
C003988,0.03789892688145266,0.03975740965487094,0.04109718916659387,0.2535250716398445,0.04749626946760746,0.04387753237346199,0.060783729865153235,0.4755638709510154,4,none
C003990,0.033159551165465664,0.055871889593249124,0.03416155479462853,0.03936279901125932,0.5133252739497967,0.04274743513128537,0.08997513081829239,0.1913963655360229,4,music
C003991,0.06557357257721519,0.184859357919712,0.06504853313329986,0.06553780095322737,0.07026962373944047,0.07367846094968741,0.06645145512945479,0.40858119559796297,3,none
C003992,0.07206408469583155,0.02801700138872083,0.029501171923808803,0.027528739768650733,0.10242268733757774,0.028283635555709633,0.5993720002948368,0.11281067903486389,2,streaming
C003993,0.017638117944525113,0.008878756213073612,0.1210836552388121,0.016127573411612264,0.01803936963684918,0.7413479308664729,0.01843899565834309,0.058445601030311885,4,software
C003994,0.04642658618650538,0.12652643464769034,0.045483688562391156,0.04611158840235001,0.04670058966932206,0.030737377627901533,0.04353042894562201,0.6144833059582175,4,none
C003995,0.01641534513778433,0.10344540116449363,0.015740885690356383,0.01593600862053837,0.015019530399279824,0.09174783940885368,0.20886111749691105,0.5328338720817827,0,none
C003999,0.5738505382990653,0.02400414295086837,0.02205879221830546,0.02521636476497683,0.02394369220698609,0.07675379066145784,0.023049710331926255,0.2311229685664139,1,cloud
